Workbook
Name Diff_: [1]set_validations_!$A$2:$A$401
Name gang_: [1]set_validations_!$D$2:$D$201
Name Loop_back: [1]set_validations_!$E$2:$E$201
Name Match_: [1]set_validations_!$B$2:$B$201
Name Share_: [1]set_validations_!$C$2:$C$201
Name Time_Domain: [1]set_validations_!$F$2:$F$201

Sheet TITLE
F6: INTEL
F7: X74B SRAM/COLL CMT TIU
F8: R&D-ALTANOVA JOB # 4651
F13: FILE NAME | G13: Revision History | H13: COMMENTS | I13: Date
F14: INTEL-4651-X74B SRAM_COLL CMT_TIU--NETLIST-01.xlsx | G14: FIRST RELEASE | H14: released from design end. | I14: 41867
F15: INTEL-4651-X74B SRAM_COLL CMT_TIU-NETLIST-02.xlsx | G15: SECOND RELEASE | H15: UPDATE THE TCI CONNECTIONS | I15: 41914
F16: INTEL-4651-X74B SRAM_COLL CMT_TIU-NETLIST-05 | G16: THIRD RELEASE | H16: CHECK AND RELEASED WITH QA. | I16: 41961
F17: INTEL-4651-X74B SRAM_COLL CMT_TIU-NETLIST-06 | G17: FOURTH RELEASE | H17: CHECK AND RELEASED WITH QA. AFTER ASSIGMENT CHANGES DUE TO LEGNTH MATCHING | I17: 41962
F18: INTEL-4651-X74B SRAM_COLL CMT_TIU-NETLIST-07 | G18: FIFTH RELEASE | H18: 1) Ground Connection Remove from the DUT Pins T5, C5, AM13, N7 and P3 on sheet "GROUND". 2) Added NO Conect DUT pins T5, C5, AM13, N7 and P3 on sheet "NO CONNECT PINS". | I18: 41963
F19: INTEL-4651-X74B SRAM_COLL CMT_TIU-NETLIST-08 | G19: SIXTH RELEASE | H19: SWAP TESTER CHANNEL "J1506_PIN29" AND "J1506_PIN30" ON SHEET "DIRECT TESTER" | I19: 41964

Sheet DIRECT TESTER
E2: SITE-1 | G2: SITE-3 | I2: SITE-5 | K2: SITE-7
C3: CUSTOMER PINLIST | E3: R&D-ALTANOVA ASSIGNMENT | G3: R&D-ALTANOVA ASSIGNMENT | I3: R&D-ALTANOVA ASSIGNMENT | K3: R&D-ALTANOVA ASSIGNMENT
C5: Ball Location | D5: Ball Name | E5: 800 MDM | F5: 800 MDM THROUGH RESISTOR | G5: 800 MDM | H5: 800 MDM THROUGH RESISTOR | I5: 800 MDM | J5: 800 MDM THROUGH RESISTOR | K5: 800 MDM | L5: 800 MDM THROUGH RESISTOR
C6: T38 | D6: VCCADCREF | E6: =VLOOKUP("U1."&C6,'PIN REPORT'!$A:$G,7,0) -> J1601_PIN26 | G6: =VLOOKUP("U3."&C6,'PIN REPORT'!$A:$G,7,0) -> J1801_PIN37 | I6: =VLOOKUP("U5."&C6,'PIN REPORT'!$A:$G,7,0) -> J1707_PIN100 | K6: =VLOOKUP("U7."&C6,'PIN REPORT'!$A:$G,7,0) -> J1507_PIN96
C7: A37 | D7: XACTVCCGMON | E7: =VLOOKUP("U1."&C7,'PIN REPORT'!$A:$G,7,0) -> J1601_PIN09 | G7: =VLOOKUP("U3."&C7,'PIN REPORT'!$A:$G,7,0) -> J1802_PIN62 | I7: =VLOOKUP("U5."&C7,'PIN REPORT'!$A:$G,7,0) -> J1707_PIN91 | K7: =VLOOKUP("U7."&C7,'PIN REPORT'!$A:$G,7,0) -> J1508_PIN81
C8: U36 | D8: XACTVSSMON | E8: =VLOOKUP("U1."&C8,'PIN REPORT'!$A:$G,7,0) -> J1601_PIN24 | G8: =VLOOKUP("U3."&C8,'PIN REPORT'!$A:$G,7,0) -> J1801_PIN14 | I8: =VLOOKUP("U5."&C8,'PIN REPORT'!$A:$G,7,0) -> J1706_PIN21 | K8: =VLOOKUP("U7."&C8,'PIN REPORT'!$A:$G,7,0) -> J1506_PIN35
C9: C37 | D9: XADCANA[0] | E9: =VLOOKUP("U1."&C9,'PIN REPORT'!$A:$G,7,0) -> J1601_PIN16 | G9: =VLOOKUP("U3."&C9,'PIN REPORT'!$A:$G,7,0) -> J1801_PIN25 | I9: =VLOOKUP("U5."&C9,'PIN REPORT'!$A:$G,7,0) -> J1708_PIN46 | K9: =VLOOKUP("U7."&C9,'PIN REPORT'!$A:$G,7,0) -> J1508_PIN77
C10: V40 | D10: XADCANA[1] | E10: =VLOOKUP("U1."&C10,'PIN REPORT'!$A:$G,7,0) -> J1602_PIN73 | G10: =VLOOKUP("U3."&C10,'PIN REPORT'!$A:$G,7,0) -> J1801_PIN39 | I10: =VLOOKUP("U5."&C10,'PIN REPORT'!$A:$G,7,0) -> J1705_PIN51 | K10: =VLOOKUP("U7."&C10,'PIN REPORT'!$A:$G,7,0) -> J1504_PIN124
C11: V39 | D11: XADCANA[2] | E11: =VLOOKUP("U1."&C11,'PIN REPORT'!$A:$G,7,0) -> J1601_PIN36 | G11: =VLOOKUP("U3."&C11,'PIN REPORT'!$A:$G,7,0) -> J1801_PIN01 | I11: =VLOOKUP("U5."&C11,'PIN REPORT'!$A:$G,7,0) -> J1705_PIN81 | K11: =VLOOKUP("U7."&C11,'PIN REPORT'!$A:$G,7,0) -> J1504_PIN112
C12: J38 | D12: XADCANA[3] | E12: =VLOOKUP("U1."&C12,'PIN REPORT'!$A:$G,7,0) -> J1601_PIN05 | G12: =VLOOKUP("U3."&C12,'PIN REPORT'!$A:$G,7,0) -> J1802_PIN84 | I12: =VLOOKUP("U5."&C12,'PIN REPORT'!$A:$G,7,0) -> J1705_PIN50 | K12: =VLOOKUP("U7."&C12,'PIN REPORT'!$A:$G,7,0) -> J1504_PIN116
C13: AA33 | D13: XADCDIG[0] | E13: =VLOOKUP("U1."&C13,'PIN REPORT'!$A:$G,7,0) -> J1602_PIN74 | G13: =VLOOKUP("U3."&C13,'PIN REPORT'!$A:$G,7,0) -> J1801_PIN05 | I13: =VLOOKUP("U5."&C13,'PIN REPORT'!$A:$G,7,0) -> J1704_PIN91 | K13: =VLOOKUP("U7."&C13,'PIN REPORT'!$A:$G,7,0) -> J1503_PIN27
C14: Y33 | D14: XADCDIG[1] | E14: =VLOOKUP("U1."&C14,'PIN REPORT'!$A:$G,7,0) -> J1601_PIN18 | G14: =VLOOKUP("U3."&C14,'PIN REPORT'!$A:$G,7,0) -> J1801_PIN15 | I14: =VLOOKUP("U5."&C14,'PIN REPORT'!$A:$G,7,0) -> J1704_PIN124 | K14: =VLOOKUP("U7."&C14,'PIN REPORT'!$A:$G,7,0) -> J1504_PIN115
C15: T34 | D15: XADCDIG[10] | E15: =VLOOKUP("U1."&C15,'PIN REPORT'!$A:$G,7,0) -> J1601_PIN37 | G15: =VLOOKUP("U3."&C15,'PIN REPORT'!$A:$G,7,0) -> J1801_PIN03 | I15: =VLOOKUP("U5."&C15,'PIN REPORT'!$A:$G,7,0) -> J1705_PIN49 | K15: =VLOOKUP("U7."&C15,'PIN REPORT'!$A:$G,7,0) -> J1504_PIN114
C16: T33 | D16: XADCDIG[11] | E16: =VLOOKUP("U1."&C16,'PIN REPORT'!$A:$G,7,0) -> J1603_PIN87 | G16: =VLOOKUP("U3."&C16,'PIN REPORT'!$A:$G,7,0) -> J1803_PIN90 | I16: =VLOOKUP("U5."&C16,'PIN REPORT'!$A:$G,7,0) -> J1706_PIN08 | K16: =VLOOKUP("U7."&C16,'PIN REPORT'!$A:$G,7,0) -> J1506_PIN37
C17: Y34 | D17: XADCDIG[2] | E17: =VLOOKUP("U1."&C17,'PIN REPORT'!$A:$G,7,0) -> J1601_PIN17 | G17: =VLOOKUP("U3."&C17,'PIN REPORT'!$A:$G,7,0) -> J1801_PIN27 | I17: =VLOOKUP("U5."&C17,'PIN REPORT'!$A:$G,7,0) -> J1704_PIN92 | K17: =VLOOKUP("U7."&C17,'PIN REPORT'!$A:$G,7,0) -> J1504_PIN113
... C88: AR28 | D88: XDDR_PRBSRST | E88: =VLOOKUP("U1."&C88,'PIN REPORT'!$A:$G,7,0) -> J1608_PIN70 | G88: =VLOOKUP("U3."&C88,'PIN REPORT'!$A:$G,7,0) -> J1805_PIN67 | I88: =VLOOKUP("U5."&C88,'PIN REPORT'!$A:$G,7,0) -> J1704_PIN98 | K88: =VLOOKUP("U7."&C88,'PIN REPORT'!$A:$G,7,0) -> J1503_PIN08
C89: AV7 | D89: XDDR_RCOMP[0] | E89: =VLOOKUP("U1."&C89,'PIN REPORT'!$A:$G,7,0) -> U1_XDDR_RCOMP[0] | F89: =VLOOKUP(E89,WORKING!$D:$H,5,0) -> J1609_PIN114 | G89: =VLOOKUP("U3."&C89,'PIN REPORT'!$A:$G,7,0) -> U3_XDDR_RCOMP[0] | H89: =VLOOKUP(G89,WORKING!$D:$H,5,0) -> J1807_PIN20 | I89: =VLOOKUP("U5."&C89,'PIN REPORT'!$A:$G,7,0) -> U5_XDDR_RCOMP[0] | J89: =VLOOKUP(I89,WORKING!$D:$H,5,0) -> J1704_PIN88 | K89: =VLOOKUP("U7."&C89,'PIN REPORT'!$A:$G,7,0) -> U7_XDDR_RCOMP[0] | L89: =VLOOKUP(K89,WORKING!$D:$H,5,0) -> J1502_PIN84
C90: AU7 | D90: XDDR_RCOMP[1] | E90: =VLOOKUP("U1."&C90,'PIN REPORT'!$A:$G,7,0) -> U1_XDDR_RCOMP[1] | F90: =VLOOKUP(E90,WORKING!$D:$H,5,0) -> J1609_PIN103 | G90: =VLOOKUP("U3."&C90,'PIN REPORT'!$A:$G,7,0) -> U3_XDDR_RCOMP[1] | H90: =VLOOKUP(G90,WORKING!$D:$H,5,0) -> J1808_PIN60 | I90: =VLOOKUP("U5."&C90,'PIN REPORT'!$A:$G,7,0) -> U5_XDDR_RCOMP[1] | J90: =VLOOKUP(I90,WORKING!$D:$H,5,0) -> J1705_PIN46 | K90: =VLOOKUP("U7."&C90,'PIN REPORT'!$A:$G,7,0) -> U7_XDDR_RCOMP[1] | L90: =VLOOKUP(K90,WORKING!$D:$H,5,0) -> J1503_PIN02
C91: Y4 | D91: XDDR_RX_N | E91: =VLOOKUP("U1."&C91,'PIN REPORT'!$A:$G,7,0) -> J1608_PIN51 | G91: =VLOOKUP("U3."&C91,'PIN REPORT'!$A:$G,7,0) -> J1808_PIN71 | I91: =VLOOKUP("U5."&C91,'PIN REPORT'!$A:$G,7,0) -> J1708_PIN80 | K91: =VLOOKUP("U7."&C91,'PIN REPORT'!$A:$G,7,0) -> J1507_PIN95
C92: Y5 | D92: XDDR_RX_P | E92: =VLOOKUP("U1."&C92,'PIN REPORT'!$A:$G,7,0) -> J1609_PIN93 | G92: =VLOOKUP("U3."&C92,'PIN REPORT'!$A:$G,7,0) -> J1808_PIN84 | I92: =VLOOKUP("U5."&C92,'PIN REPORT'!$A:$G,7,0) -> J1709_PIN19 | K92: =VLOOKUP("U7."&C92,'PIN REPORT'!$A:$G,7,0) -> J1507_PIN97
C93: AL30 | D93: XDDR_SCANMODE | E93: =VLOOKUP("U1."&C93,'PIN REPORT'!$A:$G,7,0) -> J1606_PIN119 | G93: =VLOOKUP("U3."&C93,'PIN REPORT'!$A:$G,7,0) -> J1805_PIN72 | I93: =VLOOKUP("U5."&C93,'PIN REPORT'!$A:$G,7,0) -> J1704_PIN89 | K93: =VLOOKUP("U7."&C93,'PIN REPORT'!$A:$G,7,0) -> J1503_PIN26
C94: AM28 | D94: XDDR_SCLKA | E94: =VLOOKUP("U1."&C94,'PIN REPORT'!$A:$G,7,0) -> J1603_PIN120 | G94: =VLOOKUP("U3."&C94,'PIN REPORT'!$A:$G,7,0) -> J1803_PIN103 | I94: =VLOOKUP("U5."&C94,'PIN REPORT'!$A:$G,7,0) -> J1704_PIN101 | K94: =VLOOKUP("U7."&C94,'PIN REPORT'!$A:$G,7,0) -> J1504_PIN121
C95: AN28 | D95: XDDR_SCLKB | E95: =VLOOKUP("U1."&C95,'PIN REPORT'!$A:$G,7,0) -> J1603_PIN109 | G95: =VLOOKUP("U3."&C95,'PIN REPORT'!$A:$G,7,0) -> J1804_PIN14 | I95: =VLOOKUP("U5."&C95,'PIN REPORT'!$A:$G,7,0) -> J1705_PIN65 | K95: =VLOOKUP("U7."&C95,'PIN REPORT'!$A:$G,7,0) -> J1504_PIN118
C96: AN30 | D96: XDDR_SRAMEN | E96: =VLOOKUP("U1."&C96,'PIN REPORT'!$A:$G,7,0) -> J1609_PIN113 | G96: =VLOOKUP("U3."&C96,'PIN REPORT'!$A:$G,7,0) -> J1802_PIN74 | I96: =VLOOKUP("U5."&C96,'PIN REPORT'!$A:$G,7,0) -> J1704_PIN90 | K96: =VLOOKUP("U7."&C96,'PIN REPORT'!$A:$G,7,0) -> J1502_PIN43
C97: AV33 | D97: XDDR_SUPDATE | E97: =VLOOKUP("U1."&C97,'PIN REPORT'!$A:$G,7,0) -> J1604_PIN17 | G97: =VLOOKUP("U3."&C97,'PIN REPORT'!$A:$G,7,0) -> J1802_PIN67 | I97: =VLOOKUP("U5."&C97,'PIN REPORT'!$A:$G,7,0) -> J1705_PIN56 | K97: =VLOOKUP("U7."&C97,'PIN REPORT'!$A:$G,7,0) -> J1505_PIN62
C98: AN31 | D98: XDDR_TDI | E98: =VLOOKUP("U1."&C98,'PIN REPORT'!$A:$G,7,0) -> J1609_PIN112 | G98: =VLOOKUP("U3."&C98,'PIN REPORT'!$A:$G,7,0) -> J1806_PIN104 | I98: =VLOOKUP("U5."&C98,'PIN REPORT'!$A:$G,7,0) -> J1703_PIN04 | K98: =VLOOKUP("U7."&C98,'PIN REPORT'!$A:$G,7,0) -> J1501_PIN109
C99: AM11 | D99: XDDR_TDO | E99: =VLOOKUP("U1."&C99,'PIN REPORT'!$A:$G,7,0) -> J1605_PIN59 | G99: =VLOOKUP("U3."&C99,'PIN REPORT'!$A:$G,7,0) -> J1807_PIN30 | I99: =VLOOKUP("U5."&C99,'PIN REPORT'!$A:$G,7,0) -> J1707_PIN104 | K99: =VLOOKUP("U7."&C99,'PIN REPORT'!$A:$G,7,0) -> J1507_PIN105
C100: W4 | D100: XDDR_TX_N | E100: =VLOOKUP("U1."&C100,'PIN REPORT'!$A:$G,7,0) -> J1609_PIN91 | G100: =VLOOKUP("U3."&C100,'PIN REPORT'!$A:$G,7,0) -> J1808_PIN80 | I100: =VLOOKUP("U5."&C100,'PIN REPORT'!$A:$G,7,0) -> J1709_PIN20 | K100: =VLOOKUP("U7."&C100,'PIN REPORT'!$A:$G,7,0) -> J1507_PIN123
C101: W5 | D101: XDDR_TX_P | E101: =VLOOKUP("U1."&C101,'PIN REPORT'!$A:$G,7,0) -> J1608_PIN49 | G101: =VLOOKUP("U3."&C101,'PIN REPORT'!$A:$G,7,0) -> J1808_PIN76 | I101: =VLOOKUP("U5."&C101,'PIN REPORT'!$A:$G,7,0) -> J1708_PIN53 | K101: =VLOOKUP("U7."&C101,'PIN REPORT'!$A:$G,7,0) -> J1507_PIN99
C102: AK28 | D102: XDDR_UPDATE | E102: =VLOOKUP("U1."&C102,'PIN REPORT'!$A:$G,7,0) -> J1603_PIN112 | G102: =VLOOKUP("U3."&C102,'PIN REPORT'!$A:$G,7,0) -> J1803_PIN117 | I102: =VLOOKUP("U5."&C102,'PIN REPORT'!$A:$G,7,0) -> J1704_PIN103 | K102: =VLOOKUP("U7."&C102,'PIN REPORT'!$A:$G,7,0) -> J1504_PIN97
... C261: AL36 | D261: XPCIPLLIN6 | E261: =VLOOKUP("U1."&C261,'PIN REPORT'!$A:$G,7,0) -> J1604_PIN25 | G261: =VLOOKUP("U3."&C261,'PIN REPORT'!$A:$G,7,0) -> J1801_PIN11 | I261: =VLOOKUP("U5."&C261,'PIN REPORT'!$A:$G,7,0) -> J1705_PIN70 | K261: =VLOOKUP("U7."&C261,'PIN REPORT'!$A:$G,7,0) -> J1505_PIN81
C262: AM36 | D262: XPCIRCOMP | E262: =VLOOKUP("U1."&C262,'PIN REPORT'!$A:$G,7,0) -> U1_XPCIRCOMP | F262: =VLOOKUP(E262,WORKING!$D:$H,5,0) -> J1606_PIN94 | G262: =VLOOKUP("U3."&C262,'PIN REPORT'!$A:$G,7,0) -> U3_XPCIRCOMP | H262: =VLOOKUP(G262,WORKING!$D:$H,5,0) -> J1807_PIN34 | I262: =VLOOKUP("U5."&C262,'PIN REPORT'!$A:$G,7,0) -> U5_XPCIRCOMP | J262: =VLOOKUP(I262,WORKING!$D:$H,5,0) -> J1702_PIN50 | K262: =VLOOKUP("U7."&C262,'PIN REPORT'!$A:$G,7,0) -> U7_XPCIRCOMP | L262: =VLOOKUP(K262,WORKING!$D:$H,5,0) -> J1503_PIN21
C263: AL38 | D263: XPCIRESERVED[0] | E263: =VLOOKUP("U1."&C263,'PIN REPORT'!$A:$G,7,0) -> J1604_PIN21 | G263: =VLOOKUP("U3."&C263,'PIN REPORT'!$A:$G,7,0) -> J1803_PIN108 | I263: =VLOOKUP("U5."&C263,'PIN REPORT'!$A:$G,7,0) -> J1705_PIN68 | K263: =VLOOKUP("U7."&C263,'PIN REPORT'!$A:$G,7,0) -> J1505_PIN61
C264: AK36 | D264: XPCIRESERVED[1] | E264: =VLOOKUP("U1."&C264,'PIN REPORT'!$A:$G,7,0) -> J1604_PIN33 | G264: =VLOOKUP("U3."&C264,'PIN REPORT'!$A:$G,7,0) -> J1803_PIN124 | I264: =VLOOKUP("U5."&C264,'PIN REPORT'!$A:$G,7,0) -> J1705_PIN60 | K264: =VLOOKUP("U7."&C264,'PIN REPORT'!$A:$G,7,0) -> J1505_PIN75
C265: AJ34 | D265: XPCIRESET | E265: =VLOOKUP("U1."&C265,'PIN REPORT'!$A:$G,7,0) -> J1604_PIN24 | G265: =VLOOKUP("U3."&C265,'PIN REPORT'!$A:$G,7,0) -> J1801_PIN12 | I265: =VLOOKUP("U5."&C265,'PIN REPORT'!$A:$G,7,0) -> J1705_PIN55 | K265: =VLOOKUP("U7."&C265,'PIN REPORT'!$A:$G,7,0) -> J1505_PIN49
C266: D32 | D266: XPDFIN[0] | E266: =VLOOKUP("U1."&C266,'PIN REPORT'!$A:$G,7,0) -> J1602_PIN81 | G266: =VLOOKUP("U3."&C266,'PIN REPORT'!$A:$G,7,0) -> J1803_PIN123 | I266: =VLOOKUP("U5."&C266,'PIN REPORT'!$A:$G,7,0) -> J1706_PIN32 | K266: =VLOOKUP("U7."&C266,'PIN REPORT'!$A:$G,7,0) -> J1505_PIN76
C267: B32 | D267: XPDFIN[1] | E267: =VLOOKUP("U1."&C267,'PIN REPORT'!$A:$G,7,0) -> J1601_PIN27 | G267: =VLOOKUP("U3."&C267,'PIN REPORT'!$A:$G,7,0) -> J1801_PIN31 | I267: =VLOOKUP("U5."&C267,'PIN REPORT'!$A:$G,7,0) -> J1708_PIN45 | K267: =VLOOKUP("U7."&C267,'PIN REPORT'!$A:$G,7,0) -> J1508_PIN46
C268: D33 | D268: XPDFIN[2] | E268: =VLOOKUP("U1."&C268,'PIN REPORT'!$A:$G,7,0) -> J1601_PIN13 | G268: =VLOOKUP("U3."&C268,'PIN REPORT'!$A:$G,7,0) -> J1801_PIN30 | I268: =VLOOKUP("U5."&C268,'PIN REPORT'!$A:$G,7,0) -> J1708_PIN41 | K268: =VLOOKUP("U7."&C268,'PIN REPORT'!$A:$G,7,0) -> J1508_PIN49
C269: B33 | D269: XPDFIN[3] | E269: =VLOOKUP("U1."&C269,'PIN REPORT'!$A:$G,7,0) -> J1601_PIN15 | G269: =VLOOKUP("U3."&C269,'PIN REPORT'!$A:$G,7,0) -> J1801_PIN29 | I269: =VLOOKUP("U5."&C269,'PIN REPORT'!$A:$G,7,0) -> J1708_PIN63 | K269: =VLOOKUP("U7."&C269,'PIN REPORT'!$A:$G,7,0) -> J1508_PIN47
C270: C33 | D270: XPDFIN[4] | E270: =VLOOKUP("U1."&C270,'PIN REPORT'!$A:$G,7,0) -> J1601_PIN29 | G270: =VLOOKUP("U3."&C270,'PIN REPORT'!$A:$G,7,0) -> J1801_PIN32 | I270: =VLOOKUP("U5."&C270,'PIN REPORT'!$A:$G,7,0) -> J1708_PIN49 | K270: =VLOOKUP("U7."&C270,'PIN REPORT'!$A:$G,7,0) -> J1508_PIN48
C271: E33 | D271: XPDFIN[5] | E271: =VLOOKUP("U1."&C271,'PIN REPORT'!$A:$G,7,0) -> J1602_PIN77 | G271: =VLOOKUP("U3."&C271,'PIN REPORT'!$A:$G,7,0) -> J1803_PIN126 | I271: =VLOOKUP("U5."&C271,'PIN REPORT'!$A:$G,7,0) -> J1706_PIN10 | K271: =VLOOKUP("U7."&C271,'PIN REPORT'!$A:$G,7,0) -> J1505_PIN57
C272: H38 | D272: XPDFIN[6] | E272: =VLOOKUP("U1."&C272,'PIN REPORT'!$A:$G,7,0) -> J1602_PIN69 | G272: =VLOOKUP("U3."&C272,'PIN REPORT'!$A:$G,7,0) -> J1801_PIN07 | I272: =VLOOKUP("U5."&C272,'PIN REPORT'!$A:$G,7,0) -> J1707_PIN124 | K272: =VLOOKUP("U7."&C272,'PIN REPORT'!$A:$G,7,0) -> J1508_PIN51
C273: H31 | D273: XPDFIN[7] | E273: =VLOOKUP("U1."&C273,'PIN REPORT'!$A:$G,7,0) -> J1601_PIN28 | G273: =VLOOKUP("U3."&C273,'PIN REPORT'!$A:$G,7,0) -> J1801_PIN34 | I273: =VLOOKUP("U5."&C273,'PIN REPORT'!$A:$G,7,0) -> J1708_PIN69 | K273: =VLOOKUP("U7."&C273,'PIN REPORT'!$A:$G,7,0) -> J1509_PIN04
C274: H39 | D274: XPLLREFCLK | E274: =VLOOKUP("U1."&C274,'PIN REPORT'!$A:$G,7,0) -> J1602_PIN64 | G274: =VLOOKUP("U3."&C274,'PIN REPORT'!$A:$G,7,0) -> J1801_PIN10 | I274: =VLOOKUP("U5."&C274,'PIN REPORT'!$A:$G,7,0) -> J1707_PIN125 | K274: =VLOOKUP("U7."&C274,'PIN REPORT'!$A:$G,7,0) -> J1508_PIN50
... C393: B30 | D393: XSCANTDO | E393: =VLOOKUP("U1."&C393,'PIN REPORT'!$A:$G,7,0) -> J1601_PIN14 | G393: =VLOOKUP("U3."&C393,'PIN REPORT'!$A:$G,7,0) -> J1803_PIN95 | I393: =VLOOKUP("U5."&C393,'PIN REPORT'!$A:$G,7,0) -> J1708_PIN75 | K393: =VLOOKUP("U7."&C393,'PIN REPORT'!$A:$G,7,0) -> J1507_PIN93

Sheet CIRCUIT1
F3: SITE-1 | I3: SITE-3 | L3: SITE-5 | O3: SITE-7
D5: CUSTOMER PINLIST | F5: R&D-ALTANOVA ASSIGNMENT | I5: R&D-ALTANOVA ASSIGNMENT | L5: R&D-ALTANOVA ASSIGNMENT | O5: R&D-ALTANOVA ASSIGNMENT
D7: Ball Location | E7: Ball Name | F7: DUT TO INDUCTOR/RELAY | G7: INDUCTOR/RELAY TO RELAY | H7: RELAY TO TESTER | I7: DUT TO INDUCTOR/RELAY | J7: INDUCTOR/RELAY TO RELAY | K7: RELAY TO TESTER | L7: DUT TO INDUCTOR/RELAY | M7: INDUCTOR/RELAY TO RELAY | N7: RELAY TO TESTER | O7: DUT TO INDUCTOR/RELAY | P7: INDUCTOR/RELAY TO RELAY | Q7: RELAY TO TESTER
D8: AJ36 | E8: XPCIRXN[0] | F8: =VLOOKUP("U1."&D8,'PIN REPORT'!$A:$G,7,0) -> U1_XPCIRXN[0] | G8: =VLOOKUP(F8,WORKING!$L:$P,5,0) -> N19907848 | H8: =VLOOKUP(F8,WORKING!$L:$T,9,0) -> J1609_PIN92 | I8: =VLOOKUP("U3."&D8,'PIN REPORT'!$A:$G,7,0) -> U3_XPCIRXN[0] | J8: =VLOOKUP(I8,WORKING!$L:$P,5,0) -> N21318804 | K8: =VLOOKUP(I8,WORKING!$L:$T,9,0) -> J1809_PIN88 | L8: =VLOOKUP("U5."&D8,'PIN REPORT'!$A:$G,7,0) -> U5_XPCIRXN[0] | M8: =VLOOKUP(L8,WORKING!$L:$P,5,0) -> N21324161 | N8: =VLOOKUP(L8,WORKING!$L:$T,9,0) -> J1706_PIN02 | O8: =VLOOKUP("U7."&D8,'PIN REPORT'!$A:$G,7,0) -> U7_XPCIRXN[0] | P8: =VLOOKUP(O8,WORKING!$L:$P,5,0) -> N21327256 | Q8: =VLOOKUP(O8,WORKING!$L:$T,9,0) -> J1504_PIN85
D9: AJ37 | E9: XPCIRXP[0] | F9: =VLOOKUP("U1."&D9,'PIN REPORT'!$A:$G,7,0) -> U1_XPCIRXP[0] | G9: =VLOOKUP(F9,WORKING!$L:$P,5,0) -> N19907828 | H9: =VLOOKUP(F9,WORKING!$L:$T,9,0) -> J1609_PIN89 | I9: =VLOOKUP("U3."&D9,'PIN REPORT'!$A:$G,7,0) -> U3_XPCIRXP[0] | J9: =VLOOKUP(I9,WORKING!$L:$P,5,0) -> N21318198 | K9: =VLOOKUP(I9,WORKING!$L:$T,9,0) -> J1809_PIN90 | L9: =VLOOKUP("U5."&D9,'PIN REPORT'!$A:$G,7,0) -> U5_XPCIRXP[0] | M9: =VLOOKUP(L9,WORKING!$L:$P,5,0) -> N21324144 | N9: =VLOOKUP(L9,WORKING!$L:$T,9,0) -> J1706_PIN01 | O9: =VLOOKUP("U7."&D9,'PIN REPORT'!$A:$G,7,0) -> U7_XPCIRXP[0] | P9: =VLOOKUP(O9,WORKING!$L:$P,5,0) -> N21327239 | Q9: =VLOOKUP(O9,WORKING!$L:$T,9,0) -> J1504_PIN87
D10: AM38 | E10: XPCITXN[0] | F10: =VLOOKUP("U1."&D10,'PIN REPORT'!$A:$G,7,0) -> U1_XPCITXN[0] | G10: =VLOOKUP(F10,WORKING!$L:$P,5,0) -> N19907894 | H10: =VLOOKUP(F10,WORKING!$L:$T,9,0) -> J1609_PIN92 | I10: =VLOOKUP("U3."&D10,'PIN REPORT'!$A:$G,7,0) -> U3_XPCITXN[0] | J10: =VLOOKUP(I10,WORKING!$L:$P,5,0) -> N21317510 | K10: =VLOOKUP(I10,WORKING!$L:$T,9,0) -> J1809_PIN88 | L10: =VLOOKUP("U5."&D10,'PIN REPORT'!$A:$G,7,0) -> U5_XPCITXN[0] | M10: =VLOOKUP(L10,WORKING!$L:$P,5,0) -> N21324210 | N10: =VLOOKUP(L10,WORKING!$L:$T,9,0) -> J1706_PIN02 | O10: =VLOOKUP("U7."&D10,'PIN REPORT'!$A:$G,7,0) -> U7_XPCITXN[0] | P10: =VLOOKUP(O10,WORKING!$L:$P,5,0) -> N21327305 | Q10: =VLOOKUP(O10,WORKING!$L:$T,9,0) -> J1504_PIN85
D11: AM39 | E11: XPCITXP[0] | F11: =VLOOKUP("U1."&D11,'PIN REPORT'!$A:$G,7,0) -> U1_XPCITXP[0] | G11: =VLOOKUP(F11,WORKING!$L:$P,5,0) -> N19908247 | H11: =VLOOKUP(F11,WORKING!$L:$T,9,0) -> J1609_PIN89 | I11: =VLOOKUP("U3."&D11,'PIN REPORT'!$A:$G,7,0) -> U3_XPCITXP[0] | J11: =VLOOKUP(I11,WORKING!$L:$P,5,0) -> N21317673 | K11: =VLOOKUP(I11,WORKING!$L:$T,9,0) -> J1809_PIN90 | L11: =VLOOKUP("U5."&D11,'PIN REPORT'!$A:$G,7,0) -> U5_XPCITXP[0] | M11: =VLOOKUP(L11,WORKING!$L:$P,5,0) -> N21324357 | N11: =VLOOKUP(L11,WORKING!$L:$T,9,0) -> J1706_PIN01 | O11: =VLOOKUP("U7."&D11,'PIN REPORT'!$A:$G,7,0) -> U7_XPCITXP[0] | P11: =VLOOKUP(O11,WORKING!$L:$P,5,0) -> N21327452 | Q11: =VLOOKUP(O11,WORKING!$L:$T,9,0) -> J1504_PIN87
D12: AH38 | E12: XPCIRXN[1] | F12: =VLOOKUP("U1."&D12,'PIN REPORT'!$A:$G,7,0) -> U1_XPCIRXN[1] | G12: =VLOOKUP(F12,WORKING!$L:$P,5,0) -> N19952660 | H12: =VLOOKUP(F12,WORKING!$L:$T,9,0) -> J1609_PIN90 | I12: =VLOOKUP("U3."&D12,'PIN REPORT'!$A:$G,7,0) -> U3_XPCIRXN[1] | J12: =VLOOKUP(I12,WORKING!$L:$P,5,0) -> N21318162 | K12: =VLOOKUP(I12,WORKING!$L:$T,9,0) -> J1809_PIN92 | L12: =VLOOKUP("U5."&D12,'PIN REPORT'!$A:$G,7,0) -> U5_XPCIRXN[1] | M12: =VLOOKUP(L12,WORKING!$L:$P,5,0) -> N21324856 | N12: =VLOOKUP(L12,WORKING!$L:$T,9,0) -> J1704_PIN99 | O12: =VLOOKUP("U7."&D12,'PIN REPORT'!$A:$G,7,0) -> U7_XPCIRXN[1] | P12: =VLOOKUP(O12,WORKING!$L:$P,5,0) -> N21327951 | Q12: =VLOOKUP(O12,WORKING!$L:$T,9,0) -> J1507_PIN92
D13: AH37 | E13: XPCIRXP[1] | F13: =VLOOKUP("U1."&D13,'PIN REPORT'!$A:$G,7,0) -> U1_XPCIRXP[1] | G13: =VLOOKUP(F13,WORKING!$L:$P,5,0) -> N19952650 | H13: =VLOOKUP(F13,WORKING!$L:$T,9,0) -> J1609_PIN87 | I13: =VLOOKUP("U3."&D13,'PIN REPORT'!$A:$G,7,0) -> U3_XPCIRXP[1] | J13: =VLOOKUP(I13,WORKING!$L:$P,5,0) -> N21317840 | K13: =VLOOKUP(I13,WORKING!$L:$T,9,0) -> J1809_PIN94 | L13: =VLOOKUP("U5."&D13,'PIN REPORT'!$A:$G,7,0) -> U5_XPCIRXP[1] | M13: =VLOOKUP(L13,WORKING!$L:$P,5,0) -> N21324536 | N13: =VLOOKUP(L13,WORKING!$L:$T,9,0) -> J1704_PIN100 | O13: =VLOOKUP("U7."&D13,'PIN REPORT'!$A:$G,7,0) -> U7_XPCIRXP[1] | P13: =VLOOKUP(O13,WORKING!$L:$P,5,0) -> N21327631 | Q13: =VLOOKUP(O13,WORKING!$L:$T,9,0) -> J1507_PIN90
D14: AM40 | E14: XPCITXN[1] | F14: =VLOOKUP("U1."&D14,'PIN REPORT'!$A:$G,7,0) -> U1_XPCITXN[1] | G14: =VLOOKUP(F14,WORKING!$L:$P,5,0) -> N19952402 | H14: =VLOOKUP(F14,WORKING!$L:$T,9,0) -> J1609_PIN90 | I14: =VLOOKUP("U3."&D14,'PIN REPORT'!$A:$G,7,0) -> U3_XPCITXN[1] | J14: =VLOOKUP(I14,WORKING!$L:$P,5,0) -> N21317844 | K14: =VLOOKUP(I14,WORKING!$L:$T,9,0) -> J1809_PIN92 | L14: =VLOOKUP("U5."&D14,'PIN REPORT'!$A:$G,7,0) -> U5_XPCITXN[1] | M14: =VLOOKUP(L14,WORKING!$L:$P,5,0) -> N21324532 | N14: =VLOOKUP(L14,WORKING!$L:$T,9,0) -> J1704_PIN99 | O14: =VLOOKUP("U7."&D14,'PIN REPORT'!$A:$G,7,0) -> U7_XPCITXN[1] | P14: =VLOOKUP(O14,WORKING!$L:$P,5,0) -> N21327627 | Q14: =VLOOKUP(O14,WORKING!$L:$T,9,0) -> J1507_PIN92
D15: AL40 | E15: XPCITXP[1] | F15: =VLOOKUP("U1."&D15,'PIN REPORT'!$A:$G,7,0) -> U1_XPCITXP[1] | G15: =VLOOKUP(F15,WORKING!$L:$P,5,0) -> N19952435 | H15: =VLOOKUP(F15,WORKING!$L:$T,9,0) -> J1609_PIN87 | I15: =VLOOKUP("U3."&D15,'PIN REPORT'!$A:$G,7,0) -> U3_XPCITXP[1] | J15: =VLOOKUP(I15,WORKING!$L:$P,5,0) -> N21317842 | K15: =VLOOKUP(I15,WORKING!$L:$T,9,0) -> J1809_PIN94 | L15: =VLOOKUP("U5."&D15,'PIN REPORT'!$A:$G,7,0) -> U5_XPCITXP[1] | M15: =VLOOKUP(L15,WORKING!$L:$P,5,0) -> N21324534 | N15: =VLOOKUP(L15,WORKING!$L:$T,9,0) -> J1704_PIN100 | O15: =VLOOKUP("U7."&D15,'PIN REPORT'!$A:$G,7,0) -> U7_XPCITXP[1] | P15: =VLOOKUP(O15,WORKING!$L:$P,5,0) -> N21327629 | Q15: =VLOOKUP(O15,WORKING!$L:$T,9,0) -> J1507_PIN90
D16: AG37 | E16: XPCIRXN[2] | F16: =VLOOKUP("U1."&D16,'PIN REPORT'!$A:$G,7,0) -> U1_XPCIRXN[2] | G16: =VLOOKUP(F16,WORKING!$L:$P,5,0) -> N19954453 | H16: =VLOOKUP(F16,WORKING!$L:$T,9,0) -> J1608_PIN48 | I16: =VLOOKUP("U3."&D16,'PIN REPORT'!$A:$G,7,0) -> U3_XPCIRXN[2] | J16: =VLOOKUP(I16,WORKING!$L:$P,5,0) -> N21317933 | K16: =VLOOKUP(I16,WORKING!$L:$T,9,0) -> J1809_PIN98 | L16: =VLOOKUP("U5."&D16,'PIN REPORT'!$A:$G,7,0) -> U5_XPCIRXN[2] | M16: =VLOOKUP(L16,WORKING!$L:$P,5,0) -> N21324607 | N16: =VLOOKUP(L16,WORKING!$L:$T,9,0) -> J1705_PIN58 | O16: =VLOOKUP("U7."&D16,'PIN REPORT'!$A:$G,7,0) -> U7_XPCIRXN[2] | P16: =VLOOKUP(O16,WORKING!$L:$P,5,0) -> N21327702 | Q16: =VLOOKUP(O16,WORKING!$L:$T,9,0) -> J1507_PIN106
D17: AG36 | E17: XPCIRXP[2] | F17: =VLOOKUP("U1."&D17,'PIN REPORT'!$A:$G,7,0) -> U1_XPCIRXP[2] | G17: =VLOOKUP(F17,WORKING!$L:$P,5,0) -> N19954463 | H17: =VLOOKUP(F17,WORKING!$L:$T,9,0) -> J1608_PIN47 | I17: =VLOOKUP("U3."&D17,'PIN REPORT'!$A:$G,7,0) -> U3_XPCIRXP[2] | J17: =VLOOKUP(I17,WORKING!$L:$P,5,0) -> N21318510 | K17: =VLOOKUP(I17,WORKING!$L:$T,9,0) -> J1809_PIN95 | L17: =VLOOKUP("U5."&D17,'PIN REPORT'!$A:$G,7,0) -> U5_XPCIRXP[2] | M17: =VLOOKUP(L17,WORKING!$L:$P,5,0) -> N21325184 | N17: =VLOOKUP(L17,WORKING!$L:$T,9,0) -> J1705_PIN57 | O17: =VLOOKUP("U7."&D17,'PIN REPORT'!$A:$G,7,0) -> U7_XPCIRXP[2] | P17: =VLOOKUP(O17,WORKING!$L:$P,5,0) -> N21328279 | Q17: =VLOOKUP(O17,WORKING!$L:$T,9,0) -> J1507_PIN104
D18: AK40 | E18: XPCITXN[2] | F18: =VLOOKUP("U1."&D18,'PIN REPORT'!$A:$G,7,0) -> U1_XPCITXN[2] | G18: =VLOOKUP(F18,WORKING!$L:$P,5,0) -> N19953974 | H18: =VLOOKUP(F18,WORKING!$L:$T,9,0) -> J1608_PIN48 | I18: =VLOOKUP("U3."&D18,'PIN REPORT'!$A:$G,7,0) -> U3_XPCITXN[2] | J18: =VLOOKUP(I18,WORKING!$L:$P,5,0) -> N21317824 | K18: =VLOOKUP(I18,WORKING!$L:$T,9,0) -> J1809_PIN98 | L18: =VLOOKUP("U5."&D18,'PIN REPORT'!$A:$G,7,0) -> U5_XPCITXN[2] | M18: =VLOOKUP(L18,WORKING!$L:$P,5,0) -> N21324520 | N18: =VLOOKUP(L18,WORKING!$L:$T,9,0) -> J1705_PIN58 | O18: =VLOOKUP("U7."&D18,'PIN REPORT'!$A:$G,7,0) -> U7_XPCITXN[2] | P18: =VLOOKUP(O18,WORKING!$L:$P,5,0) -> N21327615 | Q18: =VLOOKUP(O18,WORKING!$L:$T,9,0) -> J1507_PIN106
D19: AK39 | E19: XPCITXP[2] | F19: =VLOOKUP("U1."&D19,'PIN REPORT'!$A:$G,7,0) -> U1_XPCITXP[2] | G19: =VLOOKUP(F19,WORKING!$L:$P,5,0) -> N19953941 | H19: =VLOOKUP(F19,WORKING!$L:$T,9,0) -> J1608_PIN47 | I19: =VLOOKUP("U3."&D19,'PIN REPORT'!$A:$G,7,0) -> U3_XPCITXP[2] | J19: =VLOOKUP(I19,WORKING!$L:$P,5,0) -> N21317822 | K19: =VLOOKUP(I19,WORKING!$L:$T,9,0) -> J1809_PIN95 | L19: =VLOOKUP("U5."&D19,'PIN REPORT'!$A:$G,7,0) -> U5_XPCITXP[2] | M19: =VLOOKUP(L19,WORKING!$L:$P,5,0) -> N21324504 | N19: =VLOOKUP(L19,WORKING!$L:$T,9,0) -> J1705_PIN57 | O19: =VLOOKUP("U7."&D19,'PIN REPORT'!$A:$G,7,0) -> U7_XPCITXP[2] | P19: =VLOOKUP(O19,WORKING!$L:$P,5,0) -> N21327599 | Q19: =VLOOKUP(O19,WORKING!$L:$T,9,0) -> J1507_PIN104
... D39: AE37 | E39: XPCITXP[7] | F39: =VLOOKUP("U1."&D39,'PIN REPORT'!$A:$G,7,0) -> U1_XPCITXP[7] | G39: =VLOOKUP(F39,WORKING!$L:$P,5,0) -> N19956335 | H39: =VLOOKUP(F39,WORKING!$L:$T,9,0) -> J1602_PIN50 | I39: =VLOOKUP("U3."&D39,'PIN REPORT'!$A:$G,7,0) -> U3_XPCITXP[7] | J39: =VLOOKUP(I39,WORKING!$L:$P,5,0) -> N21321224 | K39: =VLOOKUP(I39,WORKING!$L:$T,9,0) -> J1802_PIN50 | L39: =VLOOKUP("U5."&D39,'PIN REPORT'!$A:$G,7,0) -> U5_XPCITXP[7] | M39: =VLOOKUP(L39,WORKING!$L:$P,5,0) -> N21330847 | N39: =VLOOKUP(L39,WORKING!$L:$T,9,0) -> J1706_PIN19 | O39: =VLOOKUP("U7."&D39,'PIN REPORT'!$A:$G,7,0) -> U7_XPCITXP[7] | P39: =VLOOKUP(O39,WORKING!$L:$P,5,0) -> N21334640 | Q39: =VLOOKUP(O39,WORKING!$L:$T,9,0) -> J1509_PIN12

Sheet CIRCUIT2
D7: SITE-1 | F7: SITE-3 | H7: SITE-5 | J7: SITE-7
B9: CUSTOMER PINLIST | D9: R&D-ALTANOVA ASSIGNMENT | F9: R&D-ALTANOVA ASSIGNMENT | H9: R&D-ALTANOVA ASSIGNMENT | J9: R&D-ALTANOVA ASSIGNMENT
B11: Ball Location | C11: Ball Name | D11: DUT TO INDUCTOR | E11: INDUCTOR TO TESTER | F11: DUT TO INDUCTOR | G11: INDUCTOR TO TESTER | H11: DUT TO INDUCTOR | I11: INDUCTOR TO TESTER | J11: DUT TO INDUCTOR | K11: INDUCTOR TO TESTER
B12: AW36 | C12: XSERDESRXN[1] | D12: =VLOOKUP("U1."&B12,'PIN REPORT'!$A:$G,7,0) -> U1_XSERDESRXN[1] | E12: =VLOOKUP(D12,WORKING!$V:$Z,5,0) -> J1609_PIN100 | F12: =VLOOKUP("U3."&B12,'PIN REPORT'!$A:$G,7,0) -> U3_XSERDESRXN[1] | G12: =VLOOKUP(F12,WORKING!$V:$Z,5,0) -> J1809_PIN113 | H12: =VLOOKUP("U5."&B12,'PIN REPORT'!$A:$G,7,0) -> U5_XSERDESRXN[1] | I12: =VLOOKUP(H12,WORKING!$V:$Z,5,0) -> J1701_PIN100 | J12: =VLOOKUP("U7."&B12,'PIN REPORT'!$A:$G,7,0) -> U7_XSERDESRXN[1] | K12: =VLOOKUP(J12,WORKING!$V:$Z,5,0) -> J1501_PIN104
B13: AY36 | C13: XSERDESRXP[1] | D13: =VLOOKUP("U1."&B13,'PIN REPORT'!$A:$G,7,0) -> U1_XSERDESRXP[1] | E13: =VLOOKUP(D13,WORKING!$V:$Z,5,0) -> J1609_PIN102 | F13: =VLOOKUP("U3."&B13,'PIN REPORT'!$A:$G,7,0) -> U3_XSERDESRXP[1] | G13: =VLOOKUP(F13,WORKING!$V:$Z,5,0) -> J1809_PIN111 | H13: =VLOOKUP("U5."&B13,'PIN REPORT'!$A:$G,7,0) -> U5_XSERDESRXP[1] | I13: =VLOOKUP(H13,WORKING!$V:$Z,5,0) -> J1701_PIN99 | J13: =VLOOKUP("U7."&B13,'PIN REPORT'!$A:$G,7,0) -> U7_XSERDESRXP[1] | K13: =VLOOKUP(J13,WORKING!$V:$Z,5,0) -> J1501_PIN103
B14: AR40 | C14: XSERDESTXN[1] | D14: =VLOOKUP("U1."&B14,'PIN REPORT'!$A:$G,7,0) -> U1_XSERDESTXN[1] | E14: =VLOOKUP(D14,WORKING!$V:$Z,5,0) -> J1609_PIN95 | F14: =VLOOKUP("U3."&B14,'PIN REPORT'!$A:$G,7,0) -> U3_XSERDESTXN[1] | G14: =VLOOKUP(F14,WORKING!$V:$Z,5,0) -> J1809_PIN106 | H14: =VLOOKUP("U5."&B14,'PIN REPORT'!$A:$G,7,0) -> U5_XSERDESTXN[1] | I14: =VLOOKUP(H14,WORKING!$V:$Z,5,0) -> J1701_PIN93 | J14: =VLOOKUP("U7."&B14,'PIN REPORT'!$A:$G,7,0) -> U7_XSERDESTXN[1] | K14: =VLOOKUP(J14,WORKING!$V:$Z,5,0) -> J1501_PIN97
B15: AP40 | C15: XSERDESTXP[1] | D15: =VLOOKUP("U1."&B15,'PIN REPORT'!$A:$G,7,0) -> U1_XSERDESTXP[1] | E15: =VLOOKUP(D15,WORKING!$V:$Z,5,0) -> J1609_PIN125 | F15: =VLOOKUP("U3."&B15,'PIN REPORT'!$A:$G,7,0) -> U3_XSERDESTXP[1] | G15: =VLOOKUP(F15,WORKING!$V:$Z,5,0) -> J1809_PIN105 | H15: =VLOOKUP("U5."&B15,'PIN REPORT'!$A:$G,7,0) -> U5_XSERDESTXP[1] | I15: =VLOOKUP(H15,WORKING!$V:$Z,5,0) -> J1701_PIN94 | J15: =VLOOKUP("U7."&B15,'PIN REPORT'!$A:$G,7,0) -> U7_XSERDESTXP[1] | K15: =VLOOKUP(J15,WORKING!$V:$Z,5,0) -> J1501_PIN95

Sheet CIRCUIT3
D2: SITE-1 | F2: SITE-3 | H2: SITE-5 | J2: SITE-7
B4: CUSTOMER PINLIST | D4: R&D-ALTANOVA ASSIGNMENT | F4: R&D-ALTANOVA ASSIGNMENT | H4: R&D-ALTANOVA ASSIGNMENT | J4: R&D-ALTANOVA ASSIGNMENT
B6: Ball Location | C6: Ball Name | D6: DUT TO CAPACITOR | E6: CAPCITOR TO DUT (LOOPBACK) | F6: DUT TO CAPACITOR | G6: CAPCITOR TO DUT (LOOPBACK) | H6: DUT TO CAPACITOR | I6: CAPCITOR TO DUT (LOOPBACK) | J6: DUT TO CAPACITOR | K6: CAPCITOR TO DUT (LOOPBACK)
B7: AW34 | C7: XSERDESRXN[0] | D7: =VLOOKUP("U1."&B7,'PIN REPORT'!$A:$G,7,0) -> U1_XSERDESRXN[0] | E7: =VLOOKUP(D7,WORKING!$AC:$AG,5,0) -> U1_XSERDESTXN[0] | F7: =VLOOKUP("U3."&B7,'PIN REPORT'!$A:$G,7,0) -> U3_XSERDESRXN[0] | G7: =VLOOKUP(F7,WORKING!$AC:$AG,5,0) -> U3_XSERDESTXN[0] | H7: =VLOOKUP("U5."&B7,'PIN REPORT'!$A:$G,7,0) -> U5_XSERDESRXN[0] | I7: =VLOOKUP(H7,WORKING!$AC:$AG,5,0) -> U5_XSERDESTXN[0] | J7: =VLOOKUP("U7."&B7,'PIN REPORT'!$A:$G,7,0) -> U7_XSERDESRXN[0] | K7: =VLOOKUP(J7,WORKING!$AC:$AG,5,0) -> U7_XSERDESTXN[0]
B8: AY35 | C8: XSERDESRXP[0] | D8: =VLOOKUP("U1."&B8,'PIN REPORT'!$A:$G,7,0) -> U1_XSERDESRXP[0] | E8: =VLOOKUP(D8,WORKING!$AC:$AG,5,0) -> U1_XSERDESTXP[0] | F8: =VLOOKUP("U3."&B8,'PIN REPORT'!$A:$G,7,0) -> U3_XSERDESRXP[0] | G8: =VLOOKUP(F8,WORKING!$AC:$AG,5,0) -> U3_XSERDESTXP[0] | H8: =VLOOKUP("U5."&B8,'PIN REPORT'!$A:$G,7,0) -> U5_XSERDESRXP[0] | I8: =VLOOKUP(H8,WORKING!$AC:$AG,5,0) -> U5_XSERDESTXP[0] | J8: =VLOOKUP("U7."&B8,'PIN REPORT'!$A:$G,7,0) -> U7_XSERDESRXP[0] | K8: =VLOOKUP(J8,WORKING!$AC:$AG,5,0) -> U7_XSERDESTXP[0]
B9: AT39 | C9: XSERDESTXN[0] | D9: =VLOOKUP("U1."&B9,'PIN REPORT'!$A:$G,7,0) -> U1_XSERDESTXN[0] | E9: =VLOOKUP(D9,WORKING!$AC:$AG,5,0) -> U1_XSERDESRXN[0] | F9: =VLOOKUP("U3."&B9,'PIN REPORT'!$A:$G,7,0) -> U3_XSERDESTXN[0] | G9: =VLOOKUP(F9,WORKING!$AC:$AG,5,0) -> U3_XSERDESRXN[0] | H9: =VLOOKUP("U5."&B9,'PIN REPORT'!$A:$G,7,0) -> U5_XSERDESTXN[0] | I9: =VLOOKUP(H9,WORKING!$AC:$AG,5,0) -> U5_XSERDESRXN[0] | J9: =VLOOKUP("U7."&B9,'PIN REPORT'!$A:$G,7,0) -> U7_XSERDESTXN[0] | K9: =VLOOKUP(J9,WORKING!$AC:$AG,5,0) -> U7_XSERDESRXN[0]
B10: AT40 | C10: XSERDESTXP[0] | D10: =VLOOKUP("U1."&B10,'PIN REPORT'!$A:$G,7,0) -> U1_XSERDESTXP[0] | E10: =VLOOKUP(D10,WORKING!$AC:$AG,5,0) -> U1_XSERDESRXP[0] | F10: =VLOOKUP("U3."&B10,'PIN REPORT'!$A:$G,7,0) -> U3_XSERDESTXP[0] | G10: =VLOOKUP(F10,WORKING!$AC:$AG,5,0) -> U3_XSERDESRXP[0] | H10: =VLOOKUP("U5."&B10,'PIN REPORT'!$A:$G,7,0) -> U5_XSERDESTXP[0] | I10: =VLOOKUP(H10,WORKING!$AC:$AG,5,0) -> U5_XSERDESRXP[0] | J10: =VLOOKUP("U7."&B10,'PIN REPORT'!$A:$G,7,0) -> U7_XSERDESTXP[0] | K10: =VLOOKUP(J10,WORKING!$AC:$AG,5,0) -> U7_XSERDESRXP[0]

Sheet NO CONNECT PINS
D2: SITE-1 | E2: SITE-3 | F2: SITE-5 | G2: SITE-7
B4: CUSTOMER PINLIST | D4: R&D-ALTANOVA ASSIGNMENT | E4: R&D-ALTANOVA ASSIGNMENT | F4: R&D-ALTANOVA ASSIGNMENT | G4: R&D-ALTANOVA ASSIGNMENT
B6: Ball Location | C6: Ball Name
B7: L36 | C7: VCCSBOX0 | D7: =IF(VLOOKUP("U1."&B7,'PIN REPORT'!$A:$G,7,0)=0,"NC",VLOOKUP("U1."&B7,'PIN REPORT'!$A:$G,7,0)) -> NC | E7: =IF(VLOOKUP("U3."&B7,'PIN REPORT'!$A:$G,7,0)=0,"NC",VLOOKUP("U3."&B7,'PIN REPORT'!$A:$G,7,0)) -> NC | F7: =IF(VLOOKUP("U5."&B7,'PIN REPORT'!$A:$G,7,0)=0,"NC",VLOOKUP("U5."&B7,'PIN REPORT'!$A:$G,7,0)) -> NC | G7: =IF(VLOOKUP("U7."&B7,'PIN REPORT'!$A:$G,7,0)=0,"NC",VLOOKUP("U7."&B7,'PIN REPORT'!$A:$G,7,0)) -> NC
B8: M34 | C8: VCCSBOX1 | D8: =IF(VLOOKUP("U1."&B8,'PIN REPORT'!$A:$G,7,0)=0,"NC",VLOOKUP("U1."&B8,'PIN REPORT'!$A:$G,7,0)) -> NC | E8: =IF(VLOOKUP("U3."&B8,'PIN REPORT'!$A:$G,7,0)=0,"NC",VLOOKUP("U3."&B8,'PIN REPORT'!$A:$G,7,0)) -> NC | F8: =IF(VLOOKUP("U5."&B8,'PIN REPORT'!$A:$G,7,0)=0,"NC",VLOOKUP("U5."&B8,'PIN REPORT'!$A:$G,7,0)) -> NC | G8: =IF(VLOOKUP("U7."&B8,'PIN REPORT'!$A:$G,7,0)=0,"NC",VLOOKUP("U7."&B8,'PIN REPORT'!$A:$G,7,0)) -> NC
B9: F29 | C9: VCCSBOX2 | D9: =IF(VLOOKUP("U1."&B9,'PIN REPORT'!$A:$G,7,0)=0,"NC",VLOOKUP("U1."&B9,'PIN REPORT'!$A:$G,7,0)) -> NC | E9: =IF(VLOOKUP("U3."&B9,'PIN REPORT'!$A:$G,7,0)=0,"NC",VLOOKUP("U3."&B9,'PIN REPORT'!$A:$G,7,0)) -> NC | F9: =IF(VLOOKUP("U5."&B9,'PIN REPORT'!$A:$G,7,0)=0,"NC",VLOOKUP("U5."&B9,'PIN REPORT'!$A:$G,7,0)) -> NC | G9: =IF(VLOOKUP("U7."&B9,'PIN REPORT'!$A:$G,7,0)=0,"NC",VLOOKUP("U7."&B9,'PIN REPORT'!$A:$G,7,0)) -> NC
B10: H29 | C10: VCCSBOX3 | D10: =IF(VLOOKUP("U1."&B10,'PIN REPORT'!$A:$G,7,0)=0,"NC",VLOOKUP("U1."&B10,'PIN REPORT'!$A:$G,7,0)) -> NC | E10: =IF(VLOOKUP("U3."&B10,'PIN REPORT'!$A:$G,7,0)=0,"NC",VLOOKUP("U3."&B10,'PIN REPORT'!$A:$G,7,0)) -> NC | F10: =IF(VLOOKUP("U5."&B10,'PIN REPORT'!$A:$G,7,0)=0,"NC",VLOOKUP("U5."&B10,'PIN REPORT'!$A:$G,7,0)) -> NC | G10: =IF(VLOOKUP("U7."&B10,'PIN REPORT'!$A:$G,7,0)=0,"NC",VLOOKUP("U7."&B10,'PIN REPORT'!$A:$G,7,0)) -> NC
B11: C32 | C11: XACTHSIO[0] | D11: =IF(VLOOKUP("U1."&B11,'PIN REPORT'!$A:$G,7,0)=0,"NC",VLOOKUP("U1."&B11,'PIN REPORT'!$A:$G,7,0)) -> NC | E11: =IF(VLOOKUP("U3."&B11,'PIN REPORT'!$A:$G,7,0)=0,"NC",VLOOKUP("U3."&B11,'PIN REPORT'!$A:$G,7,0)) -> NC | F11: =IF(VLOOKUP("U5."&B11,'PIN REPORT'!$A:$G,7,0)=0,"NC",VLOOKUP("U5."&B11,'PIN REPORT'!$A:$G,7,0)) -> NC | G11: =IF(VLOOKUP("U7."&B11,'PIN REPORT'!$A:$G,7,0)=0,"NC",VLOOKUP("U7."&B11,'PIN REPORT'!$A:$G,7,0)) -> NC
B12: F33 | C12: XACTHSIO[1] | D12: =IF(VLOOKUP("U1."&B12,'PIN REPORT'!$A:$G,7,0)=0,"NC",VLOOKUP("U1."&B12,'PIN REPORT'!$A:$G,7,0)) -> NC | E12: =IF(VLOOKUP("U3."&B12,'PIN REPORT'!$A:$G,7,0)=0,"NC",VLOOKUP("U3."&B12,'PIN REPORT'!$A:$G,7,0)) -> NC | F12: =IF(VLOOKUP("U5."&B12,'PIN REPORT'!$A:$G,7,0)=0,"NC",VLOOKUP("U5."&B12,'PIN REPORT'!$A:$G,7,0)) -> NC | G12: =IF(VLOOKUP("U7."&B12,'PIN REPORT'!$A:$G,7,0)=0,"NC",VLOOKUP("U7."&B12,'PIN REPORT'!$A:$G,7,0)) -> NC
B13: E32 | C13: XACTHSIO[2] | D13: =IF(VLOOKUP("U1."&B13,'PIN REPORT'!$A:$G,7,0)=0,"NC",VLOOKUP("U1."&B13,'PIN REPORT'!$A:$G,7,0)) -> NC | E13: =IF(VLOOKUP("U3."&B13,'PIN REPORT'!$A:$G,7,0)=0,"NC",VLOOKUP("U3."&B13,'PIN REPORT'!$A:$G,7,0)) -> NC | F13: =IF(VLOOKUP("U5."&B13,'PIN REPORT'!$A:$G,7,0)=0,"NC",VLOOKUP("U5."&B13,'PIN REPORT'!$A:$G,7,0)) -> NC | G13: =IF(VLOOKUP("U7."&B13,'PIN REPORT'!$A:$G,7,0)=0,"NC",VLOOKUP("U7."&B13,'PIN REPORT'!$A:$G,7,0)) -> NC
B14: G40 | C14: XACTHSIO[3] | D14: =IF(VLOOKUP("U1."&B14,'PIN REPORT'!$A:$G,7,0)=0,"NC",VLOOKUP("U1."&B14,'PIN REPORT'!$A:$G,7,0)) -> NC | E14: =IF(VLOOKUP("U3."&B14,'PIN REPORT'!$A:$G,7,0)=0,"NC",VLOOKUP("U3."&B14,'PIN REPORT'!$A:$G,7,0)) -> NC | F14: =IF(VLOOKUP("U5."&B14,'PIN REPORT'!$A:$G,7,0)=0,"NC",VLOOKUP("U5."&B14,'PIN REPORT'!$A:$G,7,0)) -> NC | G14: =IF(VLOOKUP("U7."&B14,'PIN REPORT'!$A:$G,7,0)=0,"NC",VLOOKUP("U7."&B14,'PIN REPORT'!$A:$G,7,0)) -> NC
B15: AD8 | C15: XDDR_DIGOUT[6] | D15: =IF(VLOOKUP("U1."&B15,'PIN REPORT'!$A:$G,7,0)=0,"NC",VLOOKUP("U1."&B15,'PIN REPORT'!$A:$G,7,0)) -> NC | E15: =IF(VLOOKUP("U3."&B15,'PIN REPORT'!$A:$G,7,0)=0,"NC",VLOOKUP("U3."&B15,'PIN REPORT'!$A:$G,7,0)) -> NC | F15: =IF(VLOOKUP("U5."&B15,'PIN REPORT'!$A:$G,7,0)=0,"NC",VLOOKUP("U5."&B15,'PIN REPORT'!$A:$G,7,0)) -> NC | G15: =IF(VLOOKUP("U7."&B15,'PIN REPORT'!$A:$G,7,0)=0,"NC",VLOOKUP("U7."&B15,'PIN REPORT'!$A:$G,7,0)) -> NC
B16: AC8 | C16: XDDR_DIGOUT[7] | D16: =IF(VLOOKUP("U1."&B16,'PIN REPORT'!$A:$G,7,0)=0,"NC",VLOOKUP("U1."&B16,'PIN REPORT'!$A:$G,7,0)) -> NC | E16: =IF(VLOOKUP("U3."&B16,'PIN REPORT'!$A:$G,7,0)=0,"NC",VLOOKUP("U3."&B16,'PIN REPORT'!$A:$G,7,0)) -> NC | F16: =IF(VLOOKUP("U5."&B16,'PIN REPORT'!$A:$G,7,0)=0,"NC",VLOOKUP("U5."&B16,'PIN REPORT'!$A:$G,7,0)) -> NC | G16: =IF(VLOOKUP("U7."&B16,'PIN REPORT'!$A:$G,7,0)=0,"NC",VLOOKUP("U7."&B16,'PIN REPORT'!$A:$G,7,0)) -> NC
B17: AD1 | C17: XDDR_DIGOUT[8] | D17: =IF(VLOOKUP("U1."&B17,'PIN REPORT'!$A:$G,7,0)=0,"NC",VLOOKUP("U1."&B17,'PIN REPORT'!$A:$G,7,0)) -> NC | E17: =IF(VLOOKUP("U3."&B17,'PIN REPORT'!$A:$G,7,0)=0,"NC",VLOOKUP("U3."&B17,'PIN REPORT'!$A:$G,7,0)) -> NC | F17: =IF(VLOOKUP("U5."&B17,'PIN REPORT'!$A:$G,7,0)=0,"NC",VLOOKUP("U5."&B17,'PIN REPORT'!$A:$G,7,0)) -> NC | G17: =IF(VLOOKUP("U7."&B17,'PIN REPORT'!$A:$G,7,0)=0,"NC",VLOOKUP("U7."&B17,'PIN REPORT'!$A:$G,7,0)) -> NC
B18: AD2 | C18: XDDR_DIGOUT[9] | D18: =IF(VLOOKUP("U1."&B18,'PIN REPORT'!$A:$G,7,0)=0,"NC",VLOOKUP("U1."&B18,'PIN REPORT'!$A:$G,7,0)) -> NC | E18: =IF(VLOOKUP("U3."&B18,'PIN REPORT'!$A:$G,7,0)=0,"NC",VLOOKUP("U3."&B18,'PIN REPORT'!$A:$G,7,0)) -> NC | F18: =IF(VLOOKUP("U5."&B18,'PIN REPORT'!$A:$G,7,0)=0,"NC",VLOOKUP("U5."&B18,'PIN REPORT'!$A:$G,7,0)) -> NC | G18: =IF(VLOOKUP("U7."&B18,'PIN REPORT'!$A:$G,7,0)=0,"NC",VLOOKUP("U7."&B18,'PIN REPORT'!$A:$G,7,0)) -> NC
... B81: P3 | C81: XSTKVMIDLFT[3] | D81: =IF(VLOOKUP("U1."&B81,'PIN REPORT'!$A:$G,7,0)=0,"NC",VLOOKUP("U1."&B81,'PIN REPORT'!$A:$G,7,0)) -> NC | E81: =IF(VLOOKUP("U3."&B81,'PIN REPORT'!$A:$G,7,0)=0,"NC",VLOOKUP("U3."&B81,'PIN REPORT'!$A:$G,7,0)) -> NC | F81: =IF(VLOOKUP("U5."&B81,'PIN REPORT'!$A:$G,7,0)=0,"NC",VLOOKUP("U5."&B81,'PIN REPORT'!$A:$G,7,0)) -> NC | G81: =IF(VLOOKUP("U7."&B81,'PIN REPORT'!$A:$G,7,0)=0,"NC",VLOOKUP("U7."&B81,'PIN REPORT'!$A:$G,7,0)) -> NC

Sheet POWER
E2: SITE-1 | F2: SITE-3 | G2: SITE-5 | H2: SITE-7
K3: MERGED SUPPLIES
C4: CUSTOMER PINLIST | E4: R&D-ALTANOVA ASSIGNMENT | F4: R&D-ALTANOVA ASSIGNMENT | G4: R&D-ALTANOVA ASSIGNMENT | H4: R&D-ALTANOVA ASSIGNMENT
K5: SITE-1 | N5: SITE-3 | Q5: SITE-5 | T5: SITE-7
C6: Ball Location | D6: Ball Name | K6: SUPPLY NAME | L6: CHANNELS MERGED | N6: SUPPLY NAME | O6: CHANNELS MERGED | Q6: SUPPLY NAME | R6: CHANNELS MERGED | T6: SUPPLY NAME | U6: CHANNELS MERGED
C7: M33 | D7: VCCPLL0 | E7: =VLOOKUP("U1."&C7,'PIN REPORT'!$A:$G,7,0) -> J1207_LDP5F | F7: =VLOOKUP("U3."&C7,'PIN REPORT'!$A:$G,7,0) -> J1402_LDP3F | G7: =VLOOKUP("U5."&C7,'PIN REPORT'!$A:$G,7,0) -> J1302_LDP5F | H7: =VLOOKUP("U7."&C7,'PIN REPORT'!$A:$G,7,0) -> J1103_LDP3F | K7: U1_VCC | L7: J1205_HDP1F | N7: U3_VCC | O7: J1401_HDP1F | Q7: U5_VCC | R7: J1304_HDP1F | T7: U7_VCC | U7: J1104_HDP1F
C8: L32 | D8: VCCPLL1 | E8: =VLOOKUP("U1."&C8,'PIN REPORT'!$A:$G,7,0) -> J1207_LDP5F | F8: =VLOOKUP("U3."&C8,'PIN REPORT'!$A:$G,7,0) -> J1402_LDP3F | G8: =VLOOKUP("U5."&C8,'PIN REPORT'!$A:$G,7,0) -> J1302_LDP5F | H8: =VLOOKUP("U7."&C8,'PIN REPORT'!$A:$G,7,0) -> J1103_LDP3F | L8: J1205_HDP2F | O8: J1401_HDP2F | R8: J1304_HDP2F | U8: J1104_HDP2F
C9: K34 | D9: VCCPLL2 | E9: =VLOOKUP("U1."&C9,'PIN REPORT'!$A:$G,7,0) -> J1207_LDP5F | F9: =VLOOKUP("U3."&C9,'PIN REPORT'!$A:$G,7,0) -> J1402_LDP3F | G9: =VLOOKUP("U5."&C9,'PIN REPORT'!$A:$G,7,0) -> J1302_LDP5F | H9: =VLOOKUP("U7."&C9,'PIN REPORT'!$A:$G,7,0) -> J1103_LDP3F | L9: J1206_HDP3F | O9: J1402_HDP3F | R9: J1303_HDP3F | U9: J1103_HDP3F
C10: K32 | D10: VCCPLL3 | E10: =VLOOKUP("U1."&C10,'PIN REPORT'!$A:$G,7,0) -> J1207_LDP5F | F10: =VLOOKUP("U3."&C10,'PIN REPORT'!$A:$G,7,0) -> J1402_LDP3F | G10: =VLOOKUP("U5."&C10,'PIN REPORT'!$A:$G,7,0) -> J1302_LDP5F | H10: =VLOOKUP("U7."&C10,'PIN REPORT'!$A:$G,7,0) -> J1103_LDP3F | L10: J1206_HDP4F | O10: J1402_HDP4F | R10: J1303_HDP4F | U10: J1103_HDP4F
C11: W35 | D11: VCCFHV | E11: =VLOOKUP("U1."&C11,'PIN REPORT'!$A:$G,7,0) -> J1208_LDP7F | F11: =VLOOKUP("U3."&C11,'PIN REPORT'!$A:$G,7,0) -> J1403_LDP5F | G11: =VLOOKUP("U5."&C11,'PIN REPORT'!$A:$G,7,0) -> J1301_LDP7F | H11: =VLOOKUP("U7."&C11,'PIN REPORT'!$A:$G,7,0) -> J1102_LDP5F | L11: J1207_HDP5F | O11: J1403_HDP5F | R11: J1302_HDP5F | U11: J1102_HDP5F
C12: D35 | D12: VCCTHM | E12: =VLOOKUP("U1."&C12,'PIN REPORT'!$A:$G,7,0) -> J1205_LDP2F | F12: =VLOOKUP("U3."&C12,'PIN REPORT'!$A:$G,7,0) -> J1401_LDP1F | G12: =VLOOKUP("U5."&C12,'PIN REPORT'!$A:$G,7,0) -> J1304_LDP2F | H12: =VLOOKUP("U7."&C12,'PIN REPORT'!$A:$G,7,0) -> J1103_LDP4F | L12: J1207_HDP6F | O12: J1403_HDP6F | R12: J1302_HDP6F | U12: J1102_HDP6F
C13: J29 | D13: VCCTHMDIG | E13: =VLOOKUP("U1."&C13,'PIN REPORT'!$A:$G,7,0) -> J1205_LDP2F | F13: =VLOOKUP("U3."&C13,'PIN REPORT'!$A:$G,7,0) -> J1401_LDP1F | G13: =VLOOKUP("U5."&C13,'PIN REPORT'!$A:$G,7,0) -> J1304_LDP2F | H13: =VLOOKUP("U7."&C13,'PIN REPORT'!$A:$G,7,0) -> J1103_LDP4F
C14: L29 | D14: VCCTHM_HV | E14: =VLOOKUP("U1."&C14,'PIN REPORT'!$A:$G,7,0) -> J1205_LDP1F | F14: =VLOOKUP("U3."&C14,'PIN REPORT'!$A:$G,7,0) -> J1401_LDP2F | G14: =VLOOKUP("U5."&C14,'PIN REPORT'!$A:$G,7,0) -> J1304_LDP1F | H14: =VLOOKUP("U7."&C14,'PIN REPORT'!$A:$G,7,0) -> J1104_LDP2F | K14: U1_VCCG | L14: J1208_HDP7F | N14: U3_VCCG | O14: J1404_HDP7F | Q14: U5_VCCG | R14: J1301_HDP7F | T14: U7_VCCG | U14: J1101_HDP7F
C15: U37 | D15: VCCADCA | E15: =VLOOKUP("U1."&C15,'PIN REPORT'!$A:$G,7,0) -> U1_VCCADCA | F15: =VLOOKUP("U3."&C15,'PIN REPORT'!$A:$G,7,0) -> U3_VCCADCA | G15: =VLOOKUP("U5."&C15,'PIN REPORT'!$A:$G,7,0) -> U5_VCCADCA | H15: =VLOOKUP("U7."&C15,'PIN REPORT'!$A:$G,7,0) -> U7_VCCADCA | L15: J1208_HDP8F | O15: J1404_HDP8F | R15: J1301_HDP8F | U15: J1101_HDP8F
C16: K38 | D16: VCCIDV | E16: =VLOOKUP("U1."&C16,'PIN REPORT'!$A:$G,7,0) -> J1206_LDP3F | F16: =VLOOKUP("U3."&C16,'PIN REPORT'!$A:$G,7,0) -> J1402_LDP4F | G16: =VLOOKUP("U5."&C16,'PIN REPORT'!$A:$G,7,0) -> J1303_LDP3F | H16: =VLOOKUP("U7."&C16,'PIN REPORT'!$A:$G,7,0) -> J1104_LDP1F
C17: AB8 | D17: VCCIOA | E17: =VLOOKUP("U1."&C17,'PIN REPORT'!$A:$G,7,0) -> J1208_LDP8F | F17: =VLOOKUP("U3."&C17,'PIN REPORT'!$A:$G,7,0) -> J1404_LDP7F | G17: =VLOOKUP("U5."&C17,'PIN REPORT'!$A:$G,7,0) -> J1301_LDP8F | H17: =VLOOKUP("U7."&C17,'PIN REPORT'!$A:$G,7,0) -> J1101_LDP7F | K17: U1_VCC_DPLL_TDC | L17: J1210_LDP7F | N17: U3_VCC_DPLL_TDC | O17: J1406_LDP7F | Q17: U5_VCC_DPLL_TDC | R17: J1408_LDP7F | T17: U7_VCC_DPLL_TDC | U17: J1105_LDP7F
C18: N33 | D18: VCCIDV_EHV | E18: =VLOOKUP("U1."&C18,'PIN REPORT'!$A:$G,7,0) -> J1206_LDP4F | F18: =VLOOKUP("U3."&C18,'PIN REPORT'!$A:$G,7,0) -> J1403_LDP6F | G18: =VLOOKUP("U5."&C18,'PIN REPORT'!$A:$G,7,0) -> J1303_LDP4F | H18: =VLOOKUP("U7."&C18,'PIN REPORT'!$A:$G,7,0) -> J1102_LDP6F | L18: J1210_LDP8F | O18: J1406_LDP8F | R18: J1408_LDP8F | U18: J1105_LDP8F
C19: A11 | D19: VCC | E19: =VLOOKUP("U1."&C19,'PIN REPORT'!$A:$G,7,0) -> J1205_HDP1F | F19: =VLOOKUP("U3."&C19,'PIN REPORT'!$A:$G,7,0) -> J1401_HDP1F | G19: =VLOOKUP("U5."&C19,'PIN REPORT'!$A:$G,7,0) -> J1304_HDP1F | H19: =VLOOKUP("U7."&C19,'PIN REPORT'!$A:$G,7,0) -> J1104_HDP1F
C20: A12 | D20: VCC | E20: =VLOOKUP("U1."&C20,'PIN REPORT'!$A:$G,7,0) -> J1205_HDP1F | F20: =VLOOKUP("U3."&C20,'PIN REPORT'!$A:$G,7,0) -> J1401_HDP1F | G20: =VLOOKUP("U5."&C20,'PIN REPORT'!$A:$G,7,0) -> J1304_HDP1F | H20: =VLOOKUP("U7."&C20,'PIN REPORT'!$A:$G,7,0) -> J1104_HDP1F
C21: A15 | D21: VCC | E21: =VLOOKUP("U1."&C21,'PIN REPORT'!$A:$G,7,0) -> J1205_HDP1F | F21: =VLOOKUP("U3."&C21,'PIN REPORT'!$A:$G,7,0) -> J1401_HDP1F | G21: =VLOOKUP("U5."&C21,'PIN REPORT'!$A:$G,7,0) -> J1304_HDP1F | H21: =VLOOKUP("U7."&C21,'PIN REPORT'!$A:$G,7,0) -> J1104_HDP1F
C22: A16 | D22: VCC | E22: =VLOOKUP("U1."&C22,'PIN REPORT'!$A:$G,7,0) -> J1205_HDP1F | F22: =VLOOKUP("U3."&C22,'PIN REPORT'!$A:$G,7,0) -> J1401_HDP1F | G22: =VLOOKUP("U5."&C22,'PIN REPORT'!$A:$G,7,0) -> J1304_HDP1F | H22: =VLOOKUP("U7."&C22,'PIN REPORT'!$A:$G,7,0) -> J1104_HDP1F
C23: A23 | D23: VCC | E23: =VLOOKUP("U1."&C23,'PIN REPORT'!$A:$G,7,0) -> J1205_HDP1F | F23: =VLOOKUP("U3."&C23,'PIN REPORT'!$A:$G,7,0) -> J1401_HDP1F | G23: =VLOOKUP("U5."&C23,'PIN REPORT'!$A:$G,7,0) -> J1304_HDP1F | H23: =VLOOKUP("U7."&C23,'PIN REPORT'!$A:$G,7,0) -> J1104_HDP1F
C24: A24 | D24: VCC | E24: =VLOOKUP("U1."&C24,'PIN REPORT'!$A:$G,7,0) -> J1205_HDP1F | F24: =VLOOKUP("U3."&C24,'PIN REPORT'!$A:$G,7,0) -> J1401_HDP1F | G24: =VLOOKUP("U5."&C24,'PIN REPORT'!$A:$G,7,0) -> J1304_HDP1F | H24: =VLOOKUP("U7."&C24,'PIN REPORT'!$A:$G,7,0) -> J1104_HDP1F
C25: A27 | D25: VCC | E25: =VLOOKUP("U1."&C25,'PIN REPORT'!$A:$G,7,0) -> J1205_HDP1F | F25: =VLOOKUP("U3."&C25,'PIN REPORT'!$A:$G,7,0) -> J1401_HDP1F | G25: =VLOOKUP("U5."&C25,'PIN REPORT'!$A:$G,7,0) -> J1304_HDP1F | H25: =VLOOKUP("U7."&C25,'PIN REPORT'!$A:$G,7,0) -> J1104_HDP1F
C26: A28 | D26: VCC | E26: =VLOOKUP("U1."&C26,'PIN REPORT'!$A:$G,7,0) -> J1205_HDP1F | F26: =VLOOKUP("U3."&C26,'PIN REPORT'!$A:$G,7,0) -> J1401_HDP1F | G26: =VLOOKUP("U5."&C26,'PIN REPORT'!$A:$G,7,0) -> J1304_HDP1F | H26: =VLOOKUP("U7."&C26,'PIN REPORT'!$A:$G,7,0) -> J1104_HDP1F
C27: B11 | D27: VCC | E27: =VLOOKUP("U1."&C27,'PIN REPORT'!$A:$G,7,0) -> J1205_HDP1F | F27: =VLOOKUP("U3."&C27,'PIN REPORT'!$A:$G,7,0) -> J1401_HDP1F | G27: =VLOOKUP("U5."&C27,'PIN REPORT'!$A:$G,7,0) -> J1304_HDP1F | H27: =VLOOKUP("U7."&C27,'PIN REPORT'!$A:$G,7,0) -> J1104_HDP1F
C28: B12 | D28: VCC | E28: =VLOOKUP("U1."&C28,'PIN REPORT'!$A:$G,7,0) -> J1205_HDP1F | F28: =VLOOKUP("U3."&C28,'PIN REPORT'!$A:$G,7,0) -> J1401_HDP1F | G28: =VLOOKUP("U5."&C28,'PIN REPORT'!$A:$G,7,0) -> J1304_HDP1F | H28: =VLOOKUP("U7."&C28,'PIN REPORT'!$A:$G,7,0) -> J1104_HDP1F
C29: B15 | D29: VCC | E29: =VLOOKUP("U1."&C29,'PIN REPORT'!$A:$G,7,0) -> J1205_HDP1F | F29: =VLOOKUP("U3."&C29,'PIN REPORT'!$A:$G,7,0) -> J1401_HDP1F | G29: =VLOOKUP("U5."&C29,'PIN REPORT'!$A:$G,7,0) -> J1304_HDP1F | H29: =VLOOKUP("U7."&C29,'PIN REPORT'!$A:$G,7,0) -> J1104_HDP1F
C30: B16 | D30: VCC | E30: =VLOOKUP("U1."&C30,'PIN REPORT'!$A:$G,7,0) -> J1205_HDP1F | F30: =VLOOKUP("U3."&C30,'PIN REPORT'!$A:$G,7,0) -> J1401_HDP1F | G30: =VLOOKUP("U5."&C30,'PIN REPORT'!$A:$G,7,0) -> J1304_HDP1F | H30: =VLOOKUP("U7."&C30,'PIN REPORT'!$A:$G,7,0) -> J1104_HDP1F
... C216: AC38 | D216: VCCHVIO3_HV | E216: =VLOOKUP("U1."&C216,'PIN REPORT'!$A:$G,7,0) -> J1209_LDP1F | F216: =VLOOKUP("U3."&C216,'PIN REPORT'!$A:$G,7,0) -> J1405_LDP4F | G216: =VLOOKUP("U5."&C216,'PIN REPORT'!$A:$G,7,0) -> J1407_LDP4F | H216: =VLOOKUP("U7."&C216,'PIN REPORT'!$A:$G,7,0) -> J1106_LDP3F

Sheet GROUND
D2: SITE-1 | E2: SITE-3 | F2: SITE-5 | G2: SITE-7
B4: CUSTOMER PINLIST | D4: R&D-ALTANOVA ASSIGNMENT | E4: R&D-ALTANOVA ASSIGNMENT | F4: R&D-ALTANOVA ASSIGNMENT | G4: R&D-ALTANOVA ASSIGNMENT
B6: Ball Location | C6: Ball Name
B7: F38 | C7: XSBOXANA[0] | D7: =VLOOKUP("U1."&B7,'PIN REPORT'!$A:$G,7,0) -> DGND | E7: =VLOOKUP("U3."&B7,'PIN REPORT'!$A:$G,7,0) -> DGND | F7: =VLOOKUP("U5."&B7,'PIN REPORT'!$A:$G,7,0) -> DGND | G7: =VLOOKUP("U7."&B7,'PIN REPORT'!$A:$G,7,0) -> DGND
B8: A13 | C8: VSS | D8: =VLOOKUP("U1."&B8,'PIN REPORT'!$A:$G,7,0) -> DGND | E8: =VLOOKUP("U3."&B8,'PIN REPORT'!$A:$G,7,0) -> DGND | F8: =VLOOKUP("U5."&B8,'PIN REPORT'!$A:$G,7,0) -> DGND | G8: =VLOOKUP("U7."&B8,'PIN REPORT'!$A:$G,7,0) -> DGND
B9: A14 | C9: VSS | D9: =VLOOKUP("U1."&B9,'PIN REPORT'!$A:$G,7,0) -> DGND | E9: =VLOOKUP("U3."&B9,'PIN REPORT'!$A:$G,7,0) -> DGND | F9: =VLOOKUP("U5."&B9,'PIN REPORT'!$A:$G,7,0) -> DGND | G9: =VLOOKUP("U7."&B9,'PIN REPORT'!$A:$G,7,0) -> DGND
B10: A17 | C10: VSS | D10: =VLOOKUP("U1."&B10,'PIN REPORT'!$A:$G,7,0) -> DGND | E10: =VLOOKUP("U3."&B10,'PIN REPORT'!$A:$G,7,0) -> DGND | F10: =VLOOKUP("U5."&B10,'PIN REPORT'!$A:$G,7,0) -> DGND | G10: =VLOOKUP("U7."&B10,'PIN REPORT'!$A:$G,7,0) -> DGND
B11: A18 | C11: VSS | D11: =VLOOKUP("U1."&B11,'PIN REPORT'!$A:$G,7,0) -> DGND | E11: =VLOOKUP("U3."&B11,'PIN REPORT'!$A:$G,7,0) -> DGND | F11: =VLOOKUP("U5."&B11,'PIN REPORT'!$A:$G,7,0) -> DGND | G11: =VLOOKUP("U7."&B11,'PIN REPORT'!$A:$G,7,0) -> DGND
B12: A25 | C12: VSS | D12: =VLOOKUP("U1."&B12,'PIN REPORT'!$A:$G,7,0) -> DGND | E12: =VLOOKUP("U3."&B12,'PIN REPORT'!$A:$G,7,0) -> DGND | F12: =VLOOKUP("U5."&B12,'PIN REPORT'!$A:$G,7,0) -> DGND | G12: =VLOOKUP("U7."&B12,'PIN REPORT'!$A:$G,7,0) -> DGND
B13: A26 | C13: VSS | D13: =VLOOKUP("U1."&B13,'PIN REPORT'!$A:$G,7,0) -> DGND | E13: =VLOOKUP("U3."&B13,'PIN REPORT'!$A:$G,7,0) -> DGND | F13: =VLOOKUP("U5."&B13,'PIN REPORT'!$A:$G,7,0) -> DGND | G13: =VLOOKUP("U7."&B13,'PIN REPORT'!$A:$G,7,0) -> DGND
B14: A29 | C14: VSS | D14: =VLOOKUP("U1."&B14,'PIN REPORT'!$A:$G,7,0) -> DGND | E14: =VLOOKUP("U3."&B14,'PIN REPORT'!$A:$G,7,0) -> DGND | F14: =VLOOKUP("U5."&B14,'PIN REPORT'!$A:$G,7,0) -> DGND | G14: =VLOOKUP("U7."&B14,'PIN REPORT'!$A:$G,7,0) -> DGND
B15: A35 | C15: VSS | D15: =VLOOKUP("U1."&B15,'PIN REPORT'!$A:$G,7,0) -> DGND | E15: =VLOOKUP("U3."&B15,'PIN REPORT'!$A:$G,7,0) -> DGND | F15: =VLOOKUP("U5."&B15,'PIN REPORT'!$A:$G,7,0) -> DGND | G15: =VLOOKUP("U7."&B15,'PIN REPORT'!$A:$G,7,0) -> DGND
B16: A36 | C16: VSS | D16: =VLOOKUP("U1."&B16,'PIN REPORT'!$A:$G,7,0) -> DGND | E16: =VLOOKUP("U3."&B16,'PIN REPORT'!$A:$G,7,0) -> DGND | F16: =VLOOKUP("U5."&B16,'PIN REPORT'!$A:$G,7,0) -> DGND | G16: =VLOOKUP("U7."&B16,'PIN REPORT'!$A:$G,7,0) -> DGND
B17: A38 | C17: VSS | D17: =VLOOKUP("U1."&B17,'PIN REPORT'!$A:$G,7,0) -> DGND | E17: =VLOOKUP("U3."&B17,'PIN REPORT'!$A:$G,7,0) -> DGND | F17: =VLOOKUP("U5."&B17,'PIN REPORT'!$A:$G,7,0) -> DGND | G17: =VLOOKUP("U7."&B17,'PIN REPORT'!$A:$G,7,0) -> DGND
B18: A4 | C18: VSS | D18: =VLOOKUP("U1."&B18,'PIN REPORT'!$A:$G,7,0) -> DGND | E18: =VLOOKUP("U3."&B18,'PIN REPORT'!$A:$G,7,0) -> DGND | F18: =VLOOKUP("U5."&B18,'PIN REPORT'!$A:$G,7,0) -> DGND | G18: =VLOOKUP("U7."&B18,'PIN REPORT'!$A:$G,7,0) -> DGND
... B440: P34 | C440: XPSDFITS[9] | D440: =VLOOKUP("U1."&B440,'PIN REPORT'!$A:$G,7,0) -> DGND | E440: =VLOOKUP("U3."&B440,'PIN REPORT'!$A:$G,7,0) -> DGND | F440: =VLOOKUP("U5."&B440,'PIN REPORT'!$A:$G,7,0) -> DGND | G440: =VLOOKUP("U7."&B440,'PIN REPORT'!$A:$G,7,0) -> DGND

Sheet TRIGGER
D4: Site-1 | E4: 800 MDM | F4: DPS150 | G4: LCDPS | H4: PATCH PANEL
E5: J1607_PMDTRG0 | F5: J1206_HIMTRG
E6: J1604_PMDTRG0 | F6: J1207_HVBMP3
E7: J1601_PMDTRG0 | F7: J1208_LIMTRG | G7: J1209_LIMTRG
E9: J1607_PMDTRG1 | F9: J1205_HVBMP0
E10: J1604_PMDTRG1 | F10: J1207_HVBMP4
E11: J1601_PMDTRG1 | F11: J1208_LVBMP0 | G11: J1209_LVBMP0
E13: J1607_PMDTRG2 | F13: J1205_HVBMP1
E14: J1604_PMDTRG2 | F14: J1207_HVBMP5
E15: J1601_PMDTRG2 | F15: J1208_LVBMP1 | G15: J1209_LVBMP1
E17: J1607_PMDTRG3 | F17: J1207_HVBMP2
E18: J1604_PMDTRG3 | H18: J1713.AS16
D21: Site-3 | E21: 800 MDM | F21: DPS150 | G21: LCDPS | H21: PATCH PANEL
E22: J1801_PMDTRG0 | F22: J1402_HIMTRG
E23: J1804_PMDTRG0 | F23: J1403_HVBMP3
E24: J1807_PMDTRG0 | F24: J1404_LIMTRG | G24: J1405_LIMTRG
E26: J1801_PMDTRG1 | F26: J1401_HVBMP0
E27: J1804_PMDTRG1 | F27: J1403_HVBMP4
E28: J1807_PMDTRG1 | F28: J1404_LVBMP0 | G28: J1405_LVBMP0
E30: J1801_PMDTRG2 | F30: J1401_HVBMP1
E31: J1804_PMDTRG2 | F31: J1403_HVBMP5
E32: J1807_PMDTRG2 | F32: J1404_LVBMP1 | G32: J1405_LVBMP1
E34: J1801_PMDTRG3 | F34: J1403_HVBMP2
E35: J1804_PMDTRG3 | H35: J1713.BS16
D38: Site-5 | E38: 800 MDM | F38: DPS150 | G38: LCDPS | H38: PATCH PANEL
E39: J1703_PMDTRG0 | F39: J1303_HIMTRG
E40: J1706_PMDTRG0 | F40: J1302_HVBMP3
E41: J1709_PMDTRG0 | F41: J1301_LIMTRG | G41: J1407_LIMTRG
E43: J1703_PMDTRG1 | F43: J1304_HVBMP0
E44: J1706_PMDTRG1 | F44: J1302_HVBMP4
E45: J1709_PMDTRG1 | F45: J1301_LVBMP0 | G45: J1407_LVBMP0
E47: J1703_PMDTRG2 | F47: J1304_HVBMP1
E48: J1706_PMDTRG2 | F48: J1302_HVBMP5
E49: J1709_PMDTRG2 | F49: J1301_LVBMP1 | G49: J1407_LVBMP1
E51: J1703_PMDTRG3 | F51: J1302_HVBMP2
E52: J1706_PMDTRG3 | H52: J1713.CS16
D55: Site-7 | E55: 800 MDM | F55: DPS150 | G55: LCDPS | H55: PATCH PANEL
E56: J1509_PMDTRG0 | F56: J1103_HIMTRG
E57: J1506_PMDTRG0 | F57: J1102_HVBMP3
E58: J1503_PMDTRG0 | F58: J1101_LIMTRG | G58: J1106_LIMTRG
E60: J1509_PMDTRG1 | F60: J1104_HVBMP0
E61: J1506_PMDTRG1 | F61: J1102_HVBMP4
E62: J1503_PMDTRG1 | F62: J1101_LVBMP0 | G62: J1106_LVBMP0
E64: J1509_PMDTRG2 | F64: J1104_HVBMP1
E65: J1506_PMDTRG2 | F65: J1102_HVBMP5
E66: J1503_PMDTRG2 | F66: J1101_LVBMP1 | G66: J1106_LVBMP1
E68: J1509_PMDTRG3 | F68: J1102_HVBMP2
E69: J1506_PMDTRG3 | H69: J1713.DS15

Sheet UTILITY
D5: SITE-1 | E5: SITE-3 | F5: SITE-5 | G5: SITE-7
C6: UTILITY BIT AT RELAY (K20)FOR SPECIAL POWER | D6: J1212_XCW00 | E6: J1112_XCW00 | F6: J1312_XCW00 | G6: J1412_XCW00
C7: UTILITY BIT AT RELAY (K17) FOR DRIVER CIRCUIT | D7: J1212_XCW01 | E7: J1112_XCW01 | F7: J1312_XCW01 | G7: J1412_XCW01
C8: UTILITY BIT AT RELAY (K18) FOR DRIVER CIRCUIT | D8: J1212_XCW02 | E8: J1112_XCW02 | F8: J1312_XCW02 | G8: J1412_XCW02
C9: PCI_CRTL_MAIN | D9: U1_PCI_CTRL_MAIN | E9: U3_PCI_CTRL_MAIN | F9: U5_PCI_CTRL_MAIN | G9: U7_PCI_CTRL_MAIN
C10: PCI_CRTL_SEC | D10: U1_PCI_CTRL_SEC | E10: U3_PCI_CTRL_SEC | F10: U5_PCI_CTRL_SEC | G10: U7_PCI_CTRL_SEC

Sheet TCI
D2: SITE-1
D3: CUSTOMER PINLIST | F3: R&D-ALTANOVA ASSIGNMENT
D5: Ball Location | E5: Ball Name | F5: NETNAME | G5: TCI PINS
D6: J32 | E6: XRTDA | F6: ="U1_"&E6 -> U1_XRTDA | G6: =VLOOKUP("U1."&D6,'PIN REPORT'!$A:$G,7,0) -> J1313_R1TD2I+ | H6: J1313_R1TD2V+
D7: J31 | E7: XRTDB | F7: ="U1_"&E7 -> U1_XRTDB | G7: =VLOOKUP("U1."&D7,'PIN REPORT'!$A:$G,7,0) -> J1313_R1TD2I- | H7: J1313_R1TD2V-
D8: K36 | E8: XTHERMDA | F8: ="U1_"&E8 -> U1_XTHERMDA | G8: =VLOOKUP("U1."&D8,'PIN REPORT'!$A:$G,7,0) -> J1313_R1TD1I+ | H8: J1313_R1TD1V+
D9: J40 | E9: XTHERMDC | F9: ="U1_"&E9 -> U1_XTHERMDC | G9: =VLOOKUP("U1."&D9,'PIN REPORT'!$A:$G,7,0) -> J1313_R1TD1I- | H9: J1313_R1TD1V-
D11: SITE-3
D12: CUSTOMER PINLIST | F12: R&D-ALTANOVA ASSIGNMENT
D14: Ball Location | E14: Ball Name | F14: NETNAME | G14: TCI PINS
D15: J32 | E15: XRTDA | F15: ="U3_"&E15 -> U3_XRTDA | G15: =VLOOKUP("U3."&D15,'PIN REPORT'!$A:$G,7,0) -> J1413_R1TD2I+ | H15: J1413_R1TD2V+
D16: J31 | E16: XRTDB | F16: ="U3_"&E16 -> U3_XRTDB | G16: =VLOOKUP("U3."&D16,'PIN REPORT'!$A:$G,7,0) -> J1413_R1TD2I- | H16: J1413_R1TD2V-
D17: K36 | E17: XTHERMDA | F17: ="U3_"&E17 -> U3_XTHERMDA | G17: =VLOOKUP("U3."&D17,'PIN REPORT'!$A:$G,7,0) -> J1413_R1TD1I+ | H17: J1413_R1TD1V+
D18: J40 | E18: XTHERMDC | F18: ="U3_"&E18 -> U3_XTHERMDC | G18: =VLOOKUP("U3."&D18,'PIN REPORT'!$A:$G,7,0) -> J1413_R1TD1I- | H18: J1413_R1TD1V-
D21: SITE-5
D22: CUSTOMER PINLIST | F22: R&D-ALTANOVA ASSIGNMENT
D24: Ball Location | E24: Ball Name | F24: NETNAME | G24: TCI PINS
D25: J32 | E25: XRTDA | F25: ="U5_"&E25 -> U5_XRTDA | G25: =VLOOKUP("U5."&D25,'PIN REPORT'!$A:$G,7,0) -> J1313_R2TD2I+ | H25: J1313_R2TD2V+
D26: J31 | E26: XRTDB | F26: ="U5_"&E26 -> U5_XRTDB | G26: =VLOOKUP("U5."&D26,'PIN REPORT'!$A:$G,7,0) -> J1313_R2TD2I- | H26: J1313_R2TD2V-
D27: K36 | E27: XTHERMDA | F27: ="U5_"&E27 -> U5_XTHERMDA | G27: =VLOOKUP("U5."&D27,'PIN REPORT'!$A:$G,7,0) -> J1313_R2TD1I+ | H27: J1313_R2TD1V+
D28: J40 | E28: XTHERMDC | F28: ="U5_"&E28 -> U5_XTHERMDC | G28: =VLOOKUP("U5."&D28,'PIN REPORT'!$A:$G,7,0) -> J1313_R2TD1I- | H28: J1313_R2TD1V-
D31: SITE-7
D32: CUSTOMER PINLIST | F32: R&D-ALTANOVA ASSIGNMENT
D34: Ball Location | E34: Ball Name | F34: NETNAME | G34: TCI PINS
D35: J32 | E35: XRTDA | F35: ="U7_"&E35 -> U7_XRTDA | G35: =VLOOKUP("U7."&D35,'PIN REPORT'!$A:$G,7,0) -> J1413_R2TD2I+ | H35: J1413_R2TD2V+
D36: J31 | E36: XRTDB | F36: ="U7_"&E36 -> U7_XRTDB | G36: =VLOOKUP("U7."&D36,'PIN REPORT'!$A:$G,7,0) -> J1413_R2TD2I- | H36: J1413_R2TD2V-
D37: K36 | E37: XTHERMDA | F37: ="U7_"&E37 -> U7_XTHERMDA | G37: =VLOOKUP("U7."&D37,'PIN REPORT'!$A:$G,7,0) -> J1413_R2TD1I+ | H37: J1413_R2TD1V+
D38: J40 | E38: XTHERMDC | F38: ="U7_"&E38 -> U7_XTHERMDC | G38: =VLOOKUP("U7."&D38,'PIN REPORT'!$A:$G,7,0) -> J1413_R2TD1I- | H38: J1413_R2TD1V-

Sheet SENSE PINS FOR HC SUPPLIES
F12: SITE-1 | G12: SITE-3 | H12: SITE-5 | I12: SITE-7
F14: R&D-ALTANOVA ASSIGNMENT | G14: R&D-ALTANOVA ASSIGNMENT | H14: R&D-ALTANOVA ASSIGNMENT | I14: R&D-ALTANOVA ASSIGNMENT
D16: Ball Location | E16: Ball Name
D17: L11 | E17: VCC_SENSE1 | F17: =VLOOKUP("U1."&D17,'PIN REPORT'!$A:$G,7,0) -> J1205_HDP1S | G17: =VLOOKUP("U3."&D17,'PIN REPORT'!$A:$G,7,0) -> J1401_HDP1S | H17: =VLOOKUP("U5."&D17,'PIN REPORT'!$A:$G,7,0) -> J1304_HDP1S | I17: =VLOOKUP("U7."&D17,'PIN REPORT'!$A:$G,7,0) -> J1104_HDP1S
D18: L24 | E18: VCC_SENSE2 | F18: =VLOOKUP("U1."&D18,'PIN REPORT'!$A:$G,7,0) -> J1205_HDP1S | G18: =VLOOKUP("U3."&D18,'PIN REPORT'!$A:$G,7,0) -> J1401_HDP1S | H18: =VLOOKUP("U5."&D18,'PIN REPORT'!$A:$G,7,0) -> J1304_HDP1S | I18: =VLOOKUP("U7."&D18,'PIN REPORT'!$A:$G,7,0) -> J1104_HDP1S
D19: AJ19 | E19: VCCG_SENSE1 | F19: =VLOOKUP("U1."&D19,'PIN REPORT'!$A:$G,7,0) -> J1208_HDP7S | G19: =VLOOKUP("U3."&D19,'PIN REPORT'!$A:$G,7,0) -> J1404_HDP7S | H19: =VLOOKUP("U5."&D19,'PIN REPORT'!$A:$G,7,0) -> J1301_HDP7S | I19: =VLOOKUP("U7."&D19,'PIN REPORT'!$A:$G,7,0) -> J1101_HDP7S
D20: AP7 | E20: VCCG_SENSE2 | F20: =VLOOKUP("U1."&D20,'PIN REPORT'!$A:$G,7,0) -> J1208_HDP7S | G20: =VLOOKUP("U3."&D20,'PIN REPORT'!$A:$G,7,0) -> J1404_HDP7S | H20: =VLOOKUP("U5."&D20,'PIN REPORT'!$A:$G,7,0) -> J1301_HDP7S | I20: =VLOOKUP("U7."&D20,'PIN REPORT'!$A:$G,7,0) -> J1101_HDP7S

Sheet MONITOR ASSIGNEMT
C3: HVMONI/HIMONI
C5: SITE-1 | D5: SITE-3 | E5: SITE-5 | F5: SITE-7
B6: HVMONI | C6: J1205_HVMONI | D6: J1401_HVMONI | E6: J1304_HVMONI | F6: J1104_HVMONI
B7: HIMONI | C7: J1205_HIMONI | D7: J1401_HIMONI | E7: J1304_HIMONI | F7: J1104_HIMONI
B11: 800 MDM ASSIGNMENT ON PATCH PANEL (J1713)
B13: SITE-1 | D13: SITE-3 | F13: SITE-5 | H13: SITE-7
B14: PATCH PANEL PIN NUMBER | C14: 800 MDM ASSIGNMENT | D14: PATCH PANEL PIN NUMBER | E14: 800 MDM ASSIGNMENT | F14: PATCH PANEL PIN NUMBER | G14: 800 MDM ASSIGNMENT | H14: PATCH PANEL PIN NUMBER | I14: 800 MDM ASSIGNMENT
B15: J1713.AS15 | C15: J1601_PIN30 | D15: J1713.BS15 | E15: J1803_PIN94 | F15: J1713.CS15 | G15: J1709_PIN40 | H15: J1713.DS14 | I15: J1508_PIN73

Sheet PIN REPORT
B1: Design Name D:/AWAIS.KHAN_JOBS/Intel-4651/November/21-Nov/INTEL-4651-X74B SRAMCOLL-BRD-64.brd
B2: Date Fri Nov 21 17:54:30 2014
B3: Component Pin Report
B4: REFDES | C4: PIN_NUMBER | D4: COMP_DEVICE_TYPE | E4: PIN_TYPE | F4: PIN_NAME | G4: NET_NAME
A5: =B5&"."&C5 -> A1.1 | B5: A1 | C5: 1 | D5: INTEL680_STIFFENER_INTEL680_STI | E5: BI | F5: 1 | G5: CHASSIS_GND
A6: =B6&"."&C6 -> C1.1 | B6: C1 | C6: 1 | D6: 03000E-22_03000E-22_0.1UF | E6: UNSPEC | F6: 1 | G6: DGND
A7: =B7&"."&C7 -> C1.2 | B7: C1 | C7: 2 | D7: 03000E-22_03000E-22_0.1UF | E7: UNSPEC | F7: 2 | G7: N15582677
A8: =B8&"."&C8 -> C3.1 | B8: C3 | C8: 1 | D8: 03000E-22_03000E-22_0.1UF | E8: UNSPEC | F8: 1 | G8: DGND
A9: =B9&"."&C9 -> C3.2 | B9: C3 | C9: 2 | D9: 03000E-22_03000E-22_0.1UF | E9: UNSPEC | F9: 2 | G9: N15643198
A10: =B10&"."&C10 -> C5.1 | B10: C5 | C10: 1 | D10: 03000E-22_03000E-22_0.1UF | E10: UNSPEC | F10: 1 | G10: DGND
A11: =B11&"."&C11 -> C5.2 | B11: C5 | C11: 2 | D11: 03000E-22_03000E-22_0.1UF | E11: UNSPEC | F11: 2 | G11: N15643877
A12: =B12&"."&C12 -> C7.1 | B12: C7 | C12: 1 | D12: 03000E-22_03000E-22_0.1UF | E12: UNSPEC | F12: 1 | G12: DGND
A13: =B13&"."&C13 -> C7.2 | B13: C7 | C13: 2 | D13: 03000E-22_03000E-22_0.1UF | E13: UNSPEC | F13: 2 | G13: N15644566
A14: =B14&"."&C14 -> D1.A | B14: D1 | C14: A | D14: 08118A_08118A_{VALUE} | E14: UNSPEC | F14: ANODE | G14: J1113_UP5V
A15: =B15&"."&C15 -> D1.K | B15: D1 | C15: K | D15: 08118A_08118A_{VALUE} | E15: UNSPEC | F15: CATHODE | G15: N15582677
A16: =B16&"."&C16 -> D2.A | B16: D2 | C16: A | D16: 08118A_08118A_{VALUE} | E16: UNSPEC | F16: ANODE | G16: N25050915
A17: =B17&"."&C17 -> D2.K | B17: D2 | C17: K | D17: 08118A_08118A_{VALUE} | E17: UNSPEC | F17: CATHODE | G17: N15582677
A18: =B18&"."&C18 -> D3.A | B18: D3 | C18: A | D18: 08118A_08118A_{VALUE} | E18: UNSPEC | F18: ANODE | G18: J1113_UP5V
A19: =B19&"."&C19 -> D3.K | B19: D3 | C19: K | D19: 08118A_08118A_{VALUE} | E19: UNSPEC | F19: CATHODE | G19: N15643198
A20: =B20&"."&C20 -> D4.A | B20: D4 | C20: A | D20: 08118A_08118A_{VALUE} | E20: UNSPEC | F20: ANODE | G20: N25051289
A21: =B21&"."&C21 -> D4.K | B21: D4 | C21: K | D21: 08118A_08118A_{VALUE} | E21: UNSPEC | F21: CATHODE | G21: N15643198
A22: =B22&"."&C22 -> D5.A | B22: D5 | C22: A | D22: 08118A_08118A_{VALUE} | E22: UNSPEC | F22: ANODE | G22: J1113_UP5V
A23: =B23&"."&C23 -> D5.K | B23: D5 | C23: K | D23: 08118A_08118A_{VALUE} | E23: UNSPEC | F23: CATHODE | G23: N15643877
A24: =B24&"."&C24 -> D6.A | B24: D6 | C24: A | D24: 08118A_08118A_{VALUE} | E24: UNSPEC | F24: ANODE | G24: N25051156
A25: =B25&"."&C25 -> D6.K | B25: D6 | C25: K | D25: 08118A_08118A_{VALUE} | E25: UNSPEC | F25: CATHODE | G25: N15643877
... A29: =B29&"."&C29 -> D8.K | B29: D8 | C29: K | D29: 08118A_08118A_{VALUE} | E29: UNSPEC | F29: CATHODE | G29: N15644566
A30: =B30&"."&C30 -> E1.1 | B30: E1 | C30: 1 | D30: 05333A_05333A_{VALUE} | E30: UNSPEC | F30: A0 | G30: N15582641
A31: =B31&"."&C31 -> E1.2 | B31: E1 | C31: 2 | D31: 05333A_05333A_{VALUE} | E31: UNSPEC | F31: A1
A32: =B32&"."&C32 -> E1.3 | B32: E1 | C32: 3 | D32: 05333A_05333A_{VALUE} | E32: UNSPEC | F32: A2
A33: =B33&"."&C33 -> E1.4 | B33: E1 | C33: 4 | D33: 05333A_05333A_{VALUE} | E33: UNSPEC | F33: VSS | G33: DGND
A34: =B34&"."&C34 -> E1.5 | B34: E1 | C34: 5 | D34: 05333A_05333A_{VALUE} | E34: UNSPEC | F34: SDA | G34: J1212_CSDA
A35: =B35&"."&C35 -> E1.6 | B35: E1 | C35: 6 | D35: 05333A_05333A_{VALUE} | E35: UNSPEC | F35: SCL | G35: J1212_CSCL
A36: =B36&"."&C36 -> E1.7 | B36: E1 | C36: 7 | D36: 05333A_05333A_{VALUE} | E36: UNSPEC | F36: WP
A37: =B37&"."&C37 -> E1.8 | B37: E1 | C37: 8 | D37: 05333A_05333A_{VALUE} | E37: UNSPEC | F37: VCC | G37: N15582677
A38: =B38&"."&C38 -> E3.1 | B38: E3 | C38: 1 | D38: 05333A_05333A_{VALUE} | E38: UNSPEC | F38: A0 | G38: N15643330
A39: =B39&"."&C39 -> E3.2 | B39: E3 | C39: 2 | D39: 05333A_05333A_{VALUE} | E39: UNSPEC | F39: A1
A40: =B40&"."&C40 -> E3.3 | B40: E3 | C40: 3 | D40: 05333A_05333A_{VALUE} | E40: UNSPEC | F40: A2
A41: =B41&"."&C41 -> E3.4 | B41: E3 | C41: 4 | D41: 05333A_05333A_{VALUE} | E41: UNSPEC | F41: VSS | G41: DGND
A42: =B42&"."&C42 -> E3.5 | B42: E3 | C42: 5 | D42: 05333A_05333A_{VALUE} | E42: UNSPEC | F42: SDA | G42: J1112_CSDA
A43: =B43&"."&C43 -> E3.6 | B43: E3 | C43: 6 | D43: 05333A_05333A_{VALUE} | E43: UNSPEC | F43: SCL | G43: J1112_CSCL
A44: =B44&"."&C44 -> E3.7 | B44: E3 | C44: 7 | D44: 05333A_05333A_{VALUE} | E44: UNSPEC | F44: WP
A45: =B45&"."&C45 -> E3.8 | B45: E3 | C45: 8 | D45: 05333A_05333A_{VALUE} | E45: UNSPEC | F45: VCC | G45: N15643198
A46: =B46&"."&C46 -> E5.1 | B46: E5 | C46: 1 | D46: 05333A_05333A_{VALUE} | E46: UNSPEC | F46: A0 | G46: N15644009
A47: =B47&"."&C47 -> E5.2 | B47: E5 | C47: 2 | D47: 05333A_05333A_{VALUE} | E47: UNSPEC | F47: A1
A48: =B48&"."&C48 -> E5.3 | B48: E5 | C48: 3 | D48: 05333A_05333A_{VALUE} | E48: UNSPEC | F48: A2
A49: =B49&"."&C49 -> E5.4 | B49: E5 | C49: 4 | D49: 05333A_05333A_{VALUE} | E49: UNSPEC | F49: VSS | G49: DGND
A50: =B50&"."&C50 -> E5.5 | B50: E5 | C50: 5 | D50: 05333A_05333A_{VALUE} | E50: UNSPEC | F50: SDA | G50: J1312_CSDA
A51: =B51&"."&C51 -> E5.6 | B51: E5 | C51: 6 | D51: 05333A_05333A_{VALUE} | E51: UNSPEC | F51: SCL | G51: J1312_CSCL
A52: =B52&"."&C52 -> E5.7 | B52: E5 | C52: 7 | D52: 05333A_05333A_{VALUE} | E52: UNSPEC | F52: WP
A53: =B53&"."&C53 -> E5.8 | B53: E5 | C53: 8 | D53: 05333A_05333A_{VALUE} | E53: UNSPEC | F53: VCC | G53: N15643877
A54: =B54&"."&C54 -> E7.1 | B54: E7 | C54: 1 | D54: 05333A_05333A_{VALUE} | E54: UNSPEC | F54: A0 | G54: N15644698
A55: =B55&"."&C55 -> E7.2 | B55: E7 | C55: 2 | D55: 05333A_05333A_{VALUE} | E55: UNSPEC | F55: A1
A56: =B56&"."&C56 -> E7.3 | B56: E7 | C56: 3 | D56: 05333A_05333A_{VALUE} | E56: UNSPEC | F56: A2
A57: =B57&"."&C57 -> E7.4 | B57: E7 | C57: 4 | D57: 05333A_05333A_{VALUE} | E57: UNSPEC | F57: VSS | G57: DGND
A58: =B58&"."&C58 -> E7.5 | B58: E7 | C58: 5 | D58: 05333A_05333A_{VALUE} | E58: UNSPEC | F58: SDA | G58: J1412_CSDA
A59: =B59&"."&C59 -> E7.6 | B59: E7 | C59: 6 | D59: 05333A_05333A_{VALUE} | E59: UNSPEC | F59: SCL | G59: J1412_CSCL
A60: =B60&"."&C60 -> E7.7 | B60: E7 | C60: 7 | D60: 05333A_05333A_{VALUE} | E60: UNSPEC | F60: WP
A61: =B61&"."&C61 -> E7.8 | B61: E7 | C61: 8 | D61: 05333A_05333A_{VALUE} | E61: UNSPEC | F61: VCC | G61: N15644566
A62: =B62&"."&C62 -> FIDPB1.1 | B62: FIDPB1 | C62: 1 | D62: FIDUCIAL_FIDUCIAL_NOB | E62: BI | F62: 1
A63: =B63&"."&C63 -> FIDPB2.1 | B63: FIDPB2 | C63: 1 | D63: FIDUCIAL_FIDUCIAL_NOB | E63: BI | F63: 1
A64: =B64&"."&C64 -> FIDPB3.1 | B64: FIDPB3 | C64: 1 | D64: FIDUCIAL_FIDUCIAL_NOB | E64: BI | F64: 1
A65: =B65&"."&C65 -> FIDPB4.1 | B65: FIDPB4 | C65: 1 | D65: FIDUCIAL_FIDUCIAL_NOB | E65: BI | F65: 1
A66: =B66&"."&C66 -> FIDPT1.1 | B66: FIDPT1 | C66: 1 | D66: FIDUCIAL_FIDUCIAL_NOB | E66: BI | F66: 1
A67: =B67&"."&C67 -> FIDPT2.1 | B67: FIDPT2 | C67: 1 | D67: FIDUCIAL_FIDUCIAL_NOB | E67: BI | F67: 1
A68: =B68&"."&C68 -> FIDPT3.1 | B68: FIDPT3 | C68: 1 | D68: FIDUCIAL_FIDUCIAL_NOB | E68: BI | F68: 1
A69: =B69&"."&C69 -> FIDPT4.1 | B69: FIDPT4 | C69: 1 | D69: FIDUCIAL_FIDUCIAL_NOB | E69: BI | F69: 1
A70: =B70&"."&C70 -> J1.1 | B70: J1 | C70: 1 | D70: 04275B_04275B_{VALUE} | E70: UNSPEC | F70: 1
A71: =B71&"."&C71 -> J1.2 | B71: J1 | C71: 2 | D71: 04275B_04275B_{VALUE} | E71: UNSPEC | F71: 2 | G71: N25050915
A72: =B72&"."&C72 -> J1.3 | B72: J1 | C72: 3 | D72: 04275B_04275B_{VALUE} | E72: UNSPEC | F72: 3 | G72: DGND
A73: =B73&"."&C73 -> J1.4 | B73: J1 | C73: 4 | D73: 04275B_04275B_{VALUE} | E73: UNSPEC | F73: 4 | G73: J1212_CSDA
A74: =B74&"."&C74 -> J1.5 | B74: J1 | C74: 5 | D74: 04275B_04275B_{VALUE} | E74: UNSPEC | F74: 5 | G74: J1212_CSCL
A75: =B75&"."&C75 -> J1.6 | B75: J1 | C75: 6 | D75: 04275B_04275B_{VALUE} | E75: UNSPEC | F75: 6
A76: =B76&"."&C76 -> J3.1 | B76: J3 | C76: 1 | D76: 04275B_04275B_{VALUE} | E76: UNSPEC | F76: 1
A77: =B77&"."&C77 -> J3.2 | B77: J3 | C77: 2 | D77: 04275B_04275B_{VALUE} | E77: UNSPEC | F77: 2 | G77: N25051289
A78: =B78&"."&C78 -> J3.3 | B78: J3 | C78: 3 | D78: 04275B_04275B_{VALUE} | E78: UNSPEC | F78: 3 | G78: DGND
A79: =B79&"."&C79 -> J3.4 | B79: J3 | C79: 4 | D79: 04275B_04275B_{VALUE} | E79: UNSPEC | F79: 4 | G79: J1112_CSDA
A80: =B80&"."&C80 -> J3.5 | B80: J3 | C80: 5 | D80: 04275B_04275B_{VALUE} | E80: UNSPEC | F80: 5 | G80: J1112_CSCL
A81: =B81&"."&C81 -> J3.6 | B81: J3 | C81: 6 | D81: 04275B_04275B_{VALUE} | E81: UNSPEC | F81: 6
A82: =B82&"."&C82 -> J5.1 | B82: J5 | C82: 1 | D82: 04275B_04275B_{VALUE} | E82: UNSPEC | F82: 1
A83: =B83&"."&C83 -> J5.2 | B83: J5 | C83: 2 | D83: 04275B_04275B_{VALUE} | E83: UNSPEC | F83: 2 | G83: N25051156
A84: =B84&"."&C84 -> J5.3 | B84: J5 | C84: 3 | D84: 04275B_04275B_{VALUE} | E84: UNSPEC | F84: 3 | G84: DGND
A85: =B85&"."&C85 -> J5.4 | B85: J5 | C85: 4 | D85: 04275B_04275B_{VALUE} | E85: UNSPEC | F85: 4 | G85: J1312_CSDA
A86: =B86&"."&C86 -> J5.5 | B86: J5 | C86: 5 | D86: 04275B_04275B_{VALUE} | E86: UNSPEC | F86: 5 | G86: J1312_CSCL
A87: =B87&"."&C87 -> J5.6 | B87: J5 | C87: 6 | D87: 04275B_04275B_{VALUE} | E87: UNSPEC | F87: 6
A88: =B88&"."&C88 -> J7.1 | B88: J7 | C88: 1 | D88: 04275B_04275B_{VALUE} | E88: UNSPEC | F88: 1
A89: =B89&"."&C89 -> J7.2 | B89: J7 | C89: 2 | D89: 04275B_04275B_{VALUE} | E89: UNSPEC | F89: 2 | G89: N25051410
A90: =B90&"."&C90 -> J7.3 | B90: J7 | C90: 3 | D90: 04275B_04275B_{VALUE} | E90: UNSPEC | F90: 3 | G90: DGND
A91: =B91&"."&C91 -> J7.4 | B91: J7 | C91: 4 | D91: 04275B_04275B_{VALUE} | E91: UNSPEC | F91: 4 | G91: J1412_CSDA
A92: =B92&"."&C92 -> J7.5 | B92: J7 | C92: 5 | D92: 04275B_04275B_{VALUE} | E92: UNSPEC | F92: 5 | G92: J1412_CSCL
A93: =B93&"."&C93 -> J7.6 | B93: J7 | C93: 6 | D93: 04275B_04275B_{VALUE} | E93: UNSPEC | F93: 6
A94: =B94&"."&C94 -> J1101.AS2 | B94: J1101 | C94: AS2 | D94: DPS150A_SL4_60-CHANNEL-CONNECTO | E94: UNSPEC | F94: HDP8F | G94: J1101_HDP7F
A95: =B95&"."&C95 -> J1101.AS3 | B95: J1101 | C95: AS3 | D95: DPS150A_SL4_60-CHANNEL-CONNECTO | E95: UNSPEC | F95: HDP8F2 | G95: J1101_HDP7F
A96: =B96&"."&C96 -> J1101.AS4 | B96: J1101 | C96: AS4 | D96: DPS150A_SL4_60-CHANNEL-CONNECTO | E96: UNSPEC | F96: HDP8F3 | G96: J1101_HDP7F
A97: =B97&"."&C97 -> J1101.AS5 | B97: J1101 | C97: AS5 | D97: DPS150A_SL4_60-CHANNEL-CONNECTO | E97: UNSPEC | F97: HDP8F4 | G97: J1101_HDP7F
A98: =B98&"."&C98 -> J1101.AS6 | B98: J1101 | C98: AS6 | D98: DPS150A_SL4_60-CHANNEL-CONNECTO | E98: UNSPEC | F98: HDP8F5 | G98: J1101_HDP7F
A99: =B99&"."&C99 -> J1101.AS7 | B99: J1101 | C99: AS7 | D99: DPS150A_SL4_60-CHANNEL-CONNECTO | E99: UNSPEC | F99: HDP8F6 | G99: J1101_HDP7F
A100: =B100&"."&C100 -> J1101.AS8 | B100: J1101 | C100: AS8 | D100: DPS150A_SL4_60-CHANNEL-CONNECTO | E100: UNSPEC | F100: LSLAV7 | G100: J1101_LSLAV7
A101: =B101&"."&C101 -> J1101.AS9 | B101: J1101 | C101: AS9 | D101: DPS150A_SL4_60-CHANNEL-CONNECTO | E101: UNSPEC | F101: LDP8S | G101: J1101_LDP8F
A102: =B102&"."&C102 -> J1101.AS10 | B102: J1101 | C102: AS10 | D102: DPS150A_SL4_60-CHANNEL-CONNECTO | E102: UNSPEC | F102: LCPS8 | G102: J1101_LCPS8
A103: =B103&"."&C103 -> J1101.AS11 | B103: J1101 | C103: AS11 | D103: DPS150A_SL4_60-CHANNEL-CONNECTO | E103: UNSPEC | F103: LHGND2 | G103: DGND
...

Sheet NELIST REPORT
A1: Design Name D:/AWAIS.KHAN_JOBS/Intel-4651/November/OK-555/INTEL-4651-X74B SRAMCOLL-BRD-41.brd
A2: Date Wed Nov 19 15:38:49 2014
A3: Net List Report
A4: Net Name | B4: Net Pins
A5: CHASSIS_GND | B5: A1.1 | C5: RCHASSIS.2
A6: DGND | B6: C1.1 | C6: C3.1 | D6: C5.1 | E6: C7.1 | F6: E1.4 | G6: E3.4 | H6: E5.4 | I6: E7.4 | J6: J1.3 | K6: J3.3 | L6: J5.3 | M6: J7.3 | N6: J1101.AS11 | O6: J1101.AX2 | P6: J1101.AX3 | Q6: J1101.AX4 | R6: J1101.AX5 | S6: J1101.AX6 | T6: J1101.AX7 | U6: J1101.AX9 | V6: J1101.AX10 | W6: J1101.AX11 | X6: J1101.AX13 | Y6: J1101.AY2 | Z6: J1101.AY3 | AA6: J1101.AY4 | AB6: J1101.AY5 | AC6: J1101.AY6 | AD6: J1101.AY7 | AE6: J1101.AY9 | AF6: J1101.AY10 | AG6: J1101.AY11 | AH6: J1101.AY13 | AI6: J1101.BS2 | AJ6: J1101.BS3 | AK6: J1101.BS4 | AL6: J1101.BS5 | AM6: J1101.BS6 | AN6: J1101.BS7 | AO6: J1101.BS11 | AP6: J1101.BX9 | AQ6: J1101.BX10 | AR6: J1101.BX11 | AS6: J1101.BX13 | AT6: J1101.BX15 | AU6: J1101.BY9 | AV6: J1101.BY10 | AW6: J1101.BY11 | AX6: J1101.BY13 | AY6: J1101.BY15 | AZ6: J1101.CX1 | BA6: J1101.CX2 | BB6: J1101.CX3 | BC6: J1101.CX4 | BD6: J1101.CX6 | BE6: J1101.CX7 | BF6: J1101.CX9 | BG6: J1101.CX10 | BH6: J1101.CX12 | BI6: J1101.CX14 | BJ6: J1101.CY1 | BK6: J1101.CY2 | BL6: J1101.CY3 | BM6: J1101.CY4 | BN6: J1101.CY6 | BO6: J1101.CY7 | BP6: J1101.CY9 | BQ6: J1101.CY10 | BR6: J1101.CY12 | BS6: J1101.CY14 | BT6: J1101.DS1 | BU6: J1101.DS2 | BV6: J1101.DS3 | BW6: J1101.DS4 | BX6: J1101.DS6 | BY6: J1101.DS7 | BZ6: J1101.DS12 | CA6: J1101.DX9 | CB6: J1101.DX10 | CC6: J1101.DX12 | CD6: J1101.DX14 | CE6: J1101.DY9 | CF6: J1101.DY10 | CG6: J1101.DY12 | CH6: J1101.DY14 | CI6: J1102.AX2 | CJ6: J1102.AX3 | CK6: J1102.AX4 | CL6: J1102.AX5 | CM6: J1102.AX6 | CN6: J1102.AX7 | CO6: J1102.AX9 | CP6: J1102.AX10 | CQ6: J1102.AX13 | CR6: J1102.AX15 | CS6: J1102.AY2 | CT6: J1102.AY3 | CU6: J1102.AY4 | CV6: J1102.AY5 | CW6: J1102.AY6 | CX6: J1102.AY7 | CY6: J1102.AY9 | CZ6: J1102.AY10 | DA6: J1102.AY13 | DB6: J1102.AY15 | DC6: J1102.BS2 | DD6: J1102.BS3 | DE6: J1102.BS4 | DF6: J1102.BS5 | DG6: J1102.BS6 | DH6: J1102.BS7 | DI6: J1102.BX9 | DJ6: J1102.BX10 | DK6: J1102.BX13 | DL6: J1102.BX15 | DM6: J1102.BY9 | DN6: J1102.BY10 | DO6: J1102.BY13 | DP6: J1102.BY15 | DQ6: J1102.CX1 | DR6: J1102.CX2 | DS6: J1102.CX3 | DT6: J1102.CX4 | DU6: J1102.CX6 | DV6: J1102.CX7 | DW6: J1102.CX9 | DX6: J1102.CX10 | DY6: J1102.CX12 | DZ6: J1102.CX14 | EA6: J1102.CY1 | EB6: J1102.CY2 | EC6: J1102.CY3 | ED6: J1102.CY4 | EE6: J1102.CY6 | EF6: J1102.CY7 | EG6: J1102.CY9 | EH6: J1102.CY10 | EI6: J1102.CY12 | EJ6: J1102.CY14 | EK6: J1102.DS1 | EL6: J1102.DS2 | EM6: J1102.DS3 | EN6: J1102.DS4 | EO6: J1102.DS6 | EP6: J1102.DS7 | EQ6: J1102.DX9 | ER6: J1102.DX10 | ES6: J1102.DX12 | ET6: J1102.DX14 | EU6: J1102.DY9 | EV6: J1102.DY10 | EW6: J1102.DY12 | EX6: J1102.DY14 | EY6: J1103.AS15 | EZ6: J1103.AX2 | FA6: J1103.AX3 | FB6: J1103.AX4 | FC6: J1103.AX5 | FD6: J1103.AX6 | FE6: J1103.AX7 | FF6: J1103.AX9 | FG6: J1103.AX10 | FH6: J1103.AX13 | FI6: J1103.AX15 | FJ6: J1103.AY2 | FK6: J1103.AY3 | FL6: J1103.AY4 | FM6: J1103.AY5 | FN6: J1103.AY6 | FO6: J1103.AY7 | FP6: J1103.AY9 | FQ6: J1103.AY10 | FR6: J1103.AY13 | FS6: J1103.AY15 | FT6: J1103.BS2 | FU6: J1103.BS3 | FV6: J1103.BS4 | FW6: J1103.BS5 | FX6: J1103.BS6 | FY6: J1103.BS7 | FZ6: J1103.BX9 | GA6: J1103.BX10 | GB6: J1103.BX11 | GC6: J1103.BX13 | GD6: J1103.BY9 | GE6: J1103.BY10 | GF6: J1103.BY11 | GG6: J1103.BY13 | GH6: J1103.CX1 | GI6: J1103.CX2 | GJ6: J1103.CX3 | GK6: J1103.CX4 | GL6: J1103.CX6 | GM6: J1103.CX7 | GN6: J1103.CX9 | GO6: J1103.CX10 | GP6: J1103.CX12 | GQ6: J1103.CY1 | GR6: J1103.CY2 | GS6: J1103.CY3 | GT6: J1103.CY4 | GU6: J1103.CY6 | GV6: J1103.CY7 | GW6: J1103.CY9 | GX6: J1103.CY10 | GY6: J1103.CY12 | GZ6: J1103.DS1 | HA6: J1103.DS2 | HB6: J1103.DS3 | HC6: J1103.DS4 | HD6: J1103.DS6 | HE6: J1103.DS7 | HF6: J1103.DX9 | HG6: J1103.DX10 | HH6: J1103.DX12 | HI6: J1103.DX14 | HJ6: J1103.DY9 | HK6: J1103.DY10 | HL6: J1103.DY12 | HM6: J1103.DY14 | HN6: J1104.AX2 | HO6: J1104.AX3 | HP6: J1104.AX4 | HQ6: J1104.AX5 | HR6: J1104.AX6 | HS6: J1104.AX7 | HT6: J1104.AX9 | HU6: J1104.AX10 | HV6: J1104.AX13 | HW6: J1104.AY2 | HX6: J1104.AY3 | HY6: J1104.AY4 | HZ6: J1104.AY5 | IA6: J1104.AY6 | IB6: J1104.AY7 | IC6: J1104.AY9 | ID6: J1104.AY10 | IE6: J1104.AY13 | IF6: J1104.BS2 | IG6: J1104.BS3 | IH6: J1104.BS4 | II6: J1104.BS5 | IJ6: J1104.BS6 | IK6: J1104.BS7 | IL6: J1104.BX9 | IM6: J1104.BX10 | IN6: J1104.BX13 | IO6: J1104.BX15 | IP6: J1104.BY9 | IQ6: J1104.BY10 | IR6: J1104.BY13 | IS6: J1104.BY15 | IT6: J1104.CX1 | IU6: J1104.CX2 | IV6: J1104.CX3 | IW6: J1104.CX4 | IX6: J1104.CX6 | IY6: J1104.CX7 | IZ6: J1104.CX9 | JA6: J1104.CX10 | JB6: J1104.CX12 | JC6: J1104.CY1 | JD6: J1104.CY2 | JE6: J1104.CY3 | JF6: J1104.CY4 | JG6: J1104.CY6 | JH6: J1104.CY7 | JI6: J1104.CY9 | JJ6: J1104.CY10 | JK6: J1104.CY12 | JL6: J1104.DS1 | JM6: J1104.DS2 | JN6: J1104.DS3 | JO6: J1104.DS4 | JP6: J1104.DS6 | JQ6: J1104.DS7 | JR6: J1104.DS12 | JS6: J1104.DX9 | JT6: J1104.DX10 | JU6: J1104.DX12 | JV6: J1104.DX14 | JW6: J1104.DY9 | JX6: J1104.DY10 | JY6: J1104.DY12 | JZ6: J1104.DY14 | KA6: J1105.AS4 | KB6: J1105.AS10 | KC6: J1105.AX4 | KD6: J1105.AX10 | KE6: J1105.AY4 | KF6: J1105.AY10 | KG6: J1105.BS3 | KH6: J1105.BS4 | KI6: J1105.BS9 | KJ6: J1105.BS10 | KK6: J1105.BX3 | KL6: J1105.BX4 | KM6: J1105.BX8 | KN6: J1105.BX9 | KO6: J1105.BX10 | KP6: J1105.BX15 | KQ6: J1105.BY3 | KR6: J1105.BY4 | KS6: J1105.BY8 | KT6: J1105.BY9 | KU6: J1105.BY10 | KV6: J1105.BY15 | KW6: J1105.CS7 | KX6: J1105.CS8 | KY6: J1105.CS13 | KZ6: J1105.CX2 | LA6: J1105.CX7 | LB6: J1105.CX8 | LC6: J1105.CX9 | LD6: J1105.CX13 | LE6: J1105.CY2 | LF6: J1105.CY7 | LG6: J1105.CY8 | LH6: J1105.CY9 | LI6: J1105.CY13 | LJ6: J1105.DS7 | LK6: J1105.DS8 | LL6: J1105.DS13 | LM6: J1105.DS14 | LN6: J1105.DX7 | LO6: J1105.DX8 | LP6: J1105.DX13 | LQ6: J1105.DX14 | LR6: J1105.DY7 | LS6: J1105.DY8 | LT6: J1105.DY13 | LU6: J1105.DY14 | LV6: J1106.AS3 | LW6: J1106.AS9 | LX6: J1106.AS10 | LY6: J1106.AX2 | LZ6: J1106.AX3 | MA6: J1106.AX9 | MB6: J1106.AX10 | MC6: J1106.AY2 | MD6: J1106.AY3 | ME6: J1106.AY9 | MF6: J1106.AY10 | MG6: J1106.BS3 | MH6: J1106.BS9 | MI6: J1106.BS10 | MJ6: J1106.BX3 | MK6: J1106.BX8 | ML6: J1106.BX9 | MM6: J1106.BX10 | MN6: J1106.BX15 | MO6: J1106.BY3 | MP6: J1106.BY8 | MQ6: J1106.BY9 | MR6: J1106.BY10 | MS6: J1106.BY15 | MT6: J1106.CS8 | MU6: J1106.CS9 | MV6: J1106.CS14 | MW6: J1106.CX1 | MX6: J1106.CX2 | MY6: J1106.CX3 | MZ6: J1106.CX8 | NA6: J1106.CX9 | NB6: J1106.CX10 | NC6: J1106.CX14 | ND6: J1106.CY1 | NE6: J1106.CY2 | NF6: J1106.CY3 | NG6: J1106.CY8 | NH6: J1106.CY9 | NI6: J1106.CY10 | NJ6: J1106.CY14 | NK6: J1106.DS8 | NL6: J1106.DS9 | NM6: J1106.DS14 | NN6: J1106.DX1 | NO6: J1106.DX8 | NP6: J1106.DX9 | NQ6: J1106.DX14 | NR6: J1106.DY1 | NS6: J1106.DY8 | NT6: J1106.DY9 | NU6: J1106.DY14 | NV6: J1112.AS15 | NW6: J1112.AX2 | NX6: J1112.AX5 | NY6: J1112.AX13 | NZ6: J1112.AX14 | OA6: J1112.AX15 | OB6: J1112.AY2 | OC6: J1112.AY5 | OD6: J1112.AY13 | OE6: J1112.AY14 | OF6: J1112.AY15 | OG6: J1112.BX2 | OH6: J1112.BX5 | OI6: J1112.BX13 | OJ6: J1112.BX14 | OK6: J1112.BY2 | OL6: J1112.BY5 | OM6: J1112.BY13 | ON6: J1112.BY14 | OO6: J1112.CS2 | OP6: J1112.CX2 | OQ6: J1112.CY2 | OR6: J1112.DS2 | OS6: J1112.DX2 | OT6: J1112.DY2 | OU6: J1113.AS10 | OV6: J1113.AS11 | OW6: J1113.AS13 | OX6: J1113.AS14 | OY6: J1113.AS15 | OZ6: J1113.AX10 | PA6: J1113.AX11 | PB6: J1113.AX13 | PC6: J1113.AX14 | PD6: J1113.AX15 | PE6: J1113.AY10 | PF6: J1113.AY11 | PG6: J1113.AY13 | PH6: J1113.AY14 | PI6: J1113.AY15 | PJ6: J1113.BS10 | PK6: J1113.BS11 | PL6: J1113.BS13 | PM6: J1113.BS14 | PN6: J1113.BS15 | PO6: J1113.BX10 | PP6: J1113.BX11 | PQ6: J1113.BX13 | PR6: J1113.BX14 | PS6: J1113.BX15 | PT6: J1113.BY10 | PU6: J1113.BY11 | PV6: J1113.BY13 | PW6: J1113.BY14 | PX6: J1113.BY15 | PY6: J1113.CS11 | PZ6: J1113.CS12 | QA6: J1113.CS13 | QB6: J1113.CS14 | QC6: J1113.CX11 | QD6: J1113.CX12 | QE6: J1113.CX13 | QF6: J1113.CX14 | QG6: J1113.CY11 | QH6: J1113.CY12 | QI6: J1113.CY13 | QJ6: J1113.CY14 | QK6: J1113.DS10 | QL6: J1113.DS11 | QM6: J1113.DS12 | QN6: J1113.DS13 | QO6: J1113.DS14 | QP6: J1113.DX10 | QQ6: J1113.DX11 | QR6: J1113.DX12 | QS6: J1113.DX13 | QT6: J1113.DX14 | QU6: J1113.DY10 | QV6: J1113.DY11 | QW6: J1113.DY12 | QX6: J1113.DY13 | QY6: J1113.DY14 | QZ6: J1201.AX2 | RA6: J1201.AX3 | RB6: J1201.AX4 | RC6: J1201.AX5 | RD6: J1201.AX6 | RE6: J1201.AX7 | RF6: J1201.AX9 | RG6: J1201.AX10 | RH6: J1201.AX13 | RI6: J1201.AY2 | RJ6: J1201.AY3 | RK6: J1201.AY4 | RL6: J1201.AY5 | RM6: J1201.AY6 | RN6: J1201.AY7 | RO6: J1201.AY9 | RP6: J1201.AY10 | RQ6: J1201.AY13 | RR6: J1201.BS2 | RS6: J1201.BS3 | RT6: J1201.BS4 | RU6: J1201.BS5 | RV6: J1201.BS6 | RW6: J1201.BS7 | RX6: J1201.BX9 | RY6: J1201.BX10 | RZ6: J1201.BX13 | SA6: J1201.BX15 | SB6: J1201.BY9 | SC6: J1201.BY10 | SD6: J1201.BY13 | SE6: J1201.BY15 | SF6: J1201.CX1 | SG6: J1201.CX2 | SH6: J1201.CX3 | SI6: J1201.CX4 | SJ6: J1201.CX6 | SK6: J1201.CX7 | SL6: J1201.CX9 | SM6: J1201.CX10 | SN6: J1201.CX12 | SO6: J1201.CY1 | SP6: J1201.CY2 | SQ6: J1201.CY3 | SR6: J1201.CY4 | SS6: J1201.CY6 | ST6: J1201.CY7 | SU6: J1201.CY9 | SV6: J1201.CY10 | SW6: J1201.CY12 | SX6: J1201.DS1 | SY6: J1201.DS2 | SZ6: J1201.DS3 | TA6: J1201.DS4 | TB6: J1201.DS6 | TC6: J1201.DS7 | TD6: J1201.DX9 | TE6: J1201.DX10 | TF6: J1201.DX12 | TG6: J1201.DX14 | TH6: J1201.DY9 | TI6: J1201.DY10 | TJ6: J1201.DY12 | TK6: J1201.DY14 | TL6: J1202.AS15 | TM6: J1202.AX2 | TN6: J1202.AX3 | TO6: J1202.AX4 | TP6: J1202.AX5 | TQ6: J1202.AX6 | TR6: J1202.AX7 | TS6: J1202.AX9 | TT6: J1202.AX10 | TU6: J1202.AX13 | TV6: J1202.AX15 | TW6: J1202.AY2 | TX6: J1202.AY3 | TY6: J1202.AY4 | TZ6: J1202.AY5 | UA6: J1202.AY6 | UB6: J1202.AY7 | UC6: J1202.AY9 | UD6: J1202.AY10 | UE6: J1202.AY13 | UF6: J1202.AY15 | UG6: J1202.BS2 | UH6: J1202.BS3 | UI6: J1202.BS4 | UJ6: J1202.BS5 | UK6: J1202.BS6 | UL6: J1202.BS7 | UM6: J1202.BX9 | UN6: J1202.BX10 | UO6: J1202.BX11 | UP6: J1202.BX13 | UQ6: J1202.BY9 | UR6: J1202.BY10 | US6: J1202.BY11 | UT6: J1202.BY13 | UU6: J1202.CX1 | UV6: J1202.CX2 | UW6: J1202.CX3 | UX6: J1202.CX4 | UY6: J1202.CX6 | UZ6: J1202.CX7 | VA6: J1202.CX9 | VB6: J1202.CX10 | VC6: J1202.CX12 | VD6: J1202.CY1 | VE6: J1202.CY2 | VF6: J1202.CY3 | VG6: J1202.CY4 | VH6: J1202.CY6 | VI6: J1202.CY7 | VJ6: J1202.CY9 | VK6: J1202.CY10 | VL6: J1202.CY12 | VM6: J1202.DS1 | VN6: J1202.DS2 | VO6: J1202.DS3 | VP6: J1202.DS4 | VQ6: J1202.DS6 | VR6: J1202.DS7 | VS6: J1202.DX9 | VT6: J1202.DX10 | VU6: J1202.DX12 | VV6: J1202.DX14 | VW6: J1202.DY9 | VX6: J1202.DY10 | VY6: J1202.DY12 | VZ6: J1202.DY14 | WA6: J1203.AX2 | WB6: J1203.AX3 | WC6: J1203.AX4 | WD6: J1203.AX5 | WE6: J1203.AX6 | WF6: J1203.AX7 | WG6: J1203.AX9 | WH6: J1203.AX10 | WI6: J1203.AX13 | WJ6: J1203.AX15 | WK6: J1203.AY2 | WL6: J1203.AY3 | WM6: J1203.AY4 | WN6: J1203.AY5 | WO6: J1203.AY6 | WP6: J1203.AY7 | WQ6: J1203.AY9 | WR6: J1203.AY10 | WS6: J1203.AY13 | WT6: J1203.AY15 | WU6: J1203.BS2 | WV6: J1203.BS3 | WW6: J1203.BS4 | WX6: J1203.BS5 | WY6: J1203.BS6 | WZ6: J1203.BS7 | XA6: J1203.BX9 | XB6: J1203.BX10 | XC6: J1203.BX13 | XD6: J1203.BX15 | XE6: J1203.BY9 | XF6: J1203.BY10 | XG6: J1203.BY13 | XH6: J1203.BY15 | XI6: J1203.CX1 | XJ6: J1203.CX2 | XK6: J1203.CX3 | XL6: J1203.CX4 | XM6: J1203.CX6 | XN6: J1203.CX7 | XO6: J1203.CX9 | XP6: J1203.CX10 | XQ6: J1203.CX12 | XR6: J1203.CX14 | XS6: J1203.CY1 | XT6: J1203.CY2 | XU6: J1203.CY3 | XV6: J1203.CY4 | XW6: J1203.CY6 | XX6: J1203.CY7 | XY6: J1203.CY9 | XZ6: J1203.CY10 | YA6: J1203.CY12 | YB6: J1203.CY14 | YC6: J1203.DS1 | YD6: J1203.DS2 | YE6: J1203.DS3 | YF6: J1203.DS4 | YG6: J1203.DS6 | YH6: J1203.DS7 | YI6: J1203.DX9 | YJ6: J1203.DX10 | YK6: J1203.DX12 | YL6: J1203.DX14 | YM6: J1203.DY9 | YN6: J1203.DY10 | YO6: J1203.DY12 | YP6: J1203.DY14 | YQ6: J1204.AX2 | YR6: J1204.AX3 | YS6: J1204.AX4 | YT6: J1204.AX5 | YU6: J1204.AX6 | YV6: J1204.AX7 | YW6: J1204.AX9 | YX6: J1204.AX10 | YY6: J1204.AX11 | YZ6: J1204.AX13 | ZA6: J1204.AY2 | ZB6: J1204.AY3 | ZC6: J1204.AY4 | ZD6: J1204.AY5 | ZE6: J1204.AY6 | ZF6: J1204.AY7 | ZG6: J1204.AY9 | ZH6: J1204.AY10 | ZI6: J1204.AY11 | ZJ6: J1204.AY13 | ZK6: J1204.BS2 | ZL6: J1204.BS3 | ZM6: J1204.BS4 | ZN6: J1204.BS5 | ZO6: J1204.BS6 | ZP6: J1204.BS7 | ZQ6: J1204.BX9 | ZR6: J1204.BX10 | ZS6: J1204.BX11 | ZT6: J1204.BX13 | ZU6: J1204.BX15 | ZV6: J1204.BY9 | ZW6: J1204.BY10 | ZX6: J1204.BY11 | ZY6: J1204.BY13 | ZZ6: J1204.BY15 | AAA6: J1204.CX1 | AAB6: J1204.CX2 | AAC6: J1204.CX3 | AAD6: J1204.CX4 | AAE6: J1204.CX6 | AAF6: J1204.CX7 | AAG6: J1204.CX9 | AAH6: J1204.CX10 | AAI6: J1204.CX12 | AAJ6: J1204.CX14 | AAK6: J1204.CY1 | AAL6: J1204.CY2 | AAM6: J1204.CY3 | AAN6: J1204.CY4 | AAO6: J1204.CY6 | AAP6: J1204.CY7 | AAQ6: J1204.CY9 | AAR6: J1204.CY10 | AAS6: J1204.CY12 | AAT6: J1204.CY14 | AAU6: J1204.DS1 | AAV6: J1204.DS2 | AAW6: J1204.DS3 | AAX6: J1204.DS4 | AAY6: J1204.DS6 | AAZ6: J1204.DS7 | ABA6: J1204.DX9 | ABB6: J1204.DX10 | ABC6: J1204.DX12 | ABD6: J1204.DX14 | ABE6: J1204.DY9 | ABF6: J1204.DY10 | ABG6: J1204.DY12 | ABH6: J1204.DY14 | ABI6: J1205.AX2 | ABJ6: J1205.AX3 | ABK6: J1205.AX4 | ABL6: J1205.AX5 | ABM6: J1205.AX6 | ABN6: J1205.AX7 | ABO6: J1205.AX9 | ABP6: J1205.AX10 | ABQ6: J1205.AX13 | ABR6: J1205.AY2 | ABS6: J1205.AY3 | ABT6: J1205.AY4 | ABU6: J1205.AY5 | ABV6: J1205.AY6 | ABW6: J1205.AY7 | ABX6: J1205.AY9 | ABY6: J1205.AY10 | ABZ6: J1205.AY13 | ACA6: J1205.BS2 | ACB6: J1205.BS3 | ACC6: J1205.BS4 | ACD6: J1205.BS5 | ACE6: J1205.BS6 | ACF6: J1205.BS7 | ACG6: J1205.BX9 | ACH6: J1205.BX10 | ACI6: J1205.BX13 | ACJ6: J1205.BX15 | ACK6: J1205.BY9 | ACL6: J1205.BY10 | ACM6: J1205.BY13 | ACN6: J1205.BY15 | ACO6: J1205.CX1 | ACP6: J1205.CX2 | ACQ6: J1205.CX3 | ACR6: J1205.CX4 | ACS6: J1205.CX6 | ACT6: J1205.CX7 | ACU6: J1205.CX9 | ACV6: J1205.CX10 | ACW6: J1205.CX12 | ACX6: J1205.CY1 | ACY6: J1205.CY2 | ACZ6: J1205.CY3 | ADA6: J1205.CY4 | ADB6: J1205.CY6 | ADC6: J1205.CY7 | ADD6: J1205.CY9 | ADE6: J1205.CY10 | ADF6: J1205.CY12 | ADG6: J1205.DS1 | ADH6: J1205.DS2 | ADI6: J1205.DS3 | ADJ6: J1205.DS4 | ADK6: J1205.DS6 | ADL6: J1205.DS7 | ADM6: J1205.DS12 | ADN6: J1205.DX9 | ADO6: J1205.DX10 | ADP6: J1205.DX12 | ADQ6: J1205.DX14 | ADR6: J1205.DY9 | ADS6: J1205.DY10 | ADT6: J1205.DY12 | ADU6: J1205.DY14 | ADV6: J1206.AS15 | ADW6: J1206.AX2 | ADX6: J1206.AX3 | ADY6: J1206.AX4 | ADZ6: J1206.AX5 | AEA6: J1206.AX6 | AEB6: J1206.AX7 | AEC6: J1206.AX9 | AED6: J1206.AX10 | AEE6: J1206.AX13 | AEF6: J1206.AX15 | AEG6: J1206.AY2 | AEH6: J1206.AY3 | AEI6: J1206.AY4 | AEJ6: J1206.AY5 | AEK6: J1206.AY6 | AEL6: J1206.AY7 | AEM6: J1206.AY9 | AEN6: J1206.AY10 | AEO6: J1206.AY13 | AEP6: J1206.AY15 | AEQ6: J1206.BS2 | AER6: J1206.BS3 | AES6: J1206.BS4 | AET6: J1206.BS5 | AEU6: J1206.BS6 | AEV6: J1206.BS7 | AEW6: J1206.BX9 | AEX6: J1206.BX10 | AEY6: J1206.BX11 | AEZ6: J1206.BX13 | AFA6: J1206.BY9 | AFB6: J1206.BY10 | AFC6: J1206.BY11 | AFD6: J1206.BY13 | AFE6: J1206.CX1 | AFF6: J1206.CX2 | AFG6: J1206.CX3 | AFH6: J1206.CX4 | AFI6: J1206.CX6 | AFJ6: J1206.CX7 | AFK6: J1206.CX9 | AFL6: J1206.CX10 | AFM6: J1206.CX12 | AFN6: J1206.CY1 | AFO6: J1206.CY2 | AFP6: J1206.CY3 | AFQ6: J1206.CY4 | AFR6: J1206.CY6 | AFS6: J1206.CY7 | AFT6: J1206.CY9 | AFU6: J1206.CY10 | AFV6: J1206.CY12 | AFW6: J1206.DS1 | AFX6: J1206.DS2 | AFY6: J1206.DS3 | AFZ6: J1206.DS4 | AGA6: J1206.DS6 | AGB6: J1206.DS7 | AGC6: J1206.DX9 | AGD6: J1206.DX10 | AGE6: J1206.DX12 | AGF6: J1206.DX14 | AGG6: J1206.DY9 | AGH6: J1206.DY10 | AGI6: J1206.DY12 | AGJ6: J1206.DY14 | AGK6: J1207.AX2 | AGL6: J1207.AX3 | AGM6: J1207.AX4 | AGN6: J1207.AX5 | AGO6: J1207.AX6 | AGP6: J1207.AX7 | AGQ6: J1207.AX9 | AGR6: J1207.AX10 | AGS6: J1207.AX13 | AGT6: J1207.AX15 | AGU6: J1207.AY2 | AGV6: J1207.AY3 | AGW6: J1207.AY4 | AGX6: J1207.AY5 | AGY6: J1207.AY6 | AGZ6: J1207.AY7 | AHA6: J1207.AY9 | AHB6: J1207.AY10 | AHC6: J1207.AY13 | AHD6: J1207.AY15 | AHE6: J1207.BS2 | AHF6: J1207.BS3 | AHG6: J1207.BS4 | AHH6: J1207.BS5 | AHI6: J1207.BS6 | AHJ6: J1207.BS7 | AHK6: J1207.BX9 | AHL6: J1207.BX10 | AHM6: J1207.BX13 | AHN6: J1207.BX15 | AHO6: J1207.BY9 | AHP6: J1207.BY10 | AHQ6: J1207.BY13 | AHR6: J1207.BY15 | AHS6: J1207.CX1 | AHT6: J1207.CX2 | AHU6: J1207.CX3 | AHV6: J1207.CX4 | AHW6: J1207.CX6 | AHX6: J1207.CX7 | AHY6: J1207.CX9 | AHZ6: J1207.CX10 | AIA6: J1207.CX12 | AIB6: J1207.CX14 | AIC6: J1207.CY1 | AID6: J1207.CY2 | AIE6: J1207.CY3 | AIF6: J1207.CY4 | AIG6: J1207.CY6 | AIH6: J1207.CY7 | AII6: J1207.CY9 | AIJ6: J1207.CY10 | AIK6: J1207.CY12 | AIL6: J1207.CY14 | AIM6: J1207.DS1 | AIN6: J1207.DS2 | AIO6: J1207.DS3 | AIP6: J1207.DS4 | AIQ6: J1207.DS6 | AIR6: J1207.DS7 | AIS6: J1207.DX9 | AIT6: J1207.DX10 | AIU6: J1207.DX12 | AIV6: J1207.DX14 | AIW6: J1207.DY9 | AIX6: J1207.DY10 | AIY6: J1207.DY12 | AIZ6: J1207.DY14 | AJA6: J1208.AS11 | AJB6: J1208.AX2 | AJC6: J1208.AX3 | AJD6: J1208.AX4 | AJE6: J1208.AX5 | AJF6: J1208.AX6 | AJG6: J1208.AX7 | AJH6: J1208.AX9 | AJI6: J1208.AX10 | AJJ6: J1208.AX11 | AJK6: J1208.AX13 | AJL6: J1208.AY2 | AJM6: J1208.AY3 | AJN6: J1208.AY4 | AJO6: J1208.AY5 | AJP6: J1208.AY6 | AJQ6: J1208.AY7 | AJR6: J1208.AY9 | AJS6: J1208.AY10 | AJT6: J1208.AY11 | AJU6: J1208.AY13 | AJV6: J1208.BS2 | AJW6: J1208.BS3 | AJX6: J1208.BS4 | AJY6: J1208.BS5 | AJZ6: J1208.BS6 | AKA6: J1208.BS7 | AKB6: J1208.BS11 | AKC6: J1208.BX9 | AKD6: J1208.BX10 | AKE6: J1208.BX11 | AKF6: J1208.BX13 | AKG6: J1208.BX15 | AKH6: J1208.BY9 | AKI6: J1208.BY10 | AKJ6: J1208.BY11 | AKK6: J1208.BY13 | AKL6: J1208.BY15 | AKM6: J1208.CX1 | AKN6: J1208.CX2 | AKO6: J1208.CX3 | AKP6: J1208.CX4 | AKQ6: J1208.CX6 | AKR6: J1208.CX7 | AKS6: J1208.CX9 | AKT6: J1208.CX10 | AKU6: J1208.CX12 | AKV6: J1208.CX14 | AKW6: J1208.CY1 | AKX6: J1208.CY2 | AKY6: J1208.CY3 | AKZ6: J1208.CY4 | ALA6: J1208.CY6 | ALB6: J1208.CY7 | ALC6: J1208.CY9 | ALD6: J1208.CY10 | ALE6: J1208.CY12 | ALF6: J1208.CY14 | ALG6: J1208.DS1 | ALH6: J1208.DS2 | ALI6: J1208.DS3 | ALJ6: J1208.DS4 | ALK6: J1208.DS6 | ALL6: J1208.DS7 | ALM6: J1208.DS12 | ALN6: J1208.DX9 | ALO6: J1208.DX10 | ALP6: J1208.DX12 | ALQ6: J1208.DX14 | ALR6: J1208.DY9 | ALS6: J1208.DY10 | ALT6: J1208.DY12 | ALU6: J1208.DY14 | ALV6: J1209.AS3 | ALW6: J1209.AS9 | ALX6: J1209.AS10 | ALY6: J1209.AX2 | ALZ6: J1209.AX3 | AMA6: J1209.AX9 | AMB6: J1209.AX10 | AMC6: J1209.AY2 | AMD6: J1209.AY3 | AME6: J1209.AY9 | AMF6: J1209.AY10 | AMG6: J1209.BS3 | AMH6: J1209.BS9 | AMI6: J1209.BS10 | AMJ6: J1209.BX3 | AMK6: J1209.BX8 | AML6: J1209.BX9 | AMM6: J1209.BX10 | AMN6: J1209.BX15 | AMO6: J1209.BY3 | AMP6: J1209.BY8 | AMQ6: J1209.BY9 | AMR6: J1209.BY10 | AMS6: J1209.BY15 | AMT6: J1209.CS8 | AMU6: J1209.CS9 | AMV6: J1209.CS14 | AMW6: J1209.CX1 | AMX6: J1209.CX2 | AMY6: J1209.CX3 | AMZ6: J1209.CX8 | ANA6: J1209.CX9 | ANB6: J1209.CX10 | ANC6: J1209.CX14 | AND6: J1209.CY1 | ANE6: J1209.CY2 | ANF6: J1209.CY3 | ANG6: J1209.CY8 | ANH6: J1209.CY9 | ANI6: J1209.CY10 | ANJ6: J1209.CY14 | ANK6: J1209.DS8 | ANL6: J1209.DS9 | ANM6: J1209.DS14 | ANN6: J1209.DX1 | ANO6: J1209.DX8 | ANP6: J1209.DX9 | ANQ6: J1209.DX14 | ANR6: J1209.DY1 | ANS6: J1209.DY8 | ANT6: J1209.DY9 | ANU6: J1209.DY14 | ANV6: J1210.AS4 | ANW6: J1210.AS10 | ANX6: J1210.AX4 | ANY6: J1210.AX10 | ANZ6: J1210.AY4 | AOA6: J1210.AY10 | AOB6: J1210.BS3 | AOC6: J1210.BS4 | AOD6: J1210.BS9 | AOE6: J1210.BS10 | AOF6: J1210.BX3 | AOG6: J1210.BX4 | AOH6: J1210.BX8 | AOI6: J1210.BX9 | AOJ6: J1210.BX10 | AOK6: J1210.BX15 | AOL6: J1210.BY3 | AOM6: J1210.BY4 | AON6: J1210.BY8 | AOO6: J1210.BY9 | AOP6: J1210.BY10 | AOQ6: J1210.BY15 | AOR6: J1210.CS7 | AOS6: J1210.CS8 | AOT6: J1210.CS13 | AOU6: J1210.CX2 | AOV6: J1210.CX7 | AOW6: J1210.CX8 | AOX6: J1210.CX9 | AOY6: J1210.CX13 | AOZ6: J1210.CY2 | APA6: J1210.CY7 | APB6: J1210.CY8 | APC6: J1210.CY9 | APD6: J1210.CY13 | APE6: J1210.DS7 | APF6: J1210.DS8 | APG6: J1210.DS13 | APH6: J1210.DS14 | API6: J1210.DX7 | APJ6: J1210.DX8 | APK6: J1210.DX13 | APL6: J1210.DX14 | APM6: J1210.DY7 | APN6: J1210.DY8 | APO6: J1210.DY13 | APP6: J1210.DY14 | APQ6: J1212.AS15 | APR6: J1212.AX2 | APS6: J1212.AX5 | APT6: J1212.AX13 | APU6: J1212.AX14 | APV6: J1212.AX15 | APW6: J1212.AY2 | APX6: J1212.AY5 | APY6: J1212.AY13 | APZ6: J1212.AY14 | AQA6: J1212.AY15 | AQB6: J1212.BX2 | AQC6: J1212.BX5 | AQD6: J1212.BX13 | AQE6: J1212.BX14 | AQF6: J1212.BY2 | AQG6: J1212.BY5 | AQH6: J1212.BY13 | AQI6: J1212.BY14 | AQJ6: J1212.CS2 | AQK6: J1212.CX2 | AQL6: J1212.CY2 | AQM6: J1212.DS2 | AQN6: J1212.DX2 | AQO6: J1212.DY2 | AQP6: J1301.AS11 | AQQ6: J1301.AX2 | AQR6: J1301.AX3 | AQS6: J1301.AX4 | AQT6: J1301.AX5 | AQU6: J1301.AX6 | AQV6: J1301.AX7 | AQW6: J1301.AX9 | AQX6: J1301.AX10 | AQY6: J1301.AX11 | AQZ6: J1301.AX13 | ARA6: J1301.AY2 | ARB6: J1301.AY3 | ARC6: J1301.AY4 | ARD6: J1301.AY5 | ARE6: J1301.AY6 | ARF6: J1301.AY7 | ARG6: J1301.AY9 | ARH6: J1301.AY10 | ARI6: J1301.AY11 | ARJ6: J1301.AY13 | ARK6: J1301.BS2 | ARL6: J1301.BS3 | ARM6: J1301.BS4 | ARN6: J1301.BS5 | ARO6: J1301.BS6 | ARP6: J1301.BS7 | ARQ6: J1301.BS11 | ARR6: J1301.BX9 | ARS6: J1301.BX10 | ART6: J1301.BX11 | ARU6: J1301.BX13 | ARV6: J1301.BX15 | ARW6: J1301.BY9 | ARX6: J1301.BY10 | ARY6: J1301.BY11 | ARZ6: J1301.BY13 | ASA6: J1301.BY15 | ASB6: J1301.CX1 | ASC6: J1301.CX2 | ASD6: J1301.CX3 | ASE6: J1301.CX4 | ASF6: J1301.CX6 | ASG6: J1301.CX7 | ASH6: J1301.CX9 | ASI6: J1301.CX10 | ASJ6: J1301.CX12 | ASK6: J1301.CX14 | ASL6: J1301.CY1 | ASM6: J1301.CY2 | ASN6: J1301.CY3 | ASO6: J1301.CY4 | ASP6: J1301.CY6 | ASQ6: J1301.CY7 | ASR6: J1301.CY9 | ASS6: J1301.CY10 | AST6: J1301.CY12 | ASU6: J1301.CY14 | ASV6: J1301.DS1 | ASW6: J1301.DS2 | ASX6: J1301.DS3 | ASY6: J1301.DS4 | ASZ6: J1301.DS6 | ATA6: J1301.DS7 | ATB6: J1301.DS12 | ATC6: J1301.DX9 | ATD6: J1301.DX10 | ATE6: J1301.DX12 | ATF6: J1301.DX14 | ATG6: J1301.DY9 | ATH6: J1301.DY10 | ATI6: J1301.DY12 | ATJ6: J1301.DY14 | ATK6: J1302.AX2 | ATL6: J1302.AX3 | ATM6: J1302.AX4 | ATN6: J1302.AX5 | ATO6: J1302.AX6 | ATP6: J1302.AX7 | ATQ6: J1302.AX9 | ATR6: J1302.AX10 | ATS6: J1302.AX13 | ATT6: J1302.AX15 | ATU6: J1302.AY2 | ATV6: J1302.AY3 | ATW6: J1302.AY4 | ATX6: J1302.AY5 | ATY6: J1302.AY6 | ATZ6: J1302.AY7 | AUA6: J1302.AY9 | AUB6: J1302.AY10 | AUC6: J1302.AY13 | AUD6: J1302.AY15 | AUE6: J1302.BS2 | AUF6: J1302.BS3 | AUG6: J1302.BS4 | AUH6: J1302.BS5 | AUI6: J1302.BS6 | AUJ6: J1302.BS7 | AUK6: J1302.BX9 | AUL6: J1302.BX10 | AUM6: J1302.BX13 | AUN6: J1302.BX15 | AUO6: J1302.BY9 | AUP6: J1302.BY10 | AUQ6: J1302.BY13 | AUR6: J1302.BY15 | AUS6: J1302.CX1 | AUT6: J1302.CX2 | AUU6: J1302.CX3 | AUV6: J1302.CX4 | AUW6: J1302.CX6 | AUX6: J1302.CX7 | AUY6: J1302.CX9 | AUZ6: J1302.CX10 | AVA6: J1302.CX12 | AVB6: J1302.CX14 | AVC6: J1302.CY1 | AVD6: J1302.CY2 | AVE6: J1302.CY3 | AVF6: J1302.CY4 | AVG6: J1302.CY6 | AVH6: J1302.CY7 | AVI6: J1302.CY9 | AVJ6: J1302.CY10 | AVK6: J1302.CY12 | AVL6: J1302.CY14 | AVM6: J1302.DS1 | AVN6: J1302.DS2 | AVO6: J1302.DS3 | AVP6: J1302.DS4 | AVQ6: J1302.DS6 | AVR6: J1302.DS7 | AVS6: J1302.DX9 | AVT6: J1302.DX10 | AVU6: J1302.DX12 | AVV6: J1302.DX14 | AVW6: J1302.DY9 | AVX6: J1302.DY10 | AVY6: J1302.DY12 | AVZ6: J1302.DY14 | AWA6: J1303.AS15 | AWB6: J1303.AX2 | AWC6: J1303.AX3 | AWD6: J1303.AX4 | AWE6: J1303.AX5 | AWF6: J1303.AX6 | AWG6: J1303.AX7 | AWH6: J1303.AX9 | AWI6: J1303.AX10 | AWJ6: J1303.AX13 | AWK6: J1303.AX15 | AWL6: J1303.AY2 | AWM6: J1303.AY3 | AWN6: J1303.AY4 | AWO6: J1303.AY5 | AWP6: J1303.AY6 | AWQ6: J1303.AY7 | AWR6: J1303.AY9 | AWS6: J1303.AY10 | AWT6: J1303.AY13 | AWU6: J1303.AY15 | AWV6: J1303.BS2 | AWW6: J1303.BS3 | AWX6: J1303.BS4 | AWY6: J1303.BS5 | AWZ6: J1303.BS6 | AXA6: J1303.BS7 | AXB6: J1303.BX9 | AXC6: J1303.BX10 | AXD6: J1303.BX11 | AXE6: J1303.BX13 | AXF6: J1303.BY9 | AXG6: J1303.BY10 | AXH6: J1303.BY11 | AXI6: J1303.BY13 | AXJ6: J1303.CX1 | AXK6: J1303.CX2 | AXL6: J1303.CX3 | AXM6: J1303.CX4 | AXN6: J1303.CX6 | AXO6: J1303.CX7 | AXP6: J1303.CX9 | AXQ6: J1303.CX10 | AXR6: J1303.CX12 | AXS6: J1303.CY1 | AXT6: J1303.CY2 | AXU6: J1303.CY3 | AXV6: J1303.CY4 | AXW6: J1303.CY6 | AXX6: J1303.CY7 | AXY6: J1303.CY9 | AXZ6: J1303.CY10 | AYA6: J1303.CY12 | AYB6: J1303.DS1 | AYC6: J1303.DS2 | AYD6: J1303.DS3 | AYE6: J1303.DS4 | AYF6: J1303.DS6 | AYG6: J1303.DS7 | AYH6: J1303.DX9 | AYI6: J1303.DX10 | AYJ6: J1303.DX12 | AYK6: J1303.DX14 | AYL6: J1303.DY9 | AYM6: J1303.DY10 | AYN6: J1303.DY12 | AYO6: J1303.DY14 | AYP6: J1304.AX2 | AYQ6: J1304.AX3 | AYR6: J1304.AX4 | AYS6: J1304.AX5 | AYT6: J1304.AX6 | AYU6: J1304.AX7 | AYV6: J1304.AX9 | AYW6: J1304.AX10 | AYX6: J1304.AX13 | AYY6: J1304.AY2 | AYZ6: J1304.AY3 | AZA6: J1304.AY4 | AZB6: J1304.AY5 | AZC6: J1304.AY6 | AZD6: J1304.AY7 | AZE6: J1304.AY9 | AZF6: J1304.AY10 | AZG6: J1304.AY13 | AZH6: J1304.BS2 | AZI6: J1304.BS3 | AZJ6: J1304.BS4 | AZK6: J1304.BS5 | AZL6: J1304.BS6 | AZM6: J1304.BS7 | AZN6: J1304.BX9 | AZO6: J1304.BX10 | AZP6: J1304.BX13 | AZQ6: J1304.BX15 | AZR6: J1304.BY9 | AZS6: J1304.BY10 | AZT6: J1304.BY13 | AZU6: J1304.BY15 | AZV6: J1304.CX1 | AZW6: J1304.CX2 | AZX6: J1304.CX3 | AZY6: J1304.CX4 | AZZ6: J1304.CX6 | BAA6: J1304.CX7 | BAB6: J1304.CX9 | BAC6: J1304.CX10 | BAD6: J1304.CX12 | BAE6: J1304.CY1 | BAF6: J1304.CY2 | BAG6: J1304.CY3 | BAH6: J1304.CY4 | BAI6: J1304.CY6 | BAJ6: J1304.CY7 | BAK6: J1304.CY9 | BAL6: J1304.CY10 | BAM6: J1304.CY12 | BAN6: J1304.DS1 | BAO6: J1304.DS2 | BAP6: J1304.DS3 | BAQ6: J1304.DS4 | BAR6: J1304.DS6 | BAS6: J1304.DS7 | BAT6: J1304.DS12 | BAU6: J1304.DX9 | BAV6: J1304.DX10 | BAW6: J1304.DX12 | BAX6: J1304.DX14 | BAY6: J1304.DY9 | BAZ6: J1304.DY10 | BBA6: J1304.DY12 | BBB6: J1304.DY14 | BBC6: J1305.AX2 | BBD6: J1305.AX3 | BBE6: J1305.AX4 | BBF6: J1305.AX5 | BBG6: J1305.AX6 | BBH6: J1305.AX7 | BBI6: J1305.AX9 | BBJ6: J1305.AX10 | BBK6: J1305.AX11 | BBL6: J1305.AX13 | BBM6: J1305.AY2 | BBN6: J1305.AY3 | BBO6: J1305.AY4 | BBP6: J1305.AY5 | BBQ6: J1305.AY6 | BBR6: J1305.AY7 | BBS6: J1305.AY9 | BBT6: J1305.AY10 | BBU6: J1305.AY11 | BBV6: J1305.AY13 | BBW6: J1305.BS2 | BBX6: J1305.BS3 | BBY6: J1305.BS4 | BBZ6: J1305.BS5 | BCA6: J1305.BS6 | BCB6: J1305.BS7 | BCC6: J1305.BX9 | BCD6: J1305.BX10 | BCE6: J1305.BX11 | BCF6: J1305.BX13 | BCG6: J1305.BX15 | BCH6: J1305.BY9 | BCI6: J1305.BY10 | BCJ6: J1305.BY11 | BCK6: J1305.BY13 | BCL6: J1305.BY15 | BCM6: J1305.CX1 | BCN6: J1305.CX2 | BCO6: J1305.CX3 | BCP6: J1305.CX4 | BCQ6: J1305.CX6 | BCR6: J1305.CX7 | BCS6: J1305.CX9 | BCT6: J1305.CX10 | BCU6: J1305.CX12 | BCV6: J1305.CX14 | BCW6: J1305.CY1 | BCX6: J1305.CY2 | BCY6: J1305.CY3 | BCZ6: J1305.CY4 | BDA6: J1305.CY6 | BDB6: J1305.CY7 | BDC6: J1305.CY9 | BDD6: J1305.CY10 | BDE6: J1305.CY12 | BDF6: J1305.CY14 | BDG6: J1305.DS1 | BDH6: J1305.DS2 | BDI6: J1305.DS3 | BDJ6: J1305.DS4 | BDK6: J1305.DS6 | BDL6: J1305.DS7 | BDM6: J1305.DX9 | BDN6: J1305.DX10 | BDO6: J1305.DX12 | BDP6: J1305.DX14 | BDQ6: J1305.DY9 | BDR6: J1305.DY10 | BDS6: J1305.DY12 | BDT6: J1305.DY14 | BDU6: J1306.AX2 | BDV6: J1306.AX3 | BDW6: J1306.AX4 | BDX6: J1306.AX5 | BDY6: J1306.AX6 | BDZ6: J1306.AX7 | BEA6: J1306.AX9 | BEB6: J1306.AX10 | BEC6: J1306.AX13 | BED6: J1306.AX15 | BEE6: J1306.AY2 | BEF6: J1306.AY3 | BEG6: J1306.AY4 | BEH6: J1306.AY5 | BEI6: J1306.AY6 | BEJ6: J1306.AY7 | BEK6: J1306.AY9 | BEL6: J1306.AY10 | BEM6: J1306.AY13 | BEN6: J1306.AY15 | BEO6: J1306.BS2 | BEP6: J1306.BS3 | BEQ6: J1306.BS4 | BER6: J1306.BS5 | BES6: J1306.BS6 | BET6: J1306.BS7 | BEU6: J1306.BX9 | BEV6: J1306.BX10 | BEW6: J1306.BX13 | BEX6: J1306.BX15 | BEY6: J1306.BY9 | BEZ6: J1306.BY10 | BFA6: J1306.BY13 | BFB6: J1306.BY15 | BFC6: J1306.CX1 | BFD6: J1306.CX2 | BFE6: J1306.CX3 | BFF6: J1306.CX4 | BFG6: J1306.CX6 | BFH6: J1306.CX7 | BFI6: J1306.CX9 | BFJ6: J1306.CX10 | BFK6: J1306.CX12 | BFL6: J1306.CX14 | BFM6: J1306.CY1 | BFN6: J1306.CY2 | BFO6: J1306.CY3 | BFP6: J1306.CY4 | BFQ6: J1306.CY6 | BFR6: J1306.CY7 | BFS6: J1306.CY9 | BFT6: J1306.CY10 | BFU6: J1306.CY12 | BFV6: J1306.CY14 | BFW6: J1306.DS1 | BFX6: J1306.DS2 | BFY6: J1306.DS3 | BFZ6: J1306.DS4 | BGA6: J1306.DS6 | BGB6: J1306.DS7 | BGC6: J1306.DX9 | BGD6: J1306.DX10 | BGE6: J1306.DX12 | BGF6: J1306.DX14 | BGG6: J1306.DY9 | BGH6: J1306.DY10 | BGI6: J1306.DY12 | BGJ6: J1306.DY14 | BGK6: J1307.AS15 | BGL6: J1307.AX2 | BGM6: J1307.AX3 | BGN6: J1307.AX4 | BGO6: J1307.AX5 | BGP6: J1307.AX6 | BGQ6: J1307.AX7 | BGR6: J1307.AX9 | BGS6: J1307.AX10 | BGT6: J1307.AX13 | BGU6: J1307.AX15 | BGV6: J1307.AY2 | BGW6: J1307.AY3 | BGX6: J1307.AY4 | BGY6: J1307.AY5 | BGZ6: J1307.AY6 | BHA6: J1307.AY7 | BHB6: J1307.AY9 | BHC6: J1307.AY10 | BHD6: J1307.AY13 | BHE6: J1307.AY15 | BHF6: J1307.BS2 | BHG6: J1307.BS3 | BHH6: J1307.BS4 | BHI6: J1307.BS5 | BHJ6: J1307.BS6 | BHK6: J1307.BS7 | BHL6: J1307.BX9 | BHM6: J1307.BX10 | BHN6: J1307.BX11 | BHO6: J1307.BX13 | BHP6: J1307.BY9 | BHQ6: J1307.BY10 | BHR6: J1307.BY11 | BHS6: J1307.BY13 | BHT6: J1307.CX1 | BHU6: J1307.CX2 | BHV6: J1307.CX3 | BHW6: J1307.CX4 | BHX6: J1307.CX6 | BHY6: J1307.CX7 | BHZ6: J1307.CX9 | BIA6: J1307.CX10 | BIB6: J1307.CX12 | BIC6: J1307.CY1 | BID6: J1307.CY2 | BIE6: J1307.CY3 | BIF6: J1307.CY4 | BIG6: J1307.CY6 | BIH6: J1307.CY7 | BII6: J1307.CY9 | BIJ6: J1307.CY10 | BIK6: J1307.CY12 | BIL6: J1307.DS1 | BIM6: J1307.DS2 | BIN6: J1307.DS3 | BIO6: J1307.DS4 | BIP6: J1307.DS6 | BIQ6: J1307.DS7 | BIR6: J1307.DX9 | BIS6: J1307.DX10 | BIT6: J1307.DX12 | BIU6: J1307.DX14 | BIV6: J1307.DY9 | BIW6: J1307.DY10 | BIX6: J1307.DY12 | BIY6: J1307.DY14 | BIZ6: J1308.AX2 | BJA6: J1308.AX3 | BJB6: J1308.AX4 | BJC6: J1308.AX5 | BJD6: J1308.AX6 | BJE6: J1308.AX7 | BJF6: J1308.AX9 | BJG6: J1308.AX10 | BJH6: J1308.AX13 | BJI6: J1308.AY2 | BJJ6: J1308.AY3 | BJK6: J1308.AY4 | BJL6: J1308.AY5 | BJM6: J1308.AY6 | BJN6: J1308.AY7 | BJO6: J1308.AY9 | BJP6: J1308.AY10 | BJQ6: J1308.AY13 | BJR6: J1308.BS2 | BJS6: J1308.BS3 | BJT6: J1308.BS4 | BJU6: J1308.BS5 | BJV6: J1308.BS6 | BJW6: J1308.BS7 | BJX6: J1308.BX9 | BJY6: J1308.BX10 | BJZ6: J1308.BX13 | BKA6: J1308.BX15 | BKB6: J1308.BY9 | BKC6: J1308.BY10 | BKD6: J1308.BY13 | BKE6: J1308.BY15 | BKF6: J1308.CX1 | BKG6: J1308.CX2 | BKH6: J1308.CX3 | BKI6: J1308.CX4 | BKJ6: J1308.CX6 | BKK6: J1308.CX7 | BKL6: J1308.CX9 | BKM6: J1308.CX10 | BKN6: J1308.CX12 | BKO6: J1308.CY1 | BKP6: J1308.CY2 | BKQ6: J1308.CY3 | BKR6: J1308.CY4 | BKS6: J1308.CY6 | BKT6: J1308.CY7 | BKU6: J1308.CY9 | BKV6: J1308.CY10 | BKW6: J1308.CY12 | BKX6: J1308.DS1 | BKY6: J1308.DS2 | BKZ6: J1308.DS3 | BLA6: J1308.DS4 | BLB6: J1308.DS6 | BLC6: J1308.DS7 | BLD6: J1308.DX9 | BLE6: J1308.DX10 | BLF6: J1308.DX12 | BLG6: J1308.DX14 | BLH6: J1308.DY9 | BLI6: J1308.DY10 | BLJ6: J1308.DY12 | BLK6: J1308.DY14 | BLL6: J1312.AS15 | BLM6: J1312.AX2 | BLN6: J1312.AX5 | BLO6: J1312.AX13 | BLP6: J1312.AX14 | BLQ6: J1312.AX15 | BLR6: J1312.AY2 | BLS6: J1312.AY5 | BLT6: J1312.AY13 | BLU6: J1312.AY14 | BLV6: J1312.AY15 | BLW6: J1312.BX2 | BLX6: J1312.BX5 | BLY6: J1312.BX13 | BLZ6: J1312.BX14 | BMA6: J1312.BY2 | BMB6: J1312.BY5 | BMC6: J1312.BY13 | BMD6: J1312.BY14 | BME6: J1312.CS2 | BMF6: J1312.CX2 | BMG6: J1312.CY2 | BMH6: J1312.DS2 | BMI6: J1312.DX2 | BMJ6: J1312.DY2 | BMK6: J1313.AS4 | BML6: J1313.AS11 | BMM6: J1313.AX2 | BMN6: J1313.AX3 | BMO6: J1313.AX4 | BMP6: J1313.AX5 | BMQ6: J1313.AX6 | BMR6: J1313.AX7 | BMS6: J1313.AX8 | BMT6: J1313.AX9 | BMU6: J1313.AX10 | BMV6: J1313.AX11 | BMW6: J1313.AX13 | BMX6: J1313.AX14 | BMY6: J1313.AX15 | BMZ6: J1313.AX16 | BNA6: J1313.AY2 | BNB6: J1313.AY3 | BNC6: J1313.AY4 | BND6: J1313.AY5 | BNE6: J1313.AY6 | BNF6: J1313.AY7 | BNG6: J1313.AY8 | BNH6: J1313.AY9 | BNI6: J1313.AY10 | BNJ6: J1313.AY11 | BNK6: J1313.AY13 | BNL6: J1313.AY14 | BNM6: J1313.AY15 | BNN6: J1313.AY16 | BNO6: J1313.BX1 | BNP6: J1313.BX2 | BNQ6: J1313.BX3 | BNR6: J1313.BX4 | BNS6: J1313.BX5 | BNT6: J1313.BX6 | BNU6: J1313.BX7 | BNV6: J1313.BX8 | BNW6: J1313.BX9 | BNX6: J1313.BX10 | BNY6: J1313.BX11 | BNZ6: J1313.BX12 | BOA6: J1313.BX13 | BOB6: J1313.BX14 | BOC6: J1313.BX15 | BOD6: J1313.BX16 | BOE6: J1313.BY1 | BOF6: J1313.BY2 | BOG6: J1313.BY3 | BOH6: J1313.BY4 | BOI6: J1313.BY5 | BOJ6: J1313.BY6 | BOK6: J1313.BY7 | BOL6: J1313.BY8 | BOM6: J1313.BY9 | BON6: J1313.BY10 | BOO6: J1313.BY11 | BOP6: J1313.BY12 | BOQ6: J1313.BY13 | BOR6: J1313.BY14 | BOS6: J1313.BY15 | BOT6: J1313.BY16 | BOU6: J1313.CX1 | BOV6: J1313.CX2 | BOW6: J1313.CX3 | BOX6: J1313.CX4 | BOY6: J1313.CX5 | BOZ6: J1313.CX6 | BPA6: J1313.CX7 | BPB6: J1313.CX8 | BPC6: J1313.CX9 | BPD6: J1313.CX10 | BPE6: J1313.CX11 | BPF6: J1313.CX12 | BPG6: J1313.CX13 | BPH6: J1313.CX14 | BPI6: J1313.CX15 | BPJ6: J1313.CX16 | BPK6: J1313.CY1 | BPL6: J1313.CY2 | BPM6: J1313.CY3 | BPN6: J1313.CY4 | BPO6: J1313.CY5 | BPP6: J1313.CY6 | BPQ6: J1313.CY7 | BPR6: J1313.CY8 | BPS6: J1313.CY9 | BPT6: J1313.CY10 | BPU6: J1313.CY11 | BPV6: J1313.CY12 | BPW6: J1313.CY13 | BPX6: J1313.CY14 | BPY6: J1313.CY15 | BPZ6: J1313.CY16 | BQA6: J1313.DX1 | BQB6: J1313.DX2 | BQC6: J1313.DX3 | BQD6: J1313.DX4 | BQE6: J1313.DX6 | BQF6: J1313.DX7 | BQG6: J1313.DX8 | BQH6: J1313.DX9 | BQI6: J1313.DX10 | BQJ6: J1313.DX11 | BQK6: J1313.DX12 | BQL6: J1313.DX13 | BQM6: J1313.DX14 | BQN6: J1313.DX15 | BQO6: J1313.DY1 | BQP6: J1313.DY2 | BQQ6: J1313.DY3 | BQR6: J1313.DY4 | BQS6: J1313.DY6 | BQT6: J1313.DY7 | BQU6: J1313.DY8 | BQV6: J1313.DY9 | BQW6: J1313.DY10 | BQX6: J1313.DY11 | BQY6: J1313.DY12 | BQZ6: J1313.DY13 | BRA6: J1313.DY14 | BRB6: J1313.DY15 | BRC6: J1401.AX2 | BRD6: J1401.AX3 | BRE6: J1401.AX4 | BRF6: J1401.AX5 | BRG6: J1401.AX6 | BRH6: J1401.AX7 | BRI6: J1401.AX9 | BRJ6: J1401.AX10 | BRK6: J1401.AX13 | BRL6: J1401.AY2 | BRM6: J1401.AY3 | BRN6: J1401.AY4 | BRO6: J1401.AY5 | BRP6: J1401.AY6 | BRQ6: J1401.AY7 | BRR6: J1401.AY9 | BRS6: J1401.AY10 | BRT6: J1401.AY13 | BRU6: J1401.BS2 | BRV6: J1401.BS3 | BRW6: J1401.BS4 | BRX6: J1401.BS5 | BRY6: J1401.BS6 | BRZ6: J1401.BS7 | BSA6: J1401.BX9 | BSB6: J1401.BX10 | BSC6: J1401.BX13 | BSD6: J1401.BX15 | BSE6: J1401.BY9 | BSF6: J1401.BY10 | BSG6: J1401.BY13 | BSH6: J1401.BY15 | BSI6: J1401.CX1 | BSJ6: J1401.CX2 | BSK6: J1401.CX3 | BSL6: J1401.CX4 | BSM6: J1401.CX6 | BSN6: J1401.CX7 | BSO6: J1401.CX9 | BSP6: J1401.CX10 | BSQ6: J1401.CX12 | BSR6: J1401.CY1 | BSS6: J1401.CY2 | BST6: J1401.CY3 | BSU6: J1401.CY4 | BSV6: J1401.CY6 | BSW6: J1401.CY7 | BSX6: J1401.CY9 | BSY6: J1401.CY10 | BSZ6: J1401.CY12 | BTA6: J1401.DS1 | BTB6: J1401.DS2 | BTC6: J1401.DS3 | BTD6: J1401.DS4 | BTE6: J1401.DS6 | BTF6: J1401.DS7 | BTG6: J1401.DS12 | BTH6: J1401.DX9 | BTI6: J1401.DX10 | BTJ6: J1401.DX12 | BTK6: J1401.DX14 | BTL6: J1401.DY9 | BTM6: J1401.DY10 | BTN6: J1401.DY12 | BTO6: J1401.DY14 | BTP6: J1402.AS15 | BTQ6: J1402.AX2 | BTR6: J1402.AX3 | BTS6: J1402.AX4 | BTT6: J1402.AX5 | BTU6: J1402.AX6 | BTV6: J1402.AX7 | BTW6: J1402.AX9 | BTX6: J1402.AX10 | BTY6: J1402.AX13 | BTZ6: J1402.AX15 | BUA6: J1402.AY2 | BUB6: J1402.AY3 | BUC6: J1402.AY4 | BUD6: J1402.AY5 | BUE6: J1402.AY6 | BUF6: J1402.AY7 | BUG6: J1402.AY9 | BUH6: J1402.AY10 | BUI6: J1402.AY13 | BUJ6: J1402.AY15 | BUK6: J1402.BS2 | BUL6: J1402.BS3 | BUM6: J1402.BS4 | BUN6: J1402.BS5 | BUO6: J1402.BS6 | BUP6: J1402.BS7 | BUQ6: J1402.BX9 | BUR6: J1402.BX10 | BUS6: J1402.BX11 | BUT6: J1402.BX13 | BUU6: J1402.BY9 | BUV6: J1402.BY10 | BUW6: J1402.BY11 | BUX6: J1402.BY13 | BUY6: J1402.CX1 | BUZ6: J1402.CX2 | BVA6: J1402.CX3 | BVB6: J1402.CX4 | BVC6: J1402.CX6 | BVD6: J1402.CX7 | BVE6: J1402.CX9 | BVF6: J1402.CX10 | BVG6: J1402.CX12 | BVH6: J1402.CY1 | BVI6: J1402.CY2 | BVJ6: J1402.CY3 | BVK6: J1402.CY4 | BVL6: J1402.CY6 | BVM6: J1402.CY7 | BVN6: J1402.CY9 | BVO6: J1402.CY10 | BVP6: J1402.CY12 | BVQ6: J1402.DS1 | BVR6: J1402.DS2 | BVS6: J1402.DS3 | BVT6: J1402.DS4 | BVU6: J1402.DS6 | BVV6: J1402.DS7 | BVW6: J1402.DX9 | BVX6: J1402.DX10 | BVY6: J1402.DX12 | BVZ6: J1402.DX14 | BWA6: J1402.DY9 | BWB6: J1402.DY10 | BWC6: J1402.DY12 | BWD6: J1402.DY14 | BWE6: J1403.AX2 | BWF6: J1403.AX3 | BWG6: J1403.AX4 | BWH6: J1403.AX5 | BWI6: J1403.AX6 | BWJ6: J1403.AX7 | BWK6: J1403.AX9 | BWL6: J1403.AX10 | BWM6: J1403.AX13 | BWN6: J1403.AX15 | BWO6: J1403.AY2 | BWP6: J1403.AY3 | BWQ6: J1403.AY4 | BWR6: J1403.AY5 | BWS6: J1403.AY6 | BWT6: J1403.AY7 | BWU6: J1403.AY9 | BWV6: J1403.AY10 | BWW6: J1403.AY13 | BWX6: J1403.AY15 | BWY6: J1403.BS2 | BWZ6: J1403.BS3 | BXA6: J1403.BS4 | BXB6: J1403.BS5 | BXC6: J1403.BS6 | BXD6: J1403.BS7 | BXE6: J1403.BX9 | BXF6: J1403.BX10 | BXG6: J1403.BX13 | BXH6: J1403.BX15 | BXI6: J1403.BY9 | BXJ6: J1403.BY10 | BXK6: J1403.BY13 | BXL6: J1403.BY15 | BXM6: J1403.CX1 | BXN6: J1403.CX2 | BXO6: J1403.CX3 | BXP6: J1403.CX4 | BXQ6: J1403.CX6 | BXR6: J1403.CX7 | BXS6: J1403.CX9 | BXT6: J1403.CX10 | BXU6: J1403.CX12 | BXV6: J1403.CX14 | BXW6: J1403.CY1 | BXX6: J1403.CY2 | BXY6: J1403.CY3 | BXZ6: J1403.CY4 | BYA6: J1403.CY6 | BYB6: J1403.CY7 | BYC6: J1403.CY9 | BYD6: J1403.CY10 | BYE6: J1403.CY12 | BYF6: J1403.CY14 | BYG6: J1403.DS1 | BYH6: J1403.DS2 | BYI6: J1403.DS3 | BYJ6: J1403.DS4 | BYK6: J1403.DS6 | BYL6: J1403.DS7 | BYM6: J1403.DX9 | BYN6: J1403.DX10 | BYO6: J1403.DX12 | BYP6: J1403.DX14 | BYQ6: J1403.DY9 | BYR6: J1403.DY10 | BYS6: J1403.DY12 | BYT6: J1403.DY14 | BYU6: J1404.AS11 | BYV6: J1404.AX2 | BYW6: J1404.AX3 | BYX6: J1404.AX4 | BYY6: J1404.AX5 | BYZ6: J1404.AX6 | BZA6: J1404.AX7 | BZB6: J1404.AX9 | BZC6: J1404.AX10 | BZD6: J1404.AX11 | BZE6: J1404.AX13 | BZF6: J1404.AY2 | BZG6: J1404.AY3 | BZH6: J1404.AY4 | BZI6: J1404.AY5 | BZJ6: J1404.AY6 | BZK6: J1404.AY7 | BZL6: J1404.AY9 | BZM6: J1404.AY10 | BZN6: J1404.AY11 | BZO6: J1404.AY13 | BZP6: J1404.BS2 | BZQ6: J1404.BS3 | BZR6: J1404.BS4 | BZS6: J1404.BS5 | BZT6: J1404.BS6 | BZU6: J1404.BS7 | BZV6: J1404.BS11 | BZW6: J1404.BX9 | BZX6: J1404.BX10 | BZY6: J1404.BX11 | BZZ6: J1404.BX13 | CAA6: J1404.BX15 | CAB6: J1404.BY9 | CAC6: J1404.BY10 | CAD6: J1404.BY11 | CAE6: J1404.BY13 | CAF6: J1404.BY15 | CAG6: J1404.CX1 | CAH6: J1404.CX2 | CAI6: J1404.CX3 | CAJ6: J1404.CX4 | CAK6: J1404.CX6 | CAL6: J1404.CX7 | CAM6: J1404.CX9 | CAN6: J1404.CX10 | CAO6: J1404.CX12 | CAP6: J1404.CX14 | CAQ6: J1404.CY1 | CAR6: J1404.CY2 | CAS6: J1404.CY3 | CAT6: J1404.CY4 | CAU6: J1404.CY6 | CAV6: J1404.CY7 | CAW6: J1404.CY9 | CAX6: J1404.CY10 | CAY6: J1404.CY12 | CAZ6: J1404.CY14 | CBA6: J1404.DS1 | CBB6: J1404.DS2 | CBC6: J1404.DS3 | CBD6: J1404.DS4 | CBE6: J1404.DS6 | CBF6: J1404.DS7 | CBG6: J1404.DS12 | CBH6: J1404.DX9 | CBI6: J1404.DX10 | CBJ6: J1404.DX12 | CBK6: J1404.DX14 | CBL6: J1404.DY9 | CBM6: J1404.DY10 | CBN6: J1404.DY12 | CBO6: J1404.DY14 | CBP6: J1405.AS3 | CBQ6: J1405.AS9 | CBR6: J1405.AS10 | CBS6: J1405.AX2 | CBT6: J1405.AX3 | CBU6: J1405.AX9 | CBV6: J1405.AX10 | CBW6: J1405.AY2 | CBX6: J1405.AY3 | CBY6: J1405.AY9 | CBZ6: J1405.AY10 | CCA6: J1405.BS3 | CCB6: J1405.BS9 | CCC6: J1405.BS10 | CCD6: J1405.BX3 | CCE6: J1405.BX8 | CCF6: J1405.BX9 | CCG6: J1405.BX10 | CCH6: J1405.BX15 | CCI6: J1405.BY3 | CCJ6: J1405.BY8 | CCK6: J1405.BY9 | CCL6: J1405.BY10 | CCM6: J1405.BY15 | CCN6: J1405.CS8 | CCO6: J1405.CS9 | CCP6: J1405.CS14 | CCQ6: J1405.CX1 | CCR6: J1405.CX2 | CCS6: J1405.CX3 | CCT6: J1405.CX8 | CCU6: J1405.CX9 | CCV6: J1405.CX10 | CCW6: J1405.CX14 | CCX6: J1405.CY1 | CCY6: J1405.CY2 | CCZ6: J1405.CY3 | CDA6: J1405.CY8 | CDB6: J1405.CY9 | CDC6: J1405.CY10 | CDD6: J1405.CY14 | CDE6: J1405.DS8 | CDF6: J1405.DS9 | CDG6: J1405.DS14 | CDH6: J1405.DX1 | CDI6: J1405.DX8 | CDJ6: J1405.DX9 | CDK6: J1405.DX14 | CDL6: J1405.DY1 | CDM6: J1405.DY8 | CDN6: J1405.DY9 | CDO6: J1405.DY14 | CDP6: J1406.AS4 | CDQ6: J1406.AS10 | CDR6: J1406.AX4 | CDS6: J1406.AX10 | CDT6: J1406.AY4 | CDU6: J1406.AY10 | CDV6: J1406.BS3 | CDW6: J1406.BS4 | CDX6: J1406.BS9 | CDY6: J1406.BS10 | CDZ6: J1406.BX3 | CEA6: J1406.BX4 | CEB6: J1406.BX8 | CEC6: J1406.BX9 | CED6: J1406.BX10 | CEE6: J1406.BX15 | CEF6: J1406.BY3 | CEG6: J1406.BY4 | CEH6: J1406.BY8 | CEI6: J1406.BY9 | CEJ6: J1406.BY10 | CEK6: J1406.BY15 | CEL6: J1406.CS7 | CEM6: J1406.CS8 | CEN6: J1406.CS13 | CEO6: J1406.CX2 | CEP6: J1406.CX7 | CEQ6: J1406.CX8 | CER6: J1406.CX9 | CES6: J1406.CX13 | CET6: J1406.CY2 | CEU6: J1406.CY7 | CEV6: J1406.CY8 | CEW6: J1406.CY9 | CEX6: J1406.CY13 | CEY6: J1406.DS7 | CEZ6: J1406.DS8 | CFA6: J1406.DS13 | CFB6: J1406.DS14 | CFC6: J1406.DX7 | CFD6: J1406.DX8 | CFE6: J1406.DX13 | CFF6: J1406.DX14 | CFG6: J1406.DY7 | CFH6: J1406.DY8 | CFI6: J1406.DY13 | CFJ6: J1406.DY14 | CFK6: J1407.AS3 | CFL6: J1407.AS9 | CFM6: J1407.AS10 | CFN6: J1407.AX2 | CFO6: J1407.AX3 | CFP6: J1407.AX9 | CFQ6: J1407.AX10 | CFR6: J1407.AY2 | CFS6: J1407.AY3 | CFT6: J1407.AY9 | CFU6: J1407.AY10 | CFV6: J1407.BS3 | CFW6: J1407.BS9 | CFX6: J1407.BS10 | CFY6: J1407.BX3 | CFZ6: J1407.BX8 | CGA6: J1407.BX9 | CGB6: J1407.BX10 | CGC6: J1407.BX15 | CGD6: J1407.BY3 | CGE6: J1407.BY8 | CGF6: J1407.BY9 | CGG6: J1407.BY10 | CGH6: J1407.BY15 | CGI6: J1407.CS8 | CGJ6: J1407.CS9 | CGK6: J1407.CS14 | CGL6: J1407.CX1 | CGM6: J1407.CX2 | CGN6: J1407.CX3 | CGO6: J1407.CX8 | CGP6: J1407.CX9 | CGQ6: J1407.CX10 | CGR6: J1407.CX14 | CGS6: J1407.CY1 | CGT6: J1407.CY2 | CGU6: J1407.CY3 | CGV6: J1407.CY8 | CGW6: J1407.CY9 | CGX6: J1407.CY10 | CGY6: J1407.CY14 | CGZ6: J1407.DS8 | CHA6: J1407.DS9 | CHB6: J1407.DS14 | CHC6: J1407.DX1 | CHD6: J1407.DX8 | CHE6: J1407.DX9 | CHF6: J1407.DX14 | CHG6: J1407.DY1 | CHH6: J1407.DY8 | CHI6: J1407.DY9 | CHJ6: J1407.DY14 | CHK6: J1408.AS4 | CHL6: J1408.AS10 | CHM6: J1408.AX4 | CHN6: J1408.AX10 | CHO6: J1408.AY4 | CHP6: J1408.AY10 | CHQ6: J1408.BS3 | CHR6: J1408.BS4 | CHS6: J1408.BS9 | CHT6: J1408.BS10 | CHU6: J1408.BX3 | CHV6: J1408.BX4 | CHW6: J1408.BX8 | CHX6: J1408.BX9 | CHY6: J1408.BX10 | CHZ6: J1408.BX15 | CIA6: J1408.BY3 | CIB6: J1408.BY4 | CIC6: J1408.BY8 | CID6: J1408.BY9 | CIE6: J1408.BY10 | CIF6: J1408.BY15 | CIG6: J1408.CS7 | CIH6: J1408.CS8 | CII6: J1408.CS13 | CIJ6: J1408.CX2 | CIK6: J1408.CX7 | CIL6: J1408.CX8 | CIM6: J1408.CX9 | CIN6: J1408.CX13 | CIO6: J1408.CY2 | CIP6: J1408.CY7 | CIQ6: J1408.CY8 | CIR6: J1408.CY9 | CIS6: J1408.CY13 | CIT6: J1408.DS7 | CIU6: J1408.DS8 | CIV6: J1408.DS13 | CIW6: J1408.DS14 | CIX6: J1408.DX7 | CIY6: J1408.DX8 | CIZ6: J1408.DX13 | CJA6: J1408.DX14 | CJB6: J1408.DY7 | CJC6: J1408.DY8 | CJD6: J1408.DY13 | CJE6: J1408.DY14 | CJF6: J1412.AS15 | CJG6: J1412.AX2 | CJH6: J1412.AX5 | CJI6: J1412.AX13 | CJJ6: J1412.AX14 | CJK6: J1412.AX15 | CJL6: J1412.AY2 | CJM6: J1412.AY5 | CJN6: J1412.AY13 | CJO6: J1412.AY14 | CJP6: J1412.AY15 | CJQ6: J1412.BX2 | CJR6: J1412.BX5 | CJS6: J1412.BX13 | CJT6: J1412.BX14 | CJU6: J1412.BY2 | CJV6: J1412.BY5 | CJW6: J1412.BY13 | CJX6: J1412.BY14 | CJY6: J1412.CS2 | CJZ6: J1412.CX2 | CKA6: J1412.CY2 | CKB6: J1412.DS2 | CKC6: J1412.DX2 | CKD6: J1412.DY2 | CKE6: J1413.AS4 | CKF6: J1413.AS11 | CKG6: J1413.AX2 | CKH6: J1413.AX3 | CKI6: J1413.AX4 | CKJ6: J1413.AX5 | CKK6: J1413.AX6 | CKL6: J1413.AX7 | CKM6: J1413.AX8 | CKN6: J1413.AX9 | CKO6: J1413.AX10 | CKP6: J1413.AX11 | CKQ6: J1413.AX13 | CKR6: J1413.AX14 | CKS6: J1413.AX15 | CKT6: J1413.AX16 | CKU6: J1413.AY2 | CKV6: J1413.AY3 | CKW6: J1413.AY4 | CKX6: J1413.AY5 | CKY6: J1413.AY6 | CKZ6: J1413.AY7 | CLA6: J1413.AY8 | CLB6: J1413.AY9 | CLC6: J1413.AY10 | CLD6: J1413.AY11 | CLE6: J1413.AY13 | CLF6: J1413.AY14 | CLG6: J1413.AY15 | CLH6: J1413.AY16 | CLI6: J1413.BX1 | CLJ6: J1413.BX2 | CLK6: J1413.BX3 | CLL6: J1413.BX4 | CLM6: J1413.BX5 | CLN6: J1413.BX6 | CLO6: J1413.BX7 | CLP6: J1413.BX8 | CLQ6: J1413.BX9 | CLR6: J1413.BX10 | CLS6: J1413.BX11 | CLT6: J1413.BX12 | CLU6: J1413.BX13 | CLV6: J1413.BX14 | CLW6: J1413.BX15 | CLX6: J1413.BX16 | CLY6: J1413.BY1 | CLZ6: J1413.BY2 | CMA6: J1413.BY3 | CMB6: J1413.BY4 | CMC6: J1413.BY5 | CMD6: J1413.BY6 | CME6: J1413.BY7 | CMF6: J1413.BY8 | CMG6: J1413.BY9 | CMH6: J1413.BY10 | CMI6: J1413.BY11 | CMJ6: J1413.BY12 | CMK6: J1413.BY13 | CML6: J1413.BY14 | CMM6: J1413.BY15 | CMN6: J1413.BY16 | CMO6: J1413.CX1 | CMP6: J1413.CX2 | CMQ6: J1413.CX3 | CMR6: J1413.CX4 | CMS6: J1413.CX5 | CMT6: J1413.CX6 | CMU6: J1413.CX7 | CMV6: J1413.CX8 | CMW6: J1413.CX9 | CMX6: J1413.CX10 | CMY6: J1413.CX11 | CMZ6: J1413.CX12 | CNA6: J1413.CX13 | CNB6: J1413.CX14 | CNC6: J1413.CX15 | CND6: J1413.CX16 | CNE6: J1413.CY1 | CNF6: J1413.CY2 | CNG6: J1413.CY3 | CNH6: J1413.CY4 | CNI6: J1413.CY5 | CNJ6: J1413.CY6 | CNK6: J1413.CY7 | CNL6: J1413.CY8 | CNM6: J1413.CY9 | CNN6: J1413.CY10 | CNO6: J1413.CY11 | CNP6: J1413.CY12 | CNQ6: J1413.CY13 | CNR6: J1413.CY14 | CNS6: J1413.CY15 | CNT6: J1413.CY16 | CNU6: J1413.DX1 | CNV6: J1413.DX2 | CNW6: J1413.DX3 | CNX6: J1413.DX4 | CNY6: J1413.DX6 | CNZ6: J1413.DX7 | COA6: J1413.DX8 | COB6: J1413.DX9 | COC6: J1413.DX10 | COD6: J1413.DX11 | COE6: J1413.DX12 | COF6: J1413.DX13 | COG6: J1413.DX14 | COH6: J1413.DX15 | COI6: J1413.DY1 | COJ6: J1413.DY2 | COK6: J1413.DY3 | COL6: J1413.DY4 | COM6: J1413.DY6 | CON6: J1413.DY7 | COO6: J1413.DY8 | COP6: J1413.DY9 | COQ6: J1413.DY10 | COR6: J1413.DY11 | COS6: J1413.DY12 | COT6: J1413.DY13 | COU6: J1413.DY14 | COV6: J1413.DY15 | COW6: J1501.AX2 | COX6: J1501.AX3 | COY6: J1501.AX4 | COZ6: J1501.AX5 | CPA6: J1501.AX6 | CPB6: J1501.AX7 | CPC6: J1501.AX8 | CPD6: J1501.AX9 | CPE6: J1501.AX13 | CPF6: J1501.AX14 | CPG6: J1501.AY2 | CPH6: J1501.AY3 | CPI6: J1501.AY4 | CPJ6: J1501.AY5 | CPK6: J1501.AY6 | CPL6: J1501.AY7 | CPM6: J1501.AY8 | CPN6: J1501.AY9 | CPO6: J1501.AY13 | CPP6: J1501.AY14 | CPQ6: J1501.BS13 | CPR6: J1501.BX2 | CPS6: J1501.BX3 | CPT6: J1501.BX4 | CPU6: J1501.BX5 | CPV6: J1501.BX6 | CPW6: J1501.BX7 | CPX6: J1501.BX8 | CPY6: J1501.BX9 | CPZ6: J1501.BX13 | CQA6: J1501.BX14 | CQB6: J1501.BY2 | CQC6: J1501.BY3 | CQD6: J1501.BY4 | CQE6: J1501.BY5 | CQF6: J1501.BY6 | CQG6: J1501.BY7 | CQH6: J1501.BY8 | CQI6: J1501.BY9 | CQJ6: J1501.BY13 | CQK6: J1501.BY14 | CQL6: J1501.CX1 | CQM6: J1501.CX2 | CQN6: J1501.CX3 | CQO6: J1501.CX4 | CQP6: J1501.CX6 | CQQ6: J1501.CX7 | CQR6: J1501.CX8 | CQS6: J1501.CX9 | CQT6: J1501.CX10 | CQU6: J1501.CX11 | CQV6: J1501.CX12 | CQW6: J1501.CX13 | CQX6: J1501.CX14 | CQY6: J1501.CY1 | CQZ6: J1501.CY2 | CRA6: J1501.CY3 | CRB6: J1501.CY4 | CRC6: J1501.CY6 | CRD6: J1501.CY7 | CRE6: J1501.CY8 | CRF6: J1501.CY9 | CRG6: J1501.CY10 | CRH6: J1501.CY11 | CRI6: J1501.CY12 | CRJ6: J1501.CY13 | CRK6: J1501.CY14 | CRL6: J1501.DX1 | CRM6: J1501.DX2 | CRN6: J1501.DX3 | CRO6: J1501.DX4 | CRP6: J1501.DX6 | CRQ6: J1501.DX7 | CRR6: J1501.DX8 | CRS6: J1501.DX9 | CRT6: J1501.DX10 | CRU6: J1501.DX11 | CRV6: J1501.DX12 | CRW6: J1501.DX13 | CRX6: J1501.DX14 | CRY6: J1501.DY1 | CRZ6: J1501.DY2 | CSA6: J1501.DY3 | CSB6: J1501.DY4 | CSC6: J1501.DY6 | CSD6: J1501.DY7 | CSE6: J1501.DY8 | CSF6: J1501.DY9 | CSG6: J1501.DY10 | CSH6: J1501.DY11 | CSI6: J1501.DY12 | CSJ6: J1501.DY13 | CSK6: J1501.DY14 | CSL6: J1502.AX2 | CSM6: J1502.AX3 | CSN6: J1502.AX4 | CSO6: J1502.AX5 | CSP6: J1502.AX6 | CSQ6: J1502.AX7 | CSR6: J1502.AX8 | CSS6: J1502.AX9 | CST6: J1502.AX14 | CSU6: J1502.AY2 | CSV6: J1502.AY3 | CSW6: J1502.AY4 | CSX6: J1502.AY5 | CSY6: J1502.AY6 | CSZ6: J1502.AY7 | CTA6: J1502.AY8 | CTB6: J1502.AY9 | CTC6: J1502.AY14 | CTD6: J1502.BX2 | CTE6: J1502.BX3 | CTF6: J1502.BX4 | CTG6: J1502.BX5 | CTH6: J1502.BX6 | CTI6: J1502.BX7 | CTJ6: J1502.BX8 | CTK6: J1502.BX9 | CTL6: J1502.BX14 | CTM6: J1502.BY2 | CTN6: J1502.BY3 | CTO6: J1502.BY4 | CTP6: J1502.BY5 | CTQ6: J1502.BY6 | CTR6: J1502.BY7 | CTS6: J1502.BY8 | CTT6: J1502.BY9 | CTU6: J1502.BY14 | CTV6: J1502.CX1 | CTW6: J1502.CX2 | CTX6: J1502.CX3 | CTY6: J1502.CX4 | CTZ6: J1502.CX6 | CUA6: J1502.CX7 | CUB6: J1502.CX8 | CUC6: J1502.CX9 | CUD6: J1502.CX10 | CUE6: J1502.CX11 | CUF6: J1502.CX12 | CUG6: J1502.CX13 | CUH6: J1502.CX14 | CUI6: J1502.CY1 | CUJ6: J1502.CY2 | CUK6: J1502.CY3 | CUL6: J1502.CY4 | CUM6: J1502.CY6 | CUN6: J1502.CY7 | CUO6: J1502.CY8 | CUP6: J1502.CY9 | CUQ6: J1502.CY10 | CUR6: J1502.CY11 | CUS6: J1502.CY12 | CUT6: J1502.CY13 | CUU6: J1502.CY14 | CUV6: J1502.DX1 | CUW6: J1502.DX2 | CUX6: J1502.DX3 | CUY6: J1502.DX4 | CUZ6: J1502.DX6 | CVA6: J1502.DX7 | CVB6: J1502.DX8 | CVC6: J1502.DX9 | CVD6: J1502.DX10 | CVE6: J1502.DX11 | CVF6: J1502.DX12 | CVG6: J1502.DX13 | CVH6: J1502.DX14 | CVI6: J1502.DY1 | CVJ6: J1502.DY2 | CVK6: J1502.DY3 | CVL6: J1502.DY4 | CVM6: J1502.DY6 | CVN6: J1502.DY7 | CVO6: J1502.DY8 | CVP6: J1502.DY9 | CVQ6: J1502.DY10 | CVR6: J1502.DY11 | CVS6: J1502.DY12 | CVT6: J1502.DY13 | CVU6: J1502.DY14 | CVV6: J1503.AX2 | CVW6: J1503.AX3 | CVX6: J1503.AX4 | CVY6: J1503.AX5 | CVZ6: J1503.AX6 | CWA6: J1503.AX7 | CWB6: J1503.AX8 | CWC6: J1503.AX9 | CWD6: J1503.AX13 | CWE6: J1503.AX14 | CWF6: J1503.AY2 | CWG6: J1503.AY3 | CWH6: J1503.AY4 | CWI6: J1503.AY5 | CWJ6: J1503.AY6 | CWK6: J1503.AY7 | CWL6: J1503.AY8 | CWM6: J1503.AY9 | CWN6: J1503.AY13 | CWO6: J1503.AY14 | CWP6: J1503.BS13 | CWQ6: J1503.BX2 | CWR6: J1503.BX3 | CWS6: J1503.BX4 | CWT6: J1503.BX5 | CWU6: J1503.BX6 | CWV6: J1503.BX7 | CWW6: J1503.BX8 | CWX6: J1503.BX9 | CWY6: J1503.BX10 | CWZ6: J1503.BX11 | CXA6: J1503.BX13 | CXB6: J1503.BX14 | CXC6: J1503.BY2 | CXD6: J1503.BY3 | CXE6: J1503.BY4 | CXF6: J1503.BY5 | CXG6: J1503.BY6 | CXH6: J1503.BY7 | CXI6: J1503.BY8 | CXJ6: J1503.BY9 | CXK6: J1503.BY10 | CXL6: J1503.BY11 | CXM6: J1503.BY13 | CXN6: J1503.BY14 | CXO6: J1503.CX1 | CXP6: J1503.CX2 | CXQ6: J1503.CX3 | CXR6: J1503.CX4 | CXS6: J1503.CX6 | CXT6: J1503.CX7 | CXU6: J1503.CX8 | CXV6: J1503.CX9 | CXW6: J1503.CX10 | CXX6: J1503.CX11 | CXY6: J1503.CX12 | CXZ6: J1503.CX13 | CYA6: J1503.CX14 | CYB6: J1503.CY1 | CYC6: J1503.CY2 | CYD6: J1503.CY3 | CYE6: J1503.CY4 | CYF6: J1503.CY6 | CYG6: J1503.CY7 | CYH6: J1503.CY8 | CYI6: J1503.CY9 | CYJ6: J1503.CY10 | CYK6: J1503.CY11 | CYL6: J1503.CY12 | CYM6: J1503.CY13 | CYN6: J1503.CY14 | CYO6: J1503.DX1 | CYP6: J1503.DX2 | CYQ6: J1503.DX3 | CYR6: J1503.DX4 | CYS6: J1503.DX6 | CYT6: J1503.DX7 | CYU6: J1503.DX8 | CYV6: J1503.DX9 | CYW6: J1503.DX10 | CYX6: J1503.DX13 | CYY6: J1503.DX14 | CYZ6: J1503.DY1 | CZA6: J1503.DY2 | CZB6: J1503.DY3 | CZC6: J1503.DY4 | CZD6: J1503.DY6 | CZE6: J1503.DY7 | CZF6: J1503.DY8 | CZG6: J1503.DY9 | CZH6: J1503.DY10 | CZI6: J1503.DY13 | CZJ6: J1503.DY14 | CZK6: J1504.AX2 | CZL6: J1504.AX3 | CZM6: J1504.AX4 | CZN6: J1504.AX5 | CZO6: J1504.AX6 | CZP6: J1504.AX7 | CZQ6: J1504.AX8 | CZR6: J1504.AX9 | CZS6: J1504.AX13 | CZT6: J1504.AX14 | CZU6: J1504.AY2 | CZV6: J1504.AY3 | CZW6: J1504.AY4 | CZX6: J1504.AY5 | CZY6: J1504.AY6 | CZZ6: J1504.AY7 | DAA6: J1504.AY8 | DAB6: J1504.AY9 | DAC6: J1504.AY13 | DAD6: J1504.AY14 | DAE6: J1504.BS13 | DAF6: J1504.BX2 | DAG6: J1504.BX3 | DAH6: J1504.BX4 | DAI6: J1504.BX5 | DAJ6: J1504.BX6 | DAK6: J1504.BX7 | DAL6: J1504.BX8 | DAM6: J1504.BX9 | DAN6: J1504.BX13 | DAO6: J1504.BX14 | DAP6: J1504.BY2 | DAQ6: J1504.BY3 | DAR6: J1504.BY4 | DAS6: J1504.BY5 | DAT6: J1504.BY6 | DAU6: J1504.BY7 | DAV6: J1504.BY8 | DAW6: J1504.BY9 | DAX6: J1504.BY13 | DAY6: J1504.BY14 | DAZ6: J1504.CX1 | DBA6: J1504.CX2 | DBB6: J1504.CX3 | DBC6: J1504.CX4 | DBD6: J1504.CX6 | DBE6: J1504.CX7 | DBF6: J1504.CX8 | DBG6: J1504.CX9 | DBH6: J1504.CX10 | DBI6: J1504.CX11 | DBJ6: J1504.CX12 | DBK6: J1504.CX13 | DBL6: J1504.CX14 | DBM6: J1504.CY1 | DBN6: J1504.CY2 | DBO6: J1504.CY3 | DBP6: J1504.CY4 | DBQ6: J1504.CY6 | DBR6: J1504.CY7 | DBS6: J1504.CY8 | DBT6: J1504.CY9 | DBU6: J1504.CY10 | DBV6: J1504.CY11 | DBW6: J1504.CY12 | DBX6: J1504.CY13 | DBY6: J1504.CY14 | DBZ6: J1504.DX1 | DCA6: J1504.DX2 | DCB6: J1504.DX3 | DCC6: J1504.DX4 | DCD6: J1504.DX6 | DCE6: J1504.DX7 | DCF6: J1504.DX8 | DCG6: J1504.DX9 | DCH6: J1504.DX10 | DCI6: J1504.DX11 | DCJ6: J1504.DX12 | DCK6: J1504.DX13 | DCL6: J1504.DX14 | DCM6: J1504.DY1 | DCN6: J1504.DY2 | DCO6: J1504.DY3 | DCP6: J1504.DY4 | DCQ6: J1504.DY6 | DCR6: J1504.DY7 | DCS6: J1504.DY8 | DCT6: J1504.DY9 | DCU6: J1504.DY10 | DCV6: J1504.DY11 | DCW6: J1504.DY12 | DCX6: J1504.DY13 | DCY6: J1504.DY14 | DCZ6: J1505.AX2 | DDA6: J1505.AX3 | DDB6: J1505.AX4 | DDC6: J1505.AX5 | DDD6: J1505.AX6 | DDE6: J1505.AX7 | DDF6: J1505.AX8 | DDG6: J1505.AX9 | DDH6: J1505.AX14 | DDI6: J1505.AY2 | DDJ6: J1505.AY3 | DDK6: J1505.AY4 | DDL6: J1505.AY5 | DDM6: J1505.AY6 | DDN6: J1505.AY7 | DDO6: J1505.AY8 | DDP6: J1505.AY9 | DDQ6: J1505.AY14 | DDR6: J1505.BX2 | DDS6: J1505.BX3 | DDT6: J1505.BX4 | DDU6: J1505.BX5 | DDV6: J1505.BX6 | DDW6: J1505.BX7 | DDX6: J1505.BX8 | DDY6: J1505.BX9 | DDZ6: J1505.BX14 | DEA6: J1505.BY2 | DEB6: J1505.BY3 | DEC6: J1505.BY4 | DED6: J1505.BY5 | DEE6: J1505.BY6 | DEF6: J1505.BY7 | DEG6: J1505.BY8 | DEH6: J1505.BY9 | DEI6: J1505.BY14 | DEJ6: J1505.CX1 | DEK6: J1505.CX2 | DEL6: J1505.CX3 | DEM6: J1505.CX4 | DEN6: J1505.CX6 | DEO6: J1505.CX7 | DEP6: J1505.CX8 | DEQ6: J1505.CX9 | DER6: J1505.CX10 | DES6: J1505.CX11 | DET6: J1505.CX12 | DEU6: J1505.CX13 | DEV6: J1505.CX14 | DEW6: J1505.CY1 | DEX6: J1505.CY2 | DEY6: J1505.CY3 | DEZ6: J1505.CY4 | DFA6: J1505.CY6 | DFB6: J1505.CY7 | DFC6: J1505.CY8 | DFD6: J1505.CY9 | DFE6: J1505.CY10 | DFF6: J1505.CY11 | DFG6: J1505.CY12 | DFH6: J1505.CY13 | DFI6: J1505.CY14 | DFJ6: J1505.DX1 | DFK6: J1505.DX2 | DFL6: J1505.DX3 | DFM6: J1505.DX4 | DFN6: J1505.DX6 | DFO6: J1505.DX7 | DFP6: J1505.DX8 | DFQ6: J1505.DX9 | DFR6: J1505.DX10 | DFS6: J1505.DX11 | DFT6: J1505.DX12 | DFU6: J1505.DX13 | DFV6: J1505.DX14 | DFW6: J1505.DY1 | DFX6: J1505.DY2 | DFY6: J1505.DY3 | DFZ6: J1505.DY4 | DGA6: J1505.DY6 | DGB6: J1505.DY7 | DGC6: J1505.DY8 | DGD6: J1505.DY9 | DGE6: J1505.DY10 | DGF6: J1505.DY11 | DGG6: J1505.DY12 | DGH6: J1505.DY13 | DGI6: J1505.DY14 | DGJ6: J1506.AX2 | DGK6: J1506.AX3 | DGL6: J1506.AX4 | DGM6: J1506.AX5 | DGN6: J1506.AX6 | DGO6: J1506.AX7 | DGP6: J1506.AX8 | DGQ6: J1506.AX9 | DGR6: J1506.AX13 | DGS6: J1506.AX14 | DGT6: J1506.AY2 | DGU6: J1506.AY3 | DGV6: J1506.AY4 | DGW6: J1506.AY5 | DGX6: J1506.AY6 | DGY6: J1506.AY7 | DGZ6: J1506.AY8 | DHA6: J1506.AY9 | DHB6: J1506.AY13 | DHC6: J1506.AY14 | DHD6: J1506.BS13 | DHE6: J1506.BX2 | DHF6: J1506.BX3 | DHG6: J1506.BX4 | DHH6: J1506.BX5 | DHI6: J1506.BX6 | DHJ6: J1506.BX7 | DHK6: J1506.BX8 | DHL6: J1506.BX9 | DHM6: J1506.BX10 | DHN6: J1506.BX11 | DHO6: J1506.BX13 | DHP6: J1506.BX14 | DHQ6: J1506.BY2 | DHR6: J1506.BY3 | DHS6: J1506.BY4 | DHT6: J1506.BY5 | DHU6: J1506.BY6 | DHV6: J1506.BY7 | DHW6: J1506.BY8 | DHX6: J1506.BY9 | DHY6: J1506.BY10 | DHZ6: J1506.BY11 | DIA6: J1506.BY13 | DIB6: J1506.BY14 | DIC6: J1506.CX1 | DID6: J1506.CX2 | DIE6: J1506.CX3 | DIF6: J1506.CX4 | DIG6: J1506.CX6 | DIH6: J1506.CX7 | DII6: J1506.CX8 | DIJ6: J1506.CX9 | DIK6: J1506.CX10 | DIL6: J1506.CX11 | DIM6: J1506.CX12 | DIN6: J1506.CX13 | DIO6: J1506.CX14 | DIP6: J1506.CY1 | DIQ6: J1506.CY2 | DIR6: J1506.CY3 | DIS6: J1506.CY4 | DIT6: J1506.CY6 | DIU6: J1506.CY7 | DIV6: J1506.CY8 | DIW6: J1506.CY9 | DIX6: J1506.CY10 | DIY6: J1506.CY11 | DIZ6: J1506.CY12 | DJA6: J1506.CY13 | DJB6: J1506.CY14 | DJC6: J1506.DX1 | DJD6: J1506.DX2 | DJE6: J1506.DX3 | DJF6: J1506.DX4 | DJG6: J1506.DX6 | DJH6: J1506.DX7 | DJI6: J1506.DX8 | DJJ6: J1506.DX9 | DJK6: J1506.DX10 | DJL6: J1506.DX13 | DJM6: J1506.DX14 | DJN6: J1506.DY1 | DJO6: J1506.DY2 | DJP6: J1506.DY3 | DJQ6: J1506.DY4 | DJR6: J1506.DY6 | DJS6: J1506.DY7 | DJT6: J1506.DY8 | DJU6: J1506.DY9 | DJV6: J1506.DY10 | DJW6: J1506.DY13 | DJX6: J1506.DY14 | DJY6: J1507.AX2 | DJZ6: J1507.AX3 | DKA6: J1507.AX4 | DKB6: J1507.AX5 | DKC6: J1507.AX6 | DKD6: J1507.AX7 | DKE6: J1507.AX8 | DKF6: J1507.AX9 | DKG6: J1507.AX13 | DKH6: J1507.AX14 | DKI6: J1507.AY2 | DKJ6: J1507.AY3 | DKK6: J1507.AY4 | DKL6: J1507.AY5 | DKM6: J1507.AY6 | DKN6: J1507.AY7 | DKO6: J1507.AY8 | DKP6: J1507.AY9 | DKQ6: J1507.AY13 | DKR6: J1507.AY14 | DKS6: J1507.BS13 | DKT6: J1507.BX2 | DKU6: J1507.BX3 | DKV6: J1507.BX4 | DKW6: J1507.BX5 | DKX6: J1507.BX6 | DKY6: J1507.BX7 | DKZ6: J1507.BX8 | DLA6: J1507.BX9 | DLB6: J1507.BX13 | DLC6: J1507.BX14 | DLD6: J1507.BY2 | DLE6: J1507.BY3 | DLF6: J1507.BY4 | DLG6: J1507.BY5 | DLH6: J1507.BY6 | DLI6: J1507.BY7 | DLJ6: J1507.BY8 | DLK6: J1507.BY9 | DLL6: J1507.BY13 | DLM6: J1507.BY14 | DLN6: J1507.CX1 | DLO6: J1507.CX2 | DLP6: J1507.CX3 | DLQ6: J1507.CX4 | DLR6: J1507.CX6 | DLS6: J1507.CX7 | DLT6: J1507.CX8 | DLU6: J1507.CX9 | DLV6: J1507.CX10 | DLW6: J1507.CX11 | DLX6: J1507.CX12 | DLY6: J1507.CX13 | DLZ6: J1507.CX14 | DMA6: J1507.CY1 | DMB6: J1507.CY2 | DMC6: J1507.CY3 | DMD6: J1507.CY4 | DME6: J1507.CY6 | DMF6: J1507.CY7 | DMG6: J1507.CY8 | DMH6: J1507.CY9 | DMI6: J1507.CY10 | DMJ6: J1507.CY11 | DMK6: J1507.CY12 | DML6: J1507.CY13 | DMM6: J1507.CY14 | DMN6: J1507.DX1 | DMO6: J1507.DX2 | DMP6: J1507.DX3 | DMQ6: J1507.DX4 | DMR6: J1507.DX6 | DMS6: J1507.DX7 | DMT6: J1507.DX8 | DMU6: J1507.DX9 | DMV6: J1507.DX10 | DMW6: J1507.DX11 | DMX6: J1507.DX12 | DMY6: J1507.DX13 | DMZ6: J1507.DX14 | DNA6: J1507.DY1 | DNB6: J1507.DY2 | DNC6: J1507.DY3 | DND6: J1507.DY4 | DNE6: J1507.DY6 | DNF6: J1507.DY7 | DNG6: J1507.DY8 | DNH6: J1507.DY9 | DNI6: J1507.DY10 | DNJ6: J1507.DY11 | DNK6: J1507.DY12 | DNL6: J1507.DY13 | DNM6: J1507.DY14 | DNN6: J1508.AX2 | DNO6: J1508.AX3 | DNP6: J1508.AX4 | DNQ6: J1508.AX5 | DNR6: J1508.AX6 | DNS6: J1508.AX7 | DNT6: J1508.AX8 | DNU6: J1508.AX9 | DNV6: J1508.AX14 | DNW6: J1508.AY2 | DNX6: J1508.AY3 | DNY6: J1508.AY4 | DNZ6: J1508.AY5 | DOA6: J1508.AY6 | DOB6: J1508.AY7 | DOC6: J1508.AY8 | DOD6: J1508.AY9 | DOE6: J1508.AY14 | DOF6: J1508.BX2 | DOG6: J1508.BX3 | DOH6: J1508.BX4 | DOI6: J1508.BX5 | DOJ6: J1508.BX6 | DOK6: J1508.BX7 | DOL6: J1508.BX8 | DOM6: J1508.BX9 | DON6: J1508.BX14 | DOO6: J1508.BY2 | DOP6: J1508.BY3 | DOQ6: J1508.BY4 | DOR6: J1508.BY5 | DOS6: J1508.BY6 | DOT6: J1508.BY7 | DOU6: J1508.BY8 | DOV6: J1508.BY9 | DOW6: J1508.BY14 | DOX6: J1508.CX1 | DOY6: J1508.CX2 | DOZ6: J1508.CX3 | DPA6: J1508.CX4 | DPB6: J1508.CX6 | DPC6: J1508.CX7 | DPD6: J1508.CX8 | DPE6: J1508.CX9 | DPF6: J1508.CX10 | DPG6: J1508.CX11 | DPH6: J1508.CX12 | DPI6: J1508.CX13 | DPJ6: J1508.CX14 | DPK6: J1508.CY1 | DPL6: J1508.CY2 | DPM6: J1508.CY3 | DPN6: J1508.CY4 | DPO6: J1508.CY6 | DPP6: J1508.CY7 | DPQ6: J1508.CY8 | DPR6: J1508.CY9 | DPS6: J1508.CY10 | DPT6: J1508.CY11 | DPU6: J1508.CY12 | DPV6: J1508.CY13 | DPW6: J1508.CY14 | DPX6: J1508.DX1 | DPY6: J1508.DX2 | DPZ6: J1508.DX3 | DQA6: J1508.DX4 | DQB6: J1508.DX6 | DQC6: J1508.DX7 | DQD6: J1508.DX8 | DQE6: J1508.DX9 | DQF6: J1508.DX10 | DQG6: J1508.DX11 | DQH6: J1508.DX12 | DQI6: J1508.DX13 | DQJ6: J1508.DX14 | DQK6: J1508.DY1 | DQL6: J1508.DY2 | DQM6: J1508.DY3 | DQN6: J1508.DY4 | DQO6: J1508.DY6 | DQP6: J1508.DY7 | DQQ6: J1508.DY8 | DQR6: J1508.DY9 | DQS6: J1508.DY10 | DQT6: J1508.DY11 | DQU6: J1508.DY12 | DQV6: J1508.DY13 | DQW6: J1508.DY14 | DQX6: J1509.AX2 | DQY6: J1509.A | DQZ6: J1609.AY9 | DRA6: J1609.AY13 | DRB6: J1609.A
A7: J1101_CHK4 | B7: J1101.BS16
A8: J1101_CHK4G | B8: J1101.BX16 | C8: J1101.BY16
A9: J1101_HDP7F | B9: J1101.AS2 | C9: J1101.AS3 | D9: J1101.AS4 | E9: J1101.AS5 | F9: J1101.AS6 | G9: J1101.AS7 | H9: J1101.BX2 | I9: J1101.BX3 | J9: J1101.BX4 | K9: J1101.BX5 | L9: J1101.BX6 | M9: J1101.BX7 | N9: J1101.BY2 | O9: J1101.BY3 | P9: J1101.BY4 | Q9: J1101.BY5 | R9: J1101.BY6 | S9: J1101.BY7 | T9: J1101.CS1 | U9: J1101.CS2 | V9: J1101.CS3 | W9: J1101.CS4 | X9: J1101.CS6 | Y9: J1101.CS7 | Z9: J1101.DX1 | AA9: J1101.DX2 | AB9: J1101.DX3 | AC9: J1101.DX4 | AD9: J1101.DX6 | AE9: J1101.DX7 | AF9: J1101.DY1 | AG9: J1101.DY2 | AH9: J1101.DY3 | AI9: J1101.DY4 | AJ9: J1101.DY6 | AK9: J1101.DY7 | AL9: U7.AJ11 | AM9: U7.AJ13 | AN9: U7.AJ14 | AO9: U7.AJ15 | AP9: U7.AJ16 | AQ9: U7.AJ18 | AR9: U7.AJ20 | AS9: U7.AJ21 | AT9: U7.AJ22 | AU9: U7.AJ24 | AV9: U7.AJ28 | AW9: U7.AK17 | AX9: U7.AK19 | AY9: U7.AL23 | AZ9: U7.AP6 | BA9: U7.AP10 | BB9: U7.AP13 | BC9: U7.AP15 | BD9: U7.AR7 | BE9: U7.AR34 | BF9: U7.AT10 | BG9: U7.AT34 | BH9: U7.AU8 | BI9: U7.AU27 | BJ9: U7.AV15 | BK9: U7.AV36 | BL9: U7.AW6 | BM9: U7.AW33 | BN9: U7.AY8 | BO9: U7.E35 | BP9: U7.G35 | BQ9: U7.H34 | BR9: U7.H35 | BS9: U7.J35 | BT9: U7_C46.2 | BU9: U7_C47.2 | BV9: U7_C48.2 | BW9: U7_C49.2 | BX9: U7_C50.2 | BY9: U7_C51.2 | BZ9: U7_C52.2 | CA9: U7_C53.2 | CB9: U7_C140.1 | CC9: U7_C141.1 | CD9: U7_C142.1 | CE9: U7_C143.1 | CF9: U7_C144.1 | CG9: U7_R4.2 | CH9: U7_R13.2 | CI9: U7_R14.2 | CJ9: U7_TP3.1
A10: J1101_HDP7S | B10: J1101.CS12 | C10: U7.AJ19 | D10: U7.AP7 | E10: U7_R13.1 | F10: U7_R14.1 | G10: U7_TP22.1
A11: J1101_HDP8S | B11: J1101.AS13
A12: J1101_HHGND8 | B12: J1101.BS13
A13: J1101_HMAST7 | B13: J1101.CS13 | C13: J1101.DS13
A14: J1101_HMAST7G | B14: J1101.CX13 | C14: J1101.CY13 | D14: J1101.DX13 | E14: J1101.DY13
A15: J1101_HMAST8 | B15: J1101.BS14
A16: J1101_HMAST8G | B16: J1101.BX14 | C16: J1101.BY14
A17: J1101_HSLAV7 | B17: J1101.AS14
A18: J1101_HSLAV7G | B18: J1101.AX14 | C18: J1101.AY14
A19: J1101_LCPS7 | B19: J1101.CS10
A20: J1101_LCPS8 | B20: J1101.AS10
A21: J1101_LDP7F | B21: J1101.CS9 | C21: J1101.DS9 | D21: J1101.DS10 | E21: U7.AB8 | F21: U7_C77.1 | G21: U7_C78.1 | H21: U7_C79.1 | I21: U7_C80.1 | J21: U7_C81.2 | K21: U7_C170.1 | L21: U7_C172.1 | M21: U7_R26.1 | N21: U7_R26.2 | O21: U7_TP10.1 | P21: U7_TP35.1
A22: J1101_LDP8F | B22: J1101.AS9 | C22: J1101.BS9 | D22: J1101.BS10 | E22: U7.AB36 | F22: U7.AD33 | G22: U7_C85.1 | H22: U7_C86.1 | I22: U7_C87.2 | J22: U7_C162.1 | K22: U7_C164.1 | L22: U7_C176.1 | M22: U7_C177.1 | N22: U7_R30.1 | O22: U7_R30.2 | P22: U7_TP12.1 | Q22: U7_TP39.1
A23: J1101_LIMTRG | B23: J1101.BS15 | C23: U7_R45.1
A24: J1101_LMAST7 | B24: J1101.DS8
A25: J1101_LMAST7G | B25: J1101.DX8 | C25: J1101.DY8
A26: J1101_LMAST8 | B26: J1101.BS8
A27: J1101_LMAST8G | B27: J1101.BX8 | C27: J1101.BY8
A28: J1101_LSLAV7 | B28: J1101.AS8
A29: J1101_LSLAV7G | B29: J1101.AX8 | C29: J1101.AY8
A30: J1101_LSLAV8 | B30: J1101.CS8
A31: J1101_LSLAV8G | B31: J1101.CX8 | C31: J1101.CY8
A32: J1101_LVBMP0 | B32: J1101.DS14 | C32: U7_R47.1
A33: J1101_LVBMP1 | B33: J1101.CS14 | C33: U7_R49.1
A34: J1101_MID40 | B34: J1101.BS12 | C34: J1101.BX12 | D34: J1101.BY12
A35: J1101_MID41 | B35: J1101.CS5 | C35: J1101.CX5 | D35: J1101.CY5
A36: J1101_MID42 | B36: J1101.BS1
A37: J1101_MID42G | B37: J1101.BX1 | C37: J1101.BY1
A38: J1102_CHK3 | B38: J1102.BS16
A39: J1102_CHK3G | B39: J1102.BX16 | C39: J1102.BY16
A40: J1102_HDP5S | B40: J1102.CS12
A41: J1102_HDP6S | B41: J1102.AS13
A42: J1102_HHGND5 | B42: J1102.DS12
A43: J1102_HHGND6 | B43: J1102.BS13
A44: J1102_HMAST5 | B44: J1102.DS13
A45: J1102_HMAST5G | B45: J1102.DX13 | C45: J1102.DY13
A46: J1102_HMAST6 | B46: J1102.BS14
A47: J1102_HMAST6G | B47: J1102.BX14 | C47: J1102.BY14
A48: J1102_HSLAV5 | B48: J1102.AS14 | C48: J1102.CS13 | D48: J1103.AS14 | E48: J1103.CS13 | F48: J1104.CS13 | G48: J1104.DS13
A49: J1102_HSLAV5G | B49: J1102.AX14 | C49: J1102.AY14 | D49: J1102.CX13 | E49: J1102.CY13 | F49: J1103.AX14 | G49: J1103.AY14 | H49: J1103.CX13 | I49: J1103.CY13 | J49: J1104.CX13 | K49: J1104.CY13 | L49: J1104.DX13 | M49: J1104.DY13
A50: J1102_HVBMP2 | B50: J1102.DS14 | C50: J1509.BS11
A51: J1102_HVBMP3 | B51: J1102.CS14 | C51: J1506.CS11
A52: J1102_HVBMP4 | B52: J1102.BS15 | C52: J1506.CS12
A53: J1102_HVBMP5 | B53: J1102.AS15 | C53: J1506.BS10
A54: J1102_LCPS5 | B54: J1102.CS10
A55: J1102_LCPS6 | B55: J1102.AS10
A56: J1102_LDP5F | B56: J1102.CS9 | C56: J1102.DS9 | D56: J1102.DS10 | E56: U7.W35 | F56: U7_C58.1 | G56: U7_C59.1 | H56: U7_C60.1 | I56: U7_C61.1 | J56: U7_C62.2 | K56: U7_C149.1 | L56: U7_C152.1 | M56: U7_R18.1 | N56: U7_R18.2 | O56: U7_TP6.1 | P56: U7_TP27.1
A57: J1102_LDP6F | B57: J1102.AS9 | C57: J1102.BS9 | D57: J1102.BS10 | E57: U7.N33 | F57: U7_C82.1 | G57: U7_C83.1 | H57: U7_C84.2 | I57: U7_C173.1 | J57: U7_C175.1 | K57: U7_R28.1 | L57: U7_R28.2 | M57: U7_TP11.1 | N57: U7_TP37.1
A58: J1102_LMAST5 | B58: J1102.DS8
A59: J1102_LMAST5G | B59: J1102.DX8 | C59: J1102.DY8
A60: J1102_LMAST6 | B60: J1102.BS8
A61: J1102_LMAST6G | B61: J1102.BX8 | C61: J1102.BY8
A62: J1102_LSLAV5 | B62: J1102.AS8
A63: J1102_LSLAV5G | B63: J1102.AX8 | C63: J1102.AY8
A64: J1102_LSLAV6 | B64: J1102.CS8
A65: J1102_LSLAV6G | B65: J1102.CX8 | C65: J1102.CY8
A66: J1102_MID30 | B66: J1102.BS12 | C66: J1102.BX12 | D66: J1102.BY12
A67: J1102_MID31 | B67: J1102.CS5 | C67: J1102.CX5 | D67: J1102.CY5
A68: J1102_MID32 | B68: J1102.BS1
A69: J1102_MID32G | B69: J1102.BX1 | C69: J1102.BY1
A70: J1103_CHK2 | B70: J1103.BS16
A71: J1103_CHK2G | B71: J1103.BX16 | C71: J1103.BY16
A72: J1103_HDP3S | B72: J1103.CS12
A73: J1103_HDP4S | B73: J1103.AS13
A74: J1103_HHGND3 | B74: J1103.DS12
A75: J1103_HHGND4 | B75: J1103.BS13
A76: J1103_HIMLMT | B76: J1103.BS11
A77: J1103_HIMTRG | B77: J1103.DS14 | C77: J1509.CS11
A78: J1103_HMAST3 | B78: J1103.DS13
A79: J1103_HMAST3G | B79: J1103.DX13 | C79: J1103.DY13
A80: J1103_HMAST4 | B80: J1103.BS14
A81: J1103_HMAST4G | B81: J1103.BX14 | C81: J1103.BY14
A82: J1103_LCPS3 | B82: J1103.CS10
A83: J1103_LCPS4 | B83: J1103.AS10
A84: J1103_LDP3F | B84: J1103.CS9 | C84: J1103.DS9 | D84: J1103.DS10 | E84: U7.K32 | F84: U7.K34 | G84: U7.L32 | H84: U7.M33 | I84: U7_C54.1 | J84: U7_C55.1 | K84: U7_C56.1 | L84: U7_C57.2 | M84: U7_C146.1 | N84: U7_C147.1 | O84: U7_R15.1 | P84: U7_R15.2 | Q84: U7_TP5.1 | R84: U7_TP24.1
A85: J1103_LDP4F | B85: J1103.AS9 | C85: J1103.BS9 | D85: J1103.BS10 | E85: U7.D35 | F85: U7.J29 | G85: U7_C63.1 | H85: U7_C64.1 | I85: U7_C65.1 | J85: U7_C66.2 | K85: U7_C153.1 | L85: U7_C154.1 | M85: U7_R20.1 | N85: U7_R20.2 | O85: U7_TP7.1 | P85: U7_TP29.1
A86: J1103_LMAST3 | B86: J1103.DS8
A87: J1103_LMAST3G | B87: J1103.DX8 | C87: J1103.DY8
A88: J1103_LMAST4 | B88: J1103.BS8
A89: J1103_LMAST4G | B89: J1103.BX8 | C89: J1103.BY8
A90: J1103_LSLAV3 | B90: J1103.AS8
A91: J1103_LSLAV3G | B91: J1103.AX8 | C91: J1103.AY8
A92: J1103_LSLAV4 | B92: J1103.CS8
A93: J1103_LSLAV4G | B93: J1103.CX8 | C93: J1103.CY8
A94: J1103_MID20 | B94: J1103.BS12 | C94: J1103.BX12 | D94: J1103.BY12
A95: J1103_MID21 | B95: J1103.CS5 | C95: J1103.CX5 | D95: J1103.CY5
A96: J1103_MID22 | B96: J1103.BS1
A97: J1103_MID22G | B97: J1103.BX1 | C97: J1103.BY1
A98: J1104_CHK1 | B98: J1104.BS16
A99: J1104_CHK1G | B99: J1104.BX16 | C99: J1104.BY16
A100: J1104_HDP1F | B100: J1102.AS2 | C100: J1102.AS3 | D100: J1102.AS4 | E100: J1102.AS5 | F100: J1102.AS6 | G100: J1102.AS7 | H100: J1102.BX2 | I100: J1102.BX3 | J100: J1102.BX4 | K100: J1102.BX5 | L100: J1102.BX6 | M100: J1102.BX7 | N100: J1102.BY2 | O100: J1102.BY3 | P100: J1102.BY4 | Q100: J1102.BY5 | R100: J1102.BY6 | S100: J1102.BY7 | T100: J1102.CS1 | U100: J1102.CS2 | V100: J1102.CS3 | W100: J1102.CS4 | X100: J1102.CS6 | Y100: J1102.CS7 | Z100: J1102.DX1 | AA100: J1102.DX2 | AB100: J1102.DX3 | AC100: J1102.DX4 | AD100: J1102.DX6 | AE100: J1102.DX7 | AF100: J1102.DY1 | AG100: J1102.DY2 | AH100: J1102.DY3 | AI100: J1102.DY4 | AJ100: J1102.DY6 | AK100: J1102.DY7 | AL100: J1103.AS2 | AM100: J1103.AS3 | AN100: J1103.AS4 | AO100: J1103.AS5 | AP100: J1103.AS6 | AQ100: J1103.AS7 | AR100: J1103.BX2 | AS100: J1103.BX3 | AT100: J1103.BX4 | AU100: J1103.BX5 | AV100: J1103.BX6 | AW100: J1103.BX7 | AX100: J1103.BY2 | AY100: J1103.BY3 | AZ100: J1103.BY4 | BA100: J1103.BY5 | BB100: J1103.BY6 | BC100: J1103.BY7 | BD100: J1103.CS1 | BE100: J1103.CS2 | BF100: J1103.CS3 | BG100: J1103.CS4 | BH100: J1103.CS6 | BI100: J1103.CS7 | BJ100: J1103.DX1 | BK100: J1103.DX2 | BL100: J1103.DX3 | BM100: J1103.DX4 | BN100: J1103.DX6 | BO100: J1103.DX7 | BP100: J1103.DY1 | BQ100: J1103.DY2 | BR100: J1103.DY3 | BS100: J1103.DY4 | BT100: J1103.DY6 | BU100: J1103.DY7 | BV100: J1104.AS2 | BW100: J1104.AS3 | BX100: J1104.AS4 | BY100: J1104.AS5 | BZ100: J1104.AS6 | CA100: J1104.AS7 | CB100: J1104.BX2 | CC100: J1104.BX3 | CD100: J1104.BX4 | CE100: J1104.BX5 | CF100: J1104.BX6 | CG100: J1104.BX7 | CH100: J1104.BY2 | CI100: J1104.BY3 | CJ100: J1104.BY4 | CK100: J1104.BY5 | CL100: J1104.BY6 | CM100: J1104.BY7 | CN100: J1104.CS1 | CO100: J1104.CS2 | CP100: J1104.CS3 | CQ100: J1104.CS4 | CR100: J1104.CS6 | CS100: J1104.CS7 | CT100: J1104.DX1 | CU100: J1104.DX2 | CV100: J1104.DX3 | CW100: J1104.DX4 | CX100: J1104.DX6 | CY100: J1104.DX7 | CZ100: J1104.DY1 | DA100: J1104.DY2 | DB100: J1104.DY3 | DC100: J1104.DY4 | DD100: J1104.DY6 | DE100: J1104.DY7 | DF100: U7.A11 | DG100: U7.A12 | DH100: U7.A15 | DI100: U7.A16 | DJ100: U7.A23 | DK100: U7.A24 | DL100: U7.A27 | DM100: U7.A28 | DN100: U7.B8 | DO100: U7.B11 | DP100: U7.B12 | DQ100: U7.B15 | DR100: U7.B16 | DS100: U7.B23 | DT100: U7.B24 | DU100: U7.B27 | DV100: U7.B28 | DW100: U7.C8 | DX100: U7.C11 | DY100: U7.C12 | DZ100: U7.C15 | EA100: U7.C16 | EB100: U7.C19 | EC100: U7.C20 | ED100: U7.C23 | EE100: U7.C24 | EF100: U7.C27 | EG100: U7.C28 | EH100: U7.D8 | EI100: U7.D11 | EJ100: U7.D12 | EK100: U7.D15 | EL100: U7.D16 | EM100: U7.D19 | EN100: U7.D20 | EO100: U7.D23 | EP100: U7.D24 | EQ100: U7.D27 | ER100: U7.D28 | ES100: U7.E8 | ET100: U7.E11 | EU100: U7.E12 | EV100: U7.E15 | EW100: U7.E16 | EX100: U7.E19 | EY100: U7.E20 | EZ100: U7.E23 | FA100: U7.E24 | FB100: U7.E27 | FC100: U7.E28 | FD100: U7.F8 | FE100: U7.F11 | FF100: U7.F12 | FG100: U7.F15 | FH100: U7.F16 | FI100: U7.F19 | FJ100: U7.F20 | FK100: U7.F23 | FL100: U7.F24 | FM100: U7.F27 | FN100: U7.F28 | FO100: U7.G8 | FP100: U7.G11 | FQ100: U7.G12 | FR100: U7.G15 | FS100: U7.G16 | FT100: U7.G19 | FU100: U7.G20 | FV100: U7.G23 | FW100: U7.G24 | FX100: U7.G27 | FY100: U7.G28 | FZ100: U7.H8 | GA100: U7.H11 | GB100: U7.H12 | GC100: U7.H15 | GD100: U7.H16 | GE100: U7.H19 | GF100: U7.H20 | GG100: U7.H23 | GH100: U7.H24 | GI100: U7.H27 | GJ100: U7.H28 | GK100: U7.J8 | GL100: U7.J11 | GM100: U7.J12 | GN100: U7.J15 | GO100: U7.J16 | GP100: U7.J19 | GQ100: U7.J20 | GR100: U7.J23 | GS100: U7.J24 | GT100: U7.J27 | GU100: U7.J28 | GV100: U7.K8 | GW100: U7.K11 | GX100: U7.K12 | GY100: U7.K15 | GZ100: U7.K16 | HA100: U7.K19 | HB100: U7.K20 | HC100: U7.K23 | HD100: U7.K24 | HE100: U7.K27 | HF100: U7.K28 | HG100: U7.L8 | HH100: U7.L12 | HI100: U7.L15 | HJ100: U7.L16 | HK100: U7.L19 | HL100: U7.L20 | HM100: U7.L23 | HN100: U7.L27 | HO100: U7.L28 | HP100: U7.M8 | HQ100: U7.M9 | HR100: U7.M10 | HS100: U7.M11 | HT100: U7.M12 | HU100: U7.M13 | HV100: U7.M14 | HW100: U7.M15 | HX100: U7.M16 | HY100: U7.M17 | HZ100: U7.M18 | IA100: U7.M19 | IB100: U7.M20 | IC100: U7.M21 | ID100: U7.M22 | IE100: U7.M23 | IF100: U7.M24 | IG100: U7.M25 | IH100: U7.M26 | II100: U7.M27 | IJ100: U7.M28 | IK100: U7_C22.2 | IL100: U7_C23.2 | IM100: U7_C24.2 | IN100: U7_C25.2 | IO100: U7_C26.2 | IP100: U7_C27.2 | IQ100: U7_C28.2 | IR100: U7_C29.2 | IS100: U7_C30.2 | IT100: U7_C31.2 | IU100: U7_C32.2 | IV100: U7_C33.2 | IW100: U7_C34.2 | IX100: U7_C35.2 | IY100: U7_C36.2 | IZ100: U7_C37.2 | JA100: U7_C38.2 | JB100: U7_C39.2 | JC100: U7_C40.2 | JD100: U7_C41.2 | JE100: U7_C42.2 | JF100: U7_C43.2 | JG100: U7_C44.2 | JH100: U7_C45.2 | JI100: U7_C135.1 | JJ100: U7_C136.1 | JK100: U7_C137.1 | JL100: U7_C138.1 | JM100: U7_C139.1 | JN100: U7_R7.2 | JO100: U7_R8.2 | JP100: U7_TP1.1
...

Sheet WORKING
B1: FOR RELAY
B2: 4 | C2: 2
B3: 6 | C3: 8
D10: FOR DIRECT T.C THRU RESISTOR | L10: CIRCUIT1 | V10: CIRCUIT2 | AC10: CIRCUIT3
D11: U1_XDDR_RCOMP[0] | E11: =VLOOKUP(D11,'NELIST REPORT'!A:D,4,0) -> U1_R5.1 | F11: =IF(RIGHT(E11,1)="1",2,IF(RIGHT(E11,1)="2","1","")) -> 2 | G11: =LEFT(E11,6)&F11 -> U1_R5.2 | H11: =VLOOKUP(G11,'PIN REPORT'!A:G,7,0) -> J1609_PIN114 | L11: U1_XPCITXN[0] | M11: =VLOOKUP(L11,'NELIST REPORT'!$A:$D,4,0) -> U1_L2.1 | N11: =IF(RIGHT(M11,1)="1",2,IF(RIGHT(M11,1)="2","1","")) -> 2 | O11: =LEFT(M11,6)&N11 -> U1_L2.2 | P11: =VLOOKUP(O11,'PIN REPORT'!$A:$G,7,0) -> N19907894 | Q11: =VLOOKUP(P11,'NELIST REPORT'!A:B,2,0) -> U1_K2.4 | R11: =IF(RIGHT(Q11,1)="4","2","8") -> 2 | S11: =LEFT(Q11,6)&R11 -> U1_K2.2 | T11: =VLOOKUP(S11,'PIN REPORT'!A:G,7,0) -> J1609_PIN92 | V11: U1_XSERDESRXN[1] | W11: =VLOOKUP(V11,'NELIST REPORT'!$A:$D,4,0) -> U1_L20.1 | X11: =IF(RIGHT(W11,1)="1",2,IF(RIGHT(W11,1)="2","1","")) -> 2 | Y11: =LEFT(W11,7)&X11 -> U1_L20.2 | Z11: =VLOOKUP(Y11,'PIN REPORT'!$A:$G,7,0) -> J1609_PIN100 | AC11: U1_XSERDESRXN[0] | AD11: =VLOOKUP(AC11,'NELIST REPORT'!A:C,3,0) -> U1_C21.1 | AE11: =IF(RIGHT(AD11,1)="1",2,IF(RIGHT(AD11,1)="2","1","")) -> 2 | AF11: =LEFT(AD11,7)&AE11 -> U1_C21.2 | AG11: =VLOOKUP(AF11,'PIN REPORT'!A:G,7,0) -> U1_XSERDESTXN[0]
D12: U1_XDDR_RCOMP[1] | E12: =VLOOKUP(D12,'NELIST REPORT'!A:D,4,0) -> U1_R6.1 | F12: =IF(RIGHT(E12,1)="1",2,IF(RIGHT(E12,1)="2","1","")) -> 2 | G12: =LEFT(E12,6)&F12 -> U1_R6.2 | H12: =VLOOKUP(G12,'PIN REPORT'!A:G,7,0) -> J1609_PIN103 | L12: U1_XPCITXP[0] | M12: =VLOOKUP(L12,'NELIST REPORT'!$A:$D,4,0) -> U1_L1.1 | N12: =IF(RIGHT(M12,1)="1",2,IF(RIGHT(M12,1)="2","1","")) -> 2 | O12: =LEFT(M12,6)&N12 -> U1_L1.2 | P12: =VLOOKUP(O12,'PIN REPORT'!$A:$G,7,0) -> N19908247 | Q12: =VLOOKUP(P12,'NELIST REPORT'!A:B,2,0) -> U1_K2.6 | R12: =IF(RIGHT(Q12,1)="4","2","8") -> 8 | S12: =LEFT(Q12,6)&R12 -> U1_K2.8 | T12: =VLOOKUP(S12,'PIN REPORT'!A:G,7,0) -> J1609_PIN89 | V12: U1_XSERDESRXP[1] | W12: =VLOOKUP(V12,'NELIST REPORT'!$A:$D,4,0) -> U1_L18.1 | X12: =IF(RIGHT(W12,1)="1",2,IF(RIGHT(W12,1)="2","1","")) -> 2 | Y12: =LEFT(W12,7)&X12 -> U1_L18.2 | Z12: =VLOOKUP(Y12,'PIN REPORT'!$A:$G,7,0) -> J1609_PIN102 | AC12: U1_XSERDESRXP[0] | AD12: =VLOOKUP(AC12,'NELIST REPORT'!A:C,3,0) -> U1_C20.1 | AE12: =IF(RIGHT(AD12,1)="1",2,IF(RIGHT(AD12,1)="2","1","")) -> 2 | AF12: =LEFT(AD12,7)&AE12 -> U1_C20.2 | AG12: =VLOOKUP(AF12,'PIN REPORT'!A:G,7,0) -> U1_XSERDESTXP[0]
D13: U1_XPCIRCOMP | E13: =VLOOKUP(D13,'NELIST REPORT'!A:C,3,0) -> U1_R3.1 | F13: =IF(RIGHT(E13,1)="1",2,IF(RIGHT(E13,1)="2","1","")) -> 2 | G13: =LEFT(E13,6)&F13 -> U1_R3.2 | H13: =VLOOKUP(G13,'PIN REPORT'!A:G,7,0) -> J1606_PIN94 | L13: U1_XPCITXN[1] | M13: =VLOOKUP(L13,'NELIST REPORT'!$A:$D,4,0) -> U1_L4.1 | N13: =IF(RIGHT(M13,1)="1",2,IF(RIGHT(M13,1)="2","1","")) -> 2 | O13: =LEFT(M13,6)&N13 -> U1_L4.2 | P13: =VLOOKUP(O13,'PIN REPORT'!$A:$G,7,0) -> N19952402 | Q13: =VLOOKUP(P13,'NELIST REPORT'!A:B,2,0) -> U1_K4.4 | R13: =IF(RIGHT(Q13,1)="4","2","8") -> 2 | S13: =LEFT(Q13,6)&R13 -> U1_K4.2 | T13: =VLOOKUP(S13,'PIN REPORT'!A:G,7,0) -> J1609_PIN90 | V13: U1_XSERDESTXN[1] | W13: =VLOOKUP(V13,'NELIST REPORT'!$A:$D,4,0) -> U1_L19.1 | X13: =IF(RIGHT(W13,1)="1",2,IF(RIGHT(W13,1)="2","1","")) -> 2 | Y13: =LEFT(W13,7)&X13 -> U1_L19.2 | Z13: =VLOOKUP(Y13,'PIN REPORT'!$A:$G,7,0) -> J1609_PIN95 | AC13: U1_XSERDESTXN[0] | AD13: =VLOOKUP(AC13,'NELIST REPORT'!A:C,3,0) -> U1_C21.2 | AE13: =IF(RIGHT(AD13,1)="1",2,IF(RIGHT(AD13,1)="2","1","")) -> 1 | AF13: =LEFT(AD13,7)&AE13 -> U1_C21.1 | AG13: =VLOOKUP(AF13,'PIN REPORT'!A:G,7,0) -> U1_XSERDESRXN[0]
L14: U1_XPCITXP[1] | M14: =VLOOKUP(L14,'NELIST REPORT'!$A:$D,4,0) -> U1_L3.1 | N14: =IF(RIGHT(M14,1)="1",2,IF(RIGHT(M14,1)="2","1","")) -> 2 | O14: =LEFT(M14,6)&N14 -> U1_L3.2 | P14: =VLOOKUP(O14,'PIN REPORT'!$A:$G,7,0) -> N19952435 | Q14: =VLOOKUP(P14,'NELIST REPORT'!A:B,2,0) -> U1_K4.6 | R14: =IF(RIGHT(Q14,1)="4","2","8") -> 8 | S14: =LEFT(Q14,6)&R14 -> U1_K4.8 | T14: =VLOOKUP(S14,'PIN REPORT'!A:G,7,0) -> J1609_PIN87 | V14: U1_XSERDESTXP[1] | W14: =VLOOKUP(V14,'NELIST REPORT'!$A:$D,4,0) -> U1_L17.1 | X14: =IF(RIGHT(W14,1)="1",2,IF(RIGHT(W14,1)="2","1","")) -> 2 | Y14: =LEFT(W14,7)&X14 -> U1_L17.2 | Z14: =VLOOKUP(Y14,'PIN REPORT'!$A:$G,7,0) -> J1609_PIN125 | AC14: U1_XSERDESTXP[0] | AD14: =VLOOKUP(AC14,'NELIST REPORT'!A:C,3,0) -> U1_C20.2 | AE14: =IF(RIGHT(AD14,1)="1",2,IF(RIGHT(AD14,1)="2","1","")) -> 1 | AF14: =LEFT(AD14,7)&AE14 -> U1_C20.1 | AG14: =VLOOKUP(AF14,'PIN REPORT'!A:G,7,0) -> U1_XSERDESRXP[0]
D15: U3_XDDR_RCOMP[0] | E15: =VLOOKUP(D15,'NELIST REPORT'!A:D,4,0) -> U3_R5.1 | F15: =IF(RIGHT(E15,1)="1",2,IF(RIGHT(E15,1)="2","1","")) -> 2 | G15: =LEFT(E15,6)&F15 -> U3_R5.2 | H15: =VLOOKUP(G15,'PIN REPORT'!A:G,7,0) -> J1807_PIN20 | L15: U1_XPCITXN[2] | M15: =VLOOKUP(L15,'NELIST REPORT'!$A:$D,4,0) -> U1_L5.1 | N15: =IF(RIGHT(M15,1)="1",2,IF(RIGHT(M15,1)="2","1","")) -> 2 | O15: =LEFT(M15,6)&N15 -> U1_L5.2 | P15: =VLOOKUP(O15,'PIN REPORT'!$A:$G,7,0) -> N19953974 | Q15: =VLOOKUP(P15,'NELIST REPORT'!A:B,2,0) -> U1_K6.6 | R15: =IF(RIGHT(Q15,1)="4","2","8") -> 8 | S15: =LEFT(Q15,6)&R15 -> U1_K6.8 | T15: =VLOOKUP(S15,'PIN REPORT'!A:G,7,0) -> J1608_PIN48
D16: U3_XDDR_RCOMP[1] | E16: =VLOOKUP(D16,'NELIST REPORT'!A:D,4,0) -> U3_R6.1 | F16: =IF(RIGHT(E16,1)="1",2,IF(RIGHT(E16,1)="2","1","")) -> 2 | G16: =LEFT(E16,6)&F16 -> U3_R6.2 | H16: =VLOOKUP(G16,'PIN REPORT'!A:G,7,0) -> J1808_PIN60 | L16: U1_XPCITXP[2] | M16: =VLOOKUP(L16,'NELIST REPORT'!$A:$D,4,0) -> U1_L6.1 | N16: =IF(RIGHT(M16,1)="1",2,IF(RIGHT(M16,1)="2","1","")) -> 2 | O16: =LEFT(M16,6)&N16 -> U1_L6.2 | P16: =VLOOKUP(O16,'PIN REPORT'!$A:$G,7,0) -> N19953941 | Q16: =VLOOKUP(P16,'NELIST REPORT'!A:B,2,0) -> U1_K6.4 | R16: =IF(RIGHT(Q16,1)="4","2","8") -> 2 | S16: =LEFT(Q16,6)&R16 -> U1_K6.2 | T16: =VLOOKUP(S16,'PIN REPORT'!A:G,7,0) -> J1608_PIN47 | V16: U3_XSERDESRXN[1] | W16: =VLOOKUP(V16,'NELIST REPORT'!$A:$D,4,0) -> U3_L20.1 | X16: =IF(RIGHT(W16,1)="1",2,IF(RIGHT(W16,1)="2","1","")) -> 2 | Y16: =LEFT(W16,7)&X16 -> U3_L20.2 | Z16: =VLOOKUP(Y16,'PIN REPORT'!$A:$G,7,0) -> J1809_PIN113 | AC16: U3_XSERDESRXN[0] | AD16: =VLOOKUP(AC16,'NELIST REPORT'!A:C,3,0) -> U3_C21.1 | AE16: =IF(RIGHT(AD16,1)="1",2,IF(RIGHT(AD16,1)="2","1","")) -> 2 | AF16: =LEFT(AD16,7)&AE16 -> U3_C21.2 | AG16: =VLOOKUP(AF16,'PIN REPORT'!A:G,7,0) -> U3_XSERDESTXN[0]
D17: U3_XPCIRCOMP | E17: =VLOOKUP(D17,'NELIST REPORT'!A:C,3,0) -> U3_R3.1 | F17: =IF(RIGHT(E17,1)="1",2,IF(RIGHT(E17,1)="2","1","")) -> 2 | G17: =LEFT(E17,6)&F17 -> U3_R3.2 | H17: =VLOOKUP(G17,'PIN REPORT'!A:G,7,0) -> J1807_PIN34 | L17: U1_XPCITXN[3] | M17: =VLOOKUP(L17,'NELIST REPORT'!$A:$D,4,0) -> U1_L8.1 | N17: =IF(RIGHT(M17,1)="1",2,IF(RIGHT(M17,1)="2","1","")) -> 2 | O17: =LEFT(M17,6)&N17 -> U1_L8.2 | P17: =VLOOKUP(O17,'PIN REPORT'!$A:$G,7,0) -> N19954084 | Q17: =VLOOKUP(P17,'NELIST REPORT'!A:B,2,0) -> U1_K8.4 | R17: =IF(RIGHT(Q17,1)="4","2","8") -> 2 | S17: =LEFT(Q17,6)&R17 -> U1_K8.2 | T17: =VLOOKUP(S17,'PIN REPORT'!A:G,7,0) -> J1609_PIN96 | V17: U3_XSERDESRXP[1] | W17: =VLOOKUP(V17,'NELIST REPORT'!$A:$D,4,0) -> U3_L18.1 | X17: =IF(RIGHT(W17,1)="1",2,IF(RIGHT(W17,1)="2","1","")) -> 2 | Y17: =LEFT(W17,7)&X17 -> U3_L18.2 | Z17: =VLOOKUP(Y17,'PIN REPORT'!$A:$G,7,0) -> J1809_PIN111 | AC17: U3_XSERDESRXP[0] | AD17: =VLOOKUP(AC17,'NELIST REPORT'!A:C,3,0) -> U3_C20.1 | AE17: =IF(RIGHT(AD17,1)="1",2,IF(RIGHT(AD17,1)="2","1","")) -> 2 | AF17: =LEFT(AD17,7)&AE17 -> U3_C20.2 | AG17: =VLOOKUP(AF17,'PIN REPORT'!A:G,7,0) -> U3_XSERDESTXP[0]
L18: U1_XPCITXP[3] | M18: =VLOOKUP(L18,'NELIST REPORT'!$A:$D,4,0) -> U1_L7.1 | N18: =IF(RIGHT(M18,1)="1",2,IF(RIGHT(M18,1)="2","1","")) -> 2 | O18: =LEFT(M18,6)&N18 -> U1_L7.2 | P18: =VLOOKUP(O18,'PIN REPORT'!$A:$G,7,0) -> N19954117 | Q18: =VLOOKUP(P18,'NELIST REPORT'!A:B,2,0) -> U1_K8.6 | R18: =IF(RIGHT(Q18,1)="4","2","8") -> 8 | S18: =LEFT(Q18,6)&R18 -> U1_K8.8 | T18: =VLOOKUP(S18,'PIN REPORT'!A:G,7,0) -> J1609_PIN94 | V18: U3_XSERDESTXN[1] | W18: =VLOOKUP(V18,'NELIST REPORT'!$A:$D,4,0) -> U3_L19.1 | X18: =IF(RIGHT(W18,1)="1",2,IF(RIGHT(W18,1)="2","1","")) -> 2 | Y18: =LEFT(W18,7)&X18 -> U3_L19.2 | Z18: =VLOOKUP(Y18,'PIN REPORT'!$A:$G,7,0) -> J1809_PIN106 | AC18: U3_XSERDESTXN[0] | AD18: =VLOOKUP(AC18,'NELIST REPORT'!A:C,3,0) -> U3_C21.2 | AE18: =IF(RIGHT(AD18,1)="1",2,IF(RIGHT(AD18,1)="2","1","")) -> 1 | AF18: =LEFT(AD18,7)&AE18 -> U3_C21.1 | AG18: =VLOOKUP(AF18,'PIN REPORT'!A:G,7,0) -> U3_XSERDESRXN[0]
D19: U5_XDDR_RCOMP[0] | E19: =VLOOKUP(D19,'NELIST REPORT'!A:D,4,0) -> U5_R5.1 | F19: =IF(RIGHT(E19,1)="1",2,IF(RIGHT(E19,1)="2","1","")) -> 2 | G19: =LEFT(E19,6)&F19 -> U5_R5.2 | H19: =VLOOKUP(G19,'PIN REPORT'!A:G,7,0) -> J1704_PIN88 | L19: U1_XPCITXN[4] | M19: =VLOOKUP(L19,'NELIST REPORT'!$A:$D,4,0) -> U1_L10.1 | N19: =IF(RIGHT(M19,1)="1",2,IF(RIGHT(M19,1)="2","1","")) -> 2 | O19: =LEFT(M19,7)&N19 -> U1_L10.2 | P19: =VLOOKUP(O19,'PIN REPORT'!$A:$G,7,0) -> N19955755 | Q19: =VLOOKUP(P19,'NELIST REPORT'!A:B,2,0) -> U1_K10.4 | R19: =IF(RIGHT(Q19,1)="4","2","8") -> 2 | S19: =LEFT(Q19,7)&R19 -> U1_K10.2 | T19: =VLOOKUP(S19,'PIN REPORT'!A:G,7,0) -> J1609_PIN107 | V19: U3_XSERDESTXP[1] | W19: =VLOOKUP(V19,'NELIST REPORT'!$A:$D,4,0) -> U3_L17.1 | X19: =IF(RIGHT(W19,1)="1",2,IF(RIGHT(W19,1)="2","1","")) -> 2 | Y19: =LEFT(W19,7)&X19 -> U3_L17.2 | Z19: =VLOOKUP(Y19,'PIN REPORT'!$A:$G,7,0) -> J1809_PIN105 | AC19: U3_XSERDESTXP[0] | AD19: =VLOOKUP(AC19,'NELIST REPORT'!A:C,3,0) -> U3_C20.2 | AE19: =IF(RIGHT(AD19,1)="1",2,IF(RIGHT(AD19,1)="2","1","")) -> 1 | AF19: =LEFT(AD19,7)&AE19 -> U3_C20.1 | AG19: =VLOOKUP(AF19,'PIN REPORT'!A:G,7,0) -> U3_XSERDESRXP[0]
D20: U5_XDDR_RCOMP[1] | E20: =VLOOKUP(D20,'NELIST REPORT'!A:D,4,0) -> U5_R6.1 | F20: =IF(RIGHT(E20,1)="1",2,IF(RIGHT(E20,1)="2","1","")) -> 2 | G20: =LEFT(E20,6)&F20 -> U5_R6.2 | H20: =VLOOKUP(G20,'PIN REPORT'!A:G,7,0) -> J1705_PIN46 | L20: U1_XPCITXP[4] | M20: =VLOOKUP(L20,'NELIST REPORT'!$A:$D,4,0) -> U1_L9.1 | N20: =IF(RIGHT(M20,1)="1",2,IF(RIGHT(M20,1)="2","1","")) -> 2 | O20: =LEFT(M20,6)&N20 -> U1_L9.2 | P20: =VLOOKUP(O20,'PIN REPORT'!$A:$G,7,0) -> N19955788 | Q20: =VLOOKUP(P20,'NELIST REPORT'!A:B,2,0) -> U1_K10.6 | R20: =IF(RIGHT(Q20,1)="4","2","8") -> 8 | S20: =LEFT(Q20,7)&R20 -> U1_K10.8 | T20: =VLOOKUP(S20,'PIN REPORT'!A:G,7,0) -> J1609_PIN108
D21: U5_XPCIRCOMP | E21: =VLOOKUP(D21,'NELIST REPORT'!A:C,3,0) -> U5_R3.1 | F21: =IF(RIGHT(E21,1)="1",2,IF(RIGHT(E21,1)="2","1","")) -> 2 | G21: =LEFT(E21,6)&F21 -> U5_R3.2 | H21: =VLOOKUP(G21,'PIN REPORT'!A:G,7,0) -> J1702_PIN50 | L21: U1_XPCITXN[5] | M21: =VLOOKUP(L21,'NELIST REPORT'!$A:$D,4,0) -> U1_L12.1 | N21: =IF(RIGHT(M21,1)="1",2,IF(RIGHT(M21,1)="2","1","")) -> 2 | O21: =LEFT(M21,7)&N21 -> U1_L12.2 | P21: =VLOOKUP(O21,'PIN REPORT'!$A:$G,7,0) -> N19955898 | Q21: =VLOOKUP(P21,'NELIST REPORT'!A:B,2,0) -> U1_K12.4 | R21: =IF(RIGHT(Q21,1)="4","2","8") -> 2 | S21: =LEFT(Q21,7)&R21 -> U1_K12.2 | T21: =VLOOKUP(S21,'PIN REPORT'!A:G,7,0) -> J1607_PIN37 | V21: U5_XSERDESRXN[1] | W21: =VLOOKUP(V21,'NELIST REPORT'!$A:$D,4,0) -> U5_L20.1 | X21: =IF(RIGHT(W21,1)="1",2,IF(RIGHT(W21,1)="2","1","")) -> 2 | Y21: =LEFT(W21,7)&X21 -> U5_L20.2 | Z21: =VLOOKUP(Y21,'PIN REPORT'!$A:$G,7,0) -> J1701_PIN100 | AC21: U5_XSERDESRXN[0] | AD21: =VLOOKUP(AC21,'NELIST REPORT'!A:C,3,0) -> U5_C21.1 | AE21: =IF(RIGHT(AD21,1)="1",2,IF(RIGHT(AD21,1)="2","1","")) -> 2 | AF21: =LEFT(AD21,7)&AE21 -> U5_C21.2 | AG21: =VLOOKUP(AF21,'PIN REPORT'!A:G,7,0) -> U5_XSERDESTXN[0]
L22: U1_XPCITXP[5] | M22: =VLOOKUP(L22,'NELIST REPORT'!$A:$D,4,0) -> U1_L11.1 | N22: =IF(RIGHT(M22,1)="1",2,IF(RIGHT(M22,1)="2","1","")) -> 2 | O22: =LEFT(M22,7)&N22 -> U1_L11.2 | P22: =VLOOKUP(O22,'PIN REPORT'!$A:$G,7,0) -> N19955931 | Q22: =VLOOKUP(P22,'NELIST REPORT'!A:B,2,0) -> U1_K12.6 | R22: =IF(RIGHT(Q22,1)="4","2","8") -> 8 | S22: =LEFT(Q22,7)&R22 -> U1_K12.8 | T22: =VLOOKUP(S22,'PIN REPORT'!A:G,7,0) -> J1607_PIN38 | V22: U5_XSERDESRXP[1] | W22: =VLOOKUP(V22,'NELIST REPORT'!$A:$D,4,0) -> U5_L18.1 | X22: =IF(RIGHT(W22,1)="1",2,IF(RIGHT(W22,1)="2","1","")) -> 2 | Y22: =LEFT(W22,7)&X22 -> U5_L18.2 | Z22: =VLOOKUP(Y22,'PIN REPORT'!$A:$G,7,0) -> J1701_PIN99 | AC22: U5_XSERDESRXP[0] | AD22: =VLOOKUP(AC22,'NELIST REPORT'!A:C,3,0) -> U5_C20.1 | AE22: =IF(RIGHT(AD22,1)="1",2,IF(RIGHT(AD22,1)="2","1","")) -> 2 | AF22: =LEFT(AD22,7)&AE22 -> U5_C20.2 | AG22: =VLOOKUP(AF22,'PIN REPORT'!A:G,7,0) -> U5_XSERDESTXP[0]
D23: U7_XDDR_RCOMP[0] | E23: =VLOOKUP(D23,'NELIST REPORT'!A:D,4,0) -> U7_R5.1 | F23: =IF(RIGHT(E23,1)="1",2,IF(RIGHT(E23,1)="2","1","")) -> 2 | G23: =LEFT(E23,6)&F23 -> U7_R5.2 | H23: =VLOOKUP(G23,'PIN REPORT'!A:G,7,0) -> J1502_PIN84 | L23: U1_XPCITXN[6] | M23: =VLOOKUP(L23,'NELIST REPORT'!$A:$D,4,0) -> U1_L14.1 | N23: =IF(RIGHT(M23,1)="1",2,IF(RIGHT(M23,1)="2","1","")) -> 2 | O23: =LEFT(M23,7)&N23 -> U1_L14.2 | P23: =VLOOKUP(O23,'PIN REPORT'!$A:$G,7,0) -> N19956162 | Q23: =VLOOKUP(P23,'NELIST REPORT'!A:B,2,0) -> U1_K14.4 | R23: =IF(RIGHT(Q23,1)="4","2","8") -> 2 | S23: =LEFT(Q23,7)&R23 -> U1_K14.2 | T23: =VLOOKUP(S23,'PIN REPORT'!A:G,7,0) -> J1604_PIN31 | V23: U5_XSERDESTXN[1] | W23: =VLOOKUP(V23,'NELIST REPORT'!$A:$D,4,0) -> U5_L19.1 | X23: =IF(RIGHT(W23,1)="1",2,IF(RIGHT(W23,1)="2","1","")) -> 2 | Y23: =LEFT(W23,7)&X23 -> U5_L19.2 | Z23: =VLOOKUP(Y23,'PIN REPORT'!$A:$G,7,0) -> J1701_PIN93 | AC23: U5_XSERDESTXN[0] | AD23: =VLOOKUP(AC23,'NELIST REPORT'!A:C,3,0) -> U5_C21.2 | AE23: =IF(RIGHT(AD23,1)="1",2,IF(RIGHT(AD23,1)="2","1","")) -> 1 | AF23: =LEFT(AD23,7)&AE23 -> U5_C21.1 | AG23: =VLOOKUP(AF23,'PIN REPORT'!A:G,7,0) -> U5_XSERDESRXN[0]
D24: U7_XDDR_RCOMP[1] | E24: =VLOOKUP(D24,'NELIST REPORT'!A:D,4,0) -> U7_R6.1 | F24: =IF(RIGHT(E24,1)="1",2,IF(RIGHT(E24,1)="2","1","")) -> 2 | G24: =LEFT(E24,6)&F24 -> U7_R6.2 | H24: =VLOOKUP(G24,'PIN REPORT'!A:G,7,0) -> J1503_PIN02 | L24: U1_XPCITXP[6] | M24: =VLOOKUP(L24,'NELIST REPORT'!$A:$D,4,0) -> U1_L13.1 | N24: =IF(RIGHT(M24,1)="1",2,IF(RIGHT(M24,1)="2","1","")) -> 2 | O24: =LEFT(M24,7)&N24 -> U1_L13.2 | P24: =VLOOKUP(O24,'PIN REPORT'!$A:$G,7,0) -> N19956195 | Q24: =VLOOKUP(P24,'NELIST REPORT'!A:B,2,0) -> U1_K14.6 | R24: =IF(RIGHT(Q24,1)="4","2","8") -> 8 | S24: =LEFT(Q24,7)&R24 -> U1_K14.8 | T24: =VLOOKUP(S24,'PIN REPORT'!A:G,7,0) -> J1604_PIN32 | V24: U5_XSERDESTXP[1] | W24: =VLOOKUP(V24,'NELIST REPORT'!$A:$D,4,0) -> U5_L17.1 | X24: =IF(RIGHT(W24,1)="1",2,IF(RIGHT(W24,1)="2","1","")) -> 2 | Y24: =LEFT(W24,7)&X24 -> U5_L17.2 | Z24: =VLOOKUP(Y24,'PIN REPORT'!$A:$G,7,0) -> J1701_PIN94 | AC24: U5_XSERDESTXP[0] | AD24: =VLOOKUP(AC24,'NELIST REPORT'!A:C,3,0) -> U5_C20.2 | AE24: =IF(RIGHT(AD24,1)="1",2,IF(RIGHT(AD24,1)="2","1","")) -> 1 | AF24: =LEFT(AD24,7)&AE24 -> U5_C20.1 | AG24: =VLOOKUP(AF24,'PIN REPORT'!A:G,7,0) -> U5_XSERDESRXP[0]
D25: U7_XPCIRCOMP | E25: =VLOOKUP(D25,'NELIST REPORT'!A:C,3,0) -> U7_R3.1 | F25: =IF(RIGHT(E25,1)="1",2,IF(RIGHT(E25,1)="2","1","")) -> 2 | G25: =LEFT(E25,6)&F25 -> U7_R3.2 | H25: =VLOOKUP(G25,'PIN REPORT'!A:G,7,0) -> J1503_PIN21 | L25: U1_XPCITXN[7] | M25: =VLOOKUP(L25,'NELIST REPORT'!$A:$D,4,0) -> U1_L16.1 | N25: =IF(RIGHT(M25,1)="1",2,IF(RIGHT(M25,1)="2","1","")) -> 2 | O25: =LEFT(M25,7)&N25 -> U1_L16.2 | P25: =VLOOKUP(O25,'PIN REPORT'!$A:$G,7,0) -> N19956302 | Q25: =VLOOKUP(P25,'NELIST REPORT'!A:B,2,0) -> U1_K16.4 | R25: =IF(RIGHT(Q25,1)="4","2","8") -> 2 | S25: =LEFT(Q25,7)&R25 -> U1_K16.2 | T25: =VLOOKUP(S25,'PIN REPORT'!A:G,7,0) -> J1602_PIN49
L26: U1_XPCITXP[7] | M26: =VLOOKUP(L26,'NELIST REPORT'!$A:$D,4,0) -> U1_L15.1 | N26: =IF(RIGHT(M26,1)="1",2,IF(RIGHT(M26,1)="2","1","")) -> 2 | O26: =LEFT(M26,7)&N26 -> U1_L15.2 | P26: =VLOOKUP(O26,'PIN REPORT'!$A:$G,7,0) -> N19956335 | Q26: =VLOOKUP(P26,'NELIST REPORT'!A:B,2,0) -> U1_K16.6 | R26: =IF(RIGHT(Q26,1)="4","2","8") -> 8 | S26: =LEFT(Q26,7)&R26 -> U1_K16.8 | T26: =VLOOKUP(S26,'PIN REPORT'!A:G,7,0) -> J1602_PIN50 | V26: U7_XSERDESRXN[1] | W26: =VLOOKUP(V26,'NELIST REPORT'!$A:$D,4,0) -> U7_L20.1 | X26: =IF(RIGHT(W26,1)="1",2,IF(RIGHT(W26,1)="2","1","")) -> 2 | Y26: =LEFT(W26,7)&X26 -> U7_L20.2 | Z26: =VLOOKUP(Y26,'PIN REPORT'!$A:$G,7,0) -> J1501_PIN104 | AC26: U7_XSERDESRXN[0] | AD26: =VLOOKUP(AC26,'NELIST REPORT'!A:C,3,0) -> U7_C21.1 | AE26: =IF(RIGHT(AD26,1)="1",2,IF(RIGHT(AD26,1)="2","1","")) -> 2 | AF26: =LEFT(AD26,7)&AE26 -> U7_C21.2 | AG26: =VLOOKUP(AF26,'PIN REPORT'!A:G,7,0) -> U7_XSERDESTXN[0]
L27: U1_XPCIRXN[7] | M27: =VLOOKUP(L27,'NELIST REPORT'!$A:$C,3,0) -> U1_K15.2 | N27: =IF(RIGHT(M27,1)="2","3","7") -> 3 | O27: =LEFT(M27,7)&N27 -> U1_K15.3 | P27: =VLOOKUP(O27,'PIN REPORT'!A:G,7,0) -> N19956563 | Q27: =VLOOKUP(P27,'NELIST REPORT'!$A:$C,3,0) -> U1_K16.3 | R27: =IF(RIGHT(Q27,1)="3","2","8") -> 2 | S27: =LEFT(Q27,7)&R27 -> U1_K16.2 | T27: =VLOOKUP(S27,'PIN REPORT'!A:G,7,0) -> J1602_PIN49 | V27: U7_XSERDESRXP[1] | W27: =VLOOKUP(V27,'NELIST REPORT'!$A:$D,4,0) -> U7_L18.1 | X27: =IF(RIGHT(W27,1)="1",2,IF(RIGHT(W27,1)="2","1","")) -> 2 | Y27: =LEFT(W27,7)&X27 -> U7_L18.2 | Z27: =VLOOKUP(Y27,'PIN REPORT'!$A:$G,7,0) -> J1501_PIN103 | AC27: U7_XSERDESRXP[0] | AD27: =VLOOKUP(AC27,'NELIST REPORT'!A:C,3,0) -> U7_C20.1 | AE27: =IF(RIGHT(AD27,1)="1",2,IF(RIGHT(AD27,1)="2","1","")) -> 2 | AF27: =LEFT(AD27,7)&AE27 -> U7_C20.2 | AG27: =VLOOKUP(AF27,'PIN REPORT'!A:G,7,0) -> U7_XSERDESTXP[0]
L28: U1_XPCIRXP[7] | M28: =VLOOKUP(L28,'NELIST REPORT'!$A:$C,3,0) -> U1_K15.8 | N28: =IF(RIGHT(M28,1)="2","3","7") -> 7 | O28: =LEFT(M28,7)&N28 -> U1_K15.7 | P28: =VLOOKUP(O28,'PIN REPORT'!A:G,7,0) -> N19956543 | Q28: =VLOOKUP(P28,'NELIST REPORT'!$A:$C,3,0) -> U1_K16.7 | R28: =IF(RIGHT(Q28,1)="3","2","8") -> 8 | S28: =LEFT(Q28,7)&R28 -> U1_K16.8 | T28: =VLOOKUP(S28,'PIN REPORT'!A:G,7,0) -> J1602_PIN50 | V28: U7_XSERDESTXN[1] | W28: =VLOOKUP(V28,'NELIST REPORT'!$A:$D,4,0) -> U7_L19.1 | X28: =IF(RIGHT(W28,1)="1",2,IF(RIGHT(W28,1)="2","1","")) -> 2 | Y28: =LEFT(W28,7)&X28 -> U7_L19.2 | Z28: =VLOOKUP(Y28,'PIN REPORT'!$A:$G,7,0) -> J1501_PIN97 | AC28: U7_XSERDESTXN[0] | AD28: =VLOOKUP(AC28,'NELIST REPORT'!A:C,3,0) -> U7_C21.2 | AE28: =IF(RIGHT(AD28,1)="1",2,IF(RIGHT(AD28,1)="2","1","")) -> 1 | AF28: =LEFT(AD28,7)&AE28 -> U7_C21.1 | AG28: =VLOOKUP(AF28,'PIN REPORT'!A:G,7,0) -> U7_XSERDESRXN[0]
L29: U1_XPCIRXN[0] | M29: =VLOOKUP(L29,'NELIST REPORT'!$A:$C,3,0) -> U1_K1.2 | N29: =IF(RIGHT(M29,1)="2","3","7") -> 3 | O29: =LEFT(M29,6)&N29 -> U1_K1.3 | P29: =VLOOKUP(O29,'PIN REPORT'!A:G,7,0) -> N19907848 | Q29: =VLOOKUP(P29,'NELIST REPORT'!$A:$C,3,0) -> U1_K2.3 | R29: =IF(RIGHT(Q29,1)="3","2","8") -> 2 | S29: =LEFT(Q29,6)&R29 -> U1_K2.2 | T29: =VLOOKUP(S29,'PIN REPORT'!A:G,7,0) -> J1609_PIN92 | V29: U7_XSERDESTXP[1] | W29: =VLOOKUP(V29,'NELIST REPORT'!$A:$D,4,0) -> U7_L17.1 | X29: =IF(RIGHT(W29,1)="1",2,IF(RIGHT(W29,1)="2","1","")) -> 2 | Y29: =LEFT(W29,7)&X29 -> U7_L17.2 | Z29: =VLOOKUP(Y29,'PIN REPORT'!$A:$G,7,0) -> J1501_PIN95 | AC29: U7_XSERDESTXP[0] | AD29: =VLOOKUP(AC29,'NELIST REPORT'!A:C,3,0) -> U7_C20.2 | AE29: =IF(RIGHT(AD29,1)="1",2,IF(RIGHT(AD29,1)="2","1","")) -> 1 | AF29: =LEFT(AD29,7)&AE29 -> U7_C20.1 | AG29: =VLOOKUP(AF29,'PIN REPORT'!A:G,7,0) -> U7_XSERDESRXP[0]
L30: U1_XPCIRXP[0] | M30: =VLOOKUP(L30,'NELIST REPORT'!$A:$C,3,0) -> U1_K1.8 | N30: =IF(RIGHT(M30,1)="2","3","7") -> 7 | O30: =LEFT(M30,6)&N30 -> U1_K1.7 | P30: =VLOOKUP(O30,'PIN REPORT'!A:G,7,0) -> N19907828 | Q30: =VLOOKUP(P30,'NELIST REPORT'!$A:$C,3,0) -> U1_K2.7 | R30: =IF(RIGHT(Q30,1)="3","2","8") -> 8 | S30: =LEFT(Q30,6)&R30 -> U1_K2.8 | T30: =VLOOKUP(S30,'PIN REPORT'!A:G,7,0) -> J1609_PIN89
L31: U1_XPCIRXN[1] | M31: =VLOOKUP(L31,'NELIST REPORT'!$A:$C,3,0) -> U1_K3.2 | N31: =IF(RIGHT(M31,1)="2","3","7") -> 3 | O31: =LEFT(M31,6)&N31 -> U1_K3.3 | P31: =VLOOKUP(O31,'PIN REPORT'!A:G,7,0) -> N19952660 | Q31: =VLOOKUP(P31,'NELIST REPORT'!$A:$C,3,0) -> U1_K4.3 | R31: =IF(RIGHT(Q31,1)="3","2","8") -> 2 | S31: =LEFT(Q31,6)&R31 -> U1_K4.2 | T31: =VLOOKUP(S31,'PIN REPORT'!A:G,7,0) -> J1609_PIN90
L32: U1_XPCIRXP[1] | M32: =VLOOKUP(L32,'NELIST REPORT'!$A:$C,3,0) -> U1_K3.8 | N32: =IF(RIGHT(M32,1)="2","3","7") -> 7 | O32: =LEFT(M32,6)&N32 -> U1_K3.7 | P32: =VLOOKUP(O32,'PIN REPORT'!A:G,7,0) -> N19952650 | Q32: =VLOOKUP(P32,'NELIST REPORT'!$A:$C,3,0) -> U1_K4.7 | R32: =IF(RIGHT(Q32,1)="3","2","8") -> 8 | S32: =LEFT(Q32,6)&R32 -> U1_K4.8 | T32: =VLOOKUP(S32,'PIN REPORT'!A:G,7,0) -> J1609_PIN87
L33: U1_XPCIRXN[2] | M33: =VLOOKUP(L33,'NELIST REPORT'!$A:$C,3,0) -> U1_K5.8 | N33: =IF(RIGHT(M33,1)="2","3","7") -> 7 | O33: =LEFT(M33,6)&N33 -> U1_K5.7 | P33: =VLOOKUP(O33,'PIN REPORT'!A:G,7,0) -> N19954453 | Q33: =VLOOKUP(P33,'NELIST REPORT'!$A:$C,3,0) -> U1_K6.7 | R33: =IF(RIGHT(Q33,1)="3","2","8") -> 8 | S33: =LEFT(Q33,6)&R33 -> U1_K6.8 | T33: =VLOOKUP(S33,'PIN REPORT'!A:G,7,0) -> J1608_PIN48
L34: U1_XPCIRXP[2] | M34: =VLOOKUP(L34,'NELIST REPORT'!$A:$C,3,0) -> U1_K5.2 | N34: =IF(RIGHT(M34,1)="2","3","7") -> 3 | O34: =LEFT(M34,6)&N34 -> U1_K5.3 | P34: =VLOOKUP(O34,'PIN REPORT'!A:G,7,0) -> N19954463 | Q34: =VLOOKUP(P34,'NELIST REPORT'!$A:$C,3,0) -> U1_K6.3 | R34: =IF(RIGHT(Q34,1)="3","2","8") -> 2 | S34: =LEFT(Q34,6)&R34 -> U1_K6.2 | T34: =VLOOKUP(S34,'PIN REPORT'!A:G,7,0) -> J1608_PIN47
L35: U1_XPCIRXN[3] | M35: =VLOOKUP(L35,'NELIST REPORT'!$A:$C,3,0) -> U1_K7.2 | N35: =IF(RIGHT(M35,1)="2","3","7") -> 3 | O35: =LEFT(M35,6)&N35 -> U1_K7.3 | P35: =VLOOKUP(O35,'PIN REPORT'!A:G,7,0) -> N19954342 | Q35: =VLOOKUP(P35,'NELIST REPORT'!$A:$C,3,0) -> U1_K8.3 | R35: =IF(RIGHT(Q35,1)="3","2","8") -> 2 | S35: =LEFT(Q35,6)&R35 -> U1_K8.2 | T35: =VLOOKUP(S35,'PIN REPORT'!A:G,7,0) -> J1609_PIN96
L36: U1_XPCIRXP[3] | M36: =VLOOKUP(L36,'NELIST REPORT'!$A:$C,3,0) -> U1_K7.8 | N36: =IF(RIGHT(M36,1)="2","3","7") -> 7 | O36: =LEFT(M36,6)&N36 -> U1_K7.7 | P36: =VLOOKUP(O36,'PIN REPORT'!A:G,7,0) -> N19954322 | Q36: =VLOOKUP(P36,'NELIST REPORT'!$A:$C,3,0) -> U1_K8.7 | R36: =IF(RIGHT(Q36,1)="3","2","8") -> 8 | S36: =LEFT(Q36,6)&R36 -> U1_K8.8 | T36: =VLOOKUP(S36,'PIN REPORT'!A:G,7,0) -> J1609_PIN94
L37: U1_XPCIRXN[4] | M37: =VLOOKUP(L37,'NELIST REPORT'!$A:$C,3,0) -> U1_K9.2 | N37: =IF(RIGHT(M37,1)="2","3","7") -> 3 | O37: =LEFT(M37,6)&N37 -> U1_K9.3 | P37: =VLOOKUP(O37,'PIN REPORT'!A:G,7,0) -> N19956805 | Q37: =VLOOKUP(P37,'NELIST REPORT'!$A:$C,3,0) -> U1_K10.3 | R37: =IF(RIGHT(Q37,1)="3","2","8") -> 2 | S37: =LEFT(Q37,7)&R37 -> U1_K10.2 | T37: =VLOOKUP(S37,'PIN REPORT'!A:G,7,0) -> J1609_PIN107
L38: U1_XPCIRXP[4] | M38: =VLOOKUP(L38,'NELIST REPORT'!$A:$C,3,0) -> U1_K9.8 | N38: =IF(RIGHT(M38,1)="2","3","7") -> 7 | O38: =LEFT(M38,6)&N38 -> U1_K9.7 | P38: =VLOOKUP(O38,'PIN REPORT'!A:G,7,0) -> N19956795 | Q38: =VLOOKUP(P38,'NELIST REPORT'!$A:$C,3,0) -> U1_K10.7 | R38: =IF(RIGHT(Q38,1)="3","2","8") -> 8 | S38: =LEFT(Q38,7)&R38 -> U1_K10.8 | T38: =VLOOKUP(S38,'PIN REPORT'!A:G,7,0) -> J1609_PIN108
L39: U1_XPCIRXN[5] | M39: =VLOOKUP(L39,'NELIST REPORT'!$A:$C,3,0) -> U1_K11.2 | N39: =IF(RIGHT(M39,1)="2","3","7") -> 3 | O39: =LEFT(M39,7)&N39 -> U1_K11.3 | P39: =VLOOKUP(O39,'PIN REPORT'!A:G,7,0) -> N19956156 | Q39: =VLOOKUP(P39,'NELIST REPORT'!$A:$C,3,0) -> U1_K12.3 | R39: =IF(RIGHT(Q39,1)="3","2","8") -> 2 | S39: =LEFT(Q39,7)&R39 -> U1_K12.2 | T39: =VLOOKUP(S39,'PIN REPORT'!A:G,7,0) -> J1607_PIN37
L40: U1_XPCIRXP[5] | M40: =VLOOKUP(L40,'NELIST REPORT'!$A:$C,3,0) -> U1_K11.8 | N40: =IF(RIGHT(M40,1)="2","3","7") -> 7 | O40: =LEFT(M40,7)&N40 -> U1_K11.7 | P40: =VLOOKUP(O40,'PIN REPORT'!A:G,7,0) -> N19956136 | Q40: =VLOOKUP(P40,'NELIST REPORT'!$A:$C,3,0) -> U1_K12.7 | R40: =IF(RIGHT(Q40,1)="3","2","8") -> 8 | S40: =LEFT(Q40,7)&R40 -> U1_K12.8 | T40: =VLOOKUP(S40,'PIN REPORT'!A:G,7,0) -> J1607_PIN38
L41: U1_XPCIRXN[6] | M41: =VLOOKUP(L41,'NELIST REPORT'!$A:$C,3,0) -> U1_K13.2 | N41: =IF(RIGHT(M41,1)="2","3","7") -> 3 | O41: =LEFT(M41,7)&N41 -> U1_K13.3 | P41: =VLOOKUP(O41,'PIN REPORT'!A:G,7,0) -> N19956684 | Q41: =VLOOKUP(P41,'NELIST REPORT'!$A:$C,3,0) -> U1_K14.3 | R41: =IF(RIGHT(Q41,1)="3","2","8") -> 2 | S41: =LEFT(Q41,7)&R41 -> U1_K14.2 | T41: =VLOOKUP(S41,'PIN REPORT'!A:G,7,0) -> J1604_PIN31
L42: U1_XPCIRXP[6] | M42: =VLOOKUP(L42,'NELIST REPORT'!$A:$C,3,0) -> U1_K13.8 | N42: =IF(RIGHT(M42,1)="2","3","7") -> 7 | O42: =LEFT(M42,7)&N42 -> U1_K13.7 | P42: =VLOOKUP(O42,'PIN REPORT'!A:G,7,0) -> N19956674 | Q42: =VLOOKUP(P42,'NELIST REPORT'!$A:$C,3,0) -> U1_K14.7 | R42: =IF(RIGHT(Q42,1)="3","2","8") -> 8 | S42: =LEFT(Q42,7)&R42 -> U1_K14.8 | T42: =VLOOKUP(S42,'PIN REPORT'!A:G,7,0) -> J1604_PIN32
L44: U3_XPCITXN[0] | M44: =VLOOKUP(L44,'NELIST REPORT'!$A:$D,4,0) -> U3_L2.1 | N44: =IF(RIGHT(M44,1)="1",2,IF(RIGHT(M44,1)="2","1","")) -> 2 | O44: =LEFT(M44,6)&N44 -> U3_L2.2 | P44: =VLOOKUP(O44,'PIN REPORT'!$A:$G,7,0) -> N21317510 | Q44: =VLOOKUP(P44,'NELIST REPORT'!A:B,2,0) -> U3_K2.4 | R44: =IF(RIGHT(Q44,1)="4","2","8") -> 2 | S44: =LEFT(Q44,6)&R44 -> U3_K2.2 | T44: =VLOOKUP(S44,'PIN REPORT'!A:G,7,0) -> J1809_PIN88
L45: U3_XPCITXP[0] | M45: =VLOOKUP(L45,'NELIST REPORT'!$A:$D,4,0) -> U3_L1.1 | N45: =IF(RIGHT(M45,1)="1",2,IF(RIGHT(M45,1)="2","1","")) -> 2 | O45: =LEFT(M45,6)&N45 -> U3_L1.2 | P45: =VLOOKUP(O45,'PIN REPORT'!$A:$G,7,0) -> N21317673 | Q45: =VLOOKUP(P45,'NELIST REPORT'!A:B,2,0) -> U3_K2.6 | R45: =IF(RIGHT(Q45,1)="4","2","8") -> 8 | S45: =LEFT(Q45,6)&R45 -> U3_K2.8 | T45: =VLOOKUP(S45,'PIN REPORT'!A:G,7,0) -> J1809_PIN90
L46: U3_XPCITXN[1] | M46: =VLOOKUP(L46,'NELIST REPORT'!$A:$D,4,0) -> U3_L4.1 | N46: =IF(RIGHT(M46,1)="1",2,IF(RIGHT(M46,1)="2","1","")) -> 2 | O46: =LEFT(M46,6)&N46 -> U3_L4.2 | P46: =VLOOKUP(O46,'PIN REPORT'!$A:$G,7,0) -> N21317844 | Q46: =VLOOKUP(P46,'NELIST REPORT'!A:B,2,0) -> U3_K4.4 | R46: =IF(RIGHT(Q46,1)="4","2","8") -> 2 | S46: =LEFT(Q46,6)&R46 -> U3_K4.2 | T46: =VLOOKUP(S46,'PIN REPORT'!A:G,7,0) -> J1809_PIN92
L47: U3_XPCITXP[1] | M47: =VLOOKUP(L47,'NELIST REPORT'!$A:$D,4,0) -> U3_L3.1 | N47: =IF(RIGHT(M47,1)="1",2,IF(RIGHT(M47,1)="2","1","")) -> 2 | O47: =LEFT(M47,6)&N47 -> U3_L3.2 | P47: =VLOOKUP(O47,'PIN REPORT'!$A:$G,7,0) -> N21317842 | Q47: =VLOOKUP(P47,'NELIST REPORT'!A:B,2,0) -> U3_K4.6 | R47: =IF(RIGHT(Q47,1)="4","2","8") -> 8 | S47: =LEFT(Q47,6)&R47 -> U3_K4.8 | T47: =VLOOKUP(S47,'PIN REPORT'!A:G,7,0) -> J1809_PIN94
L48: U3_XPCITXN[2] | M48: =VLOOKUP(L48,'NELIST REPORT'!$A:$D,4,0) -> U3_L5.1 | N48: =IF(RIGHT(M48,1)="1",2,IF(RIGHT(M48,1)="2","1","")) -> 2 | O48: =LEFT(M48,6)&N48 -> U3_L5.2 | P48: =VLOOKUP(O48,'PIN REPORT'!$A:$G,7,0) -> N21317824 | Q48: =VLOOKUP(P48,'NELIST REPORT'!A:B,2,0) -> U3_K6.6 | R48: =IF(RIGHT(Q48,1)="4","2","8") -> 8 | S48: =LEFT(Q48,6)&R48 -> U3_K6.8 | T48: =VLOOKUP(S48,'PIN REPORT'!A:G,7,0) -> J1809_PIN98
L49: U3_XPCITXP[2] | M49: =VLOOKUP(L49,'NELIST REPORT'!$A:$D,4,0) -> U3_L6.1 | N49: =IF(RIGHT(M49,1)="1",2,IF(RIGHT(M49,1)="2","1","")) -> 2 | O49: =LEFT(M49,6)&N49 -> U3_L6.2 | P49: =VLOOKUP(O49,'PIN REPORT'!$A:$G,7,0) -> N21317822 | Q49: =VLOOKUP(P49,'NELIST REPORT'!A:B,2,0) -> U3_K6.4 | R49: =IF(RIGHT(Q49,1)="4","2","8") -> 2 | S49: =LEFT(Q49,6)&R49 -> U3_K6.2 | T49: =VLOOKUP(S49,'PIN REPORT'!A:G,7,0) -> J1809_PIN95
L50: U3_XPCITXN[3] | M50: =VLOOKUP(L50,'NELIST REPORT'!$A:$D,4,0) -> U3_L8.1 | N50: =IF(RIGHT(M50,1)="1",2,IF(RIGHT(M50,1)="2","1","")) -> 2 | O50: =LEFT(M50,6)&N50 -> U3_L8.2 | P50: =VLOOKUP(O50,'PIN REPORT'!$A:$G,7,0) -> N21317836 | Q50: =VLOOKUP(P50,'NELIST REPORT'!A:B,2,0) -> U3_K8.4 | R50: =IF(RIGHT(Q50,1)="4","2","8") -> 2 | S50: =LEFT(Q50,6)&R50 -> U3_K8.2 | T50: =VLOOKUP(S50,'PIN REPORT'!A:G,7,0) -> J1808_PIN50
L51: U3_XPCITXP[3] | M51: =VLOOKUP(L51,'NELIST REPORT'!$A:$D,4,0) -> U3_L7.1 | N51: =IF(RIGHT(M51,1)="1",2,IF(RIGHT(M51,1)="2","1","")) -> 2 | O51: =LEFT(M51,6)&N51 -> U3_L7.2 | P51: =VLOOKUP(O51,'PIN REPORT'!$A:$G,7,0) -> N21317838 | Q51: =VLOOKUP(P51,'NELIST REPORT'!A:B,2,0) -> U3_K8.6 | R51: =IF(RIGHT(Q51,1)="4","2","8") -> 8 | S51: =LEFT(Q51,6)&R51 -> U3_K8.8 | T51: =VLOOKUP(S51,'PIN REPORT'!A:G,7,0) -> J1808_PIN48
L52: U3_XPCITXN[4] | M52: =VLOOKUP(L52,'NELIST REPORT'!$A:$D,4,0) -> U3_L10.1 | N52: =IF(RIGHT(M52,1)="1",2,IF(RIGHT(M52,1)="2","1","")) -> 2 | O52: =LEFT(M52,7)&N52 -> U3_L10.2 | P52: =VLOOKUP(O52,'PIN REPORT'!$A:$G,7,0) -> N21321194 | Q52: =VLOOKUP(P52,'NELIST REPORT'!A:B,2,0) -> U3_K10.4 | R52: =IF(RIGHT(Q52,1)="4","2","8") -> 2 | S52: =LEFT(Q52,7)&R52 -> U3_K10.2 | T52: =VLOOKUP(S52,'PIN REPORT'!A:G,7,0) -> J1807_PIN39
L53: U3_XPCITXP[4] | M53: =VLOOKUP(L53,'NELIST REPORT'!$A:$D,4,0) -> U3_L9.1 | N53: =IF(RIGHT(M53,1)="1",2,IF(RIGHT(M53,1)="2","1","")) -> 2 | O53: =LEFT(M53,6)&N53 -> U3_L9.2 | P53: =VLOOKUP(O53,'PIN REPORT'!$A:$G,7,0) -> N21321196 | Q53: =VLOOKUP(P53,'NELIST REPORT'!A:B,2,0) -> U3_K10.6 | R53: =IF(RIGHT(Q53,1)="4","2","8") -> 8 | S53: =LEFT(Q53,7)&R53 -> U3_K10.8 | T53: =VLOOKUP(S53,'PIN REPORT'!A:G,7,0) -> J1807_PIN40
L54: U3_XPCITXN[5] | M54: =VLOOKUP(L54,'NELIST REPORT'!$A:$D,4,0) -> U3_L12.1 | N54: =IF(RIGHT(M54,1)="1",2,IF(RIGHT(M54,1)="2","1","")) -> 2 | O54: =LEFT(M54,7)&N54 -> U3_L12.2 | P54: =VLOOKUP(O54,'PIN REPORT'!$A:$G,7,0) -> N21321208 | Q54: =VLOOKUP(P54,'NELIST REPORT'!A:B,2,0) -> U3_K12.4 | R54: =IF(RIGHT(Q54,1)="4","2","8") -> 2 | S54: =LEFT(Q54,7)&R54 -> U3_K12.2 | T54: =VLOOKUP(S54,'PIN REPORT'!A:G,7,0) -> J1804_PIN28
L55: U3_XPCITXP[5] | M55: =VLOOKUP(L55,'NELIST REPORT'!$A:$D,4,0) -> U3_L11.1 | N55: =IF(RIGHT(M55,1)="1",2,IF(RIGHT(M55,1)="2","1","")) -> 2 | O55: =LEFT(M55,7)&N55 -> U3_L11.2 | P55: =VLOOKUP(O55,'PIN REPORT'!$A:$G,7,0) -> N21321210 | Q55: =VLOOKUP(P55,'NELIST REPORT'!A:B,2,0) -> U3_K12.6 | R55: =IF(RIGHT(Q55,1)="4","2","8") -> 8 | S55: =LEFT(Q55,7)&R55 -> U3_K12.8 | T55: =VLOOKUP(S55,'PIN REPORT'!A:G,7,0) -> J1804_PIN30
L56: U3_XPCITXN[6] | M56: =VLOOKUP(L56,'NELIST REPORT'!$A:$D,4,0) -> U3_L14.1 | N56: =IF(RIGHT(M56,1)="1",2,IF(RIGHT(M56,1)="2","1","")) -> 2 | O56: =LEFT(M56,7)&N56 -> U3_L14.2 | P56: =VLOOKUP(O56,'PIN REPORT'!$A:$G,7,0) -> N21321306 | Q56: =VLOOKUP(P56,'NELIST REPORT'!A:B,2,0) -> U3_K14.4 | R56: =IF(RIGHT(Q56,1)="4","2","8") -> 2 | S56: =LEFT(Q56,7)&R56 -> U3_K14.2 | T56: =VLOOKUP(S56,'PIN REPORT'!A:G,7,0) -> J1805_PIN48
L57: U3_XPCITXP[6] | M57: =VLOOKUP(L57,'NELIST REPORT'!$A:$D,4,0) -> U3_L13.1 | N57: =IF(RIGHT(M57,1)="1",2,IF(RIGHT(M57,1)="2","1","")) -> 2 | O57: =LEFT(M57,7)&N57 -> U3_L13.2 | P57: =VLOOKUP(O57,'PIN REPORT'!$A:$G,7,0) -> N21321304 | Q57: =VLOOKUP(P57,'NELIST REPORT'!A:B,2,0) -> U3_K14.6 | R57: =IF(RIGHT(Q57,1)="4","2","8") -> 8 | S57: =LEFT(Q57,7)&R57 -> U3_K14.8 | T57: =VLOOKUP(S57,'PIN REPORT'!A:G,7,0) -> J1805_PIN46
L58: U3_XPCITXN[7] | M58: =VLOOKUP(L58,'NELIST REPORT'!$A:$D,4,0) -> U3_L16.1 | N58: =IF(RIGHT(M58,1)="1",2,IF(RIGHT(M58,1)="2","1","")) -> 2 | O58: =LEFT(M58,7)&N58 -> U3_L16.2 | P58: =VLOOKUP(O58,'PIN REPORT'!$A:$G,7,0) -> N21321222 | Q58: =VLOOKUP(P58,'NELIST REPORT'!A:B,2,0) -> U3_K16.4 | R58: =IF(RIGHT(Q58,1)="4","2","8") -> 2 | S58: =LEFT(Q58,7)&R58 -> U3_K16.2 | T58: =VLOOKUP(S58,'PIN REPORT'!A:G,7,0) -> J1802_PIN52
L59: U3_XPCITXP[7] | M59: =VLOOKUP(L59,'NELIST REPORT'!$A:$D,4,0) -> U3_L15.1 | N59: =IF(RIGHT(M59,1)="1",2,IF(RIGHT(M59,1)="2","1","")) -> 2 | O59: =LEFT(M59,7)&N59 -> U3_L15.2 | P59: =VLOOKUP(O59,'PIN REPORT'!$A:$G,7,0) -> N21321224 | Q59: =VLOOKUP(P59,'NELIST REPORT'!A:B,2,0) -> U3_K16.6 | R59: =IF(RIGHT(Q59,1)="4","2","8") -> 8 | S59: =LEFT(Q59,7)&R59 -> U3_K16.8 | T59: =VLOOKUP(S59,'PIN REPORT'!A:G,7,0) -> J1802_PIN50
L60: U3_XPCIRXN[7] | M60: =VLOOKUP(L60,'NELIST REPORT'!$A:$C,3,0) -> U3_K15.2 | N60: =IF(RIGHT(M60,1)="2","3","7") -> 3 | O60: =LEFT(M60,7)&N60 -> U3_K15.3 | P60: =VLOOKUP(O60,'PIN REPORT'!A:G,7,0) -> N21321811 | Q60: =VLOOKUP(P60,'NELIST REPORT'!$A:$C,3,0) -> U3_K16.3 | R60: =IF(RIGHT(Q60,1)="3","2","8") -> 2 | S60: =LEFT(Q60,7)&R60 -> U3_K16.2 | T60: =VLOOKUP(S60,'PIN REPORT'!A:G,7,0) -> J1802_PIN52
L61: U3_XPCIRXP[7] | M61: =VLOOKUP(L61,'NELIST REPORT'!$A:$C,3,0) -> U3_K15.8 | N61: =IF(RIGHT(M61,1)="2","3","7") -> 7 | O61: =LEFT(M61,7)&N61 -> U3_K15.7 | P61: =VLOOKUP(O61,'PIN REPORT'!A:G,7,0) -> N21321252 | Q61: =VLOOKUP(P61,'NELIST REPORT'!$A:$C,3,0) -> U3_K16.7 | R61: =IF(RIGHT(Q61,1)="3","2","8") -> 8 | S61: =LEFT(Q61,7)&R61 -> U3_K16.8 | T61: =VLOOKUP(S61,'PIN REPORT'!A:G,7,0) -> J1802_PIN50
L62: U3_XPCIRXN[0] | M62: =VLOOKUP(L62,'NELIST REPORT'!$A:$C,3,0) -> U3_K1.2 | N62: =IF(RIGHT(M62,1)="2","3","7") -> 3 | O62: =LEFT(M62,6)&N62 -> U3_K1.3 | P62: =VLOOKUP(O62,'PIN REPORT'!A:G,7,0) -> N21318804 | Q62: =VLOOKUP(P62,'NELIST REPORT'!$A:$C,3,0) -> U3_K2.3 | R62: =IF(RIGHT(Q62,1)="3","2","8") -> 2 | S62: =LEFT(Q62,6)&R62 -> U3_K2.2 | T62: =VLOOKUP(S62,'PIN REPORT'!A:G,7,0) -> J1809_PIN88
L63: U3_XPCIRXP[0] | M63: =VLOOKUP(L63,'NELIST REPORT'!$A:$C,3,0) -> U3_K1.8 | N63: =IF(RIGHT(M63,1)="2","3","7") -> 7 | O63: =LEFT(M63,6)&N63 -> U3_K1.7 | P63: =VLOOKUP(O63,'PIN REPORT'!A:G,7,0) -> N21318198 | Q63: =VLOOKUP(P63,'NELIST REPORT'!$A:$C,3,0) -> U3_K2.7 | R63: =IF(RIGHT(Q63,1)="3","2","8") -> 8 | S63: =LEFT(Q63,6)&R63 -> U3_K2.8 | T63: =VLOOKUP(S63,'PIN REPORT'!A:G,7,0) -> J1809_PIN90
L64: U3_XPCIRXN[1] | M64: =VLOOKUP(L64,'NELIST REPORT'!$A:$C,3,0) -> U3_K3.2 | N64: =IF(RIGHT(M64,1)="2","3","7") -> 3 | O64: =LEFT(M64,6)&N64 -> U3_K3.3 | P64: =VLOOKUP(O64,'PIN REPORT'!A:G,7,0) -> N21318162 | Q64: =VLOOKUP(P64,'NELIST REPORT'!$A:$C,3,0) -> U3_K4.3 | R64: =IF(RIGHT(Q64,1)="3","2","8") -> 2 | S64: =LEFT(Q64,6)&R64 -> U3_K4.2 | T64: =VLOOKUP(S64,'PIN REPORT'!A:G,7,0) -> J1809_PIN92
L65: U3_XPCIRXP[1] | M65: =VLOOKUP(L65,'NELIST REPORT'!$A:$C,3,0) -> U3_K3.8 | N65: =IF(RIGHT(M65,1)="2","3","7") -> 7 | O65: =LEFT(M65,6)&N65 -> U3_K3.7 | P65: =VLOOKUP(O65,'PIN REPORT'!A:G,7,0) -> N21317840 | Q65: =VLOOKUP(P65,'NELIST REPORT'!$A:$C,3,0) -> U3_K4.7 | R65: =IF(RIGHT(Q65,1)="3","2","8") -> 8 | S65: =LEFT(Q65,6)&R65 -> U3_K4.8 | T65: =VLOOKUP(S65,'PIN REPORT'!A:G,7,0) -> J1809_PIN94
L66: U3_XPCIRXN[2] | M66: =VLOOKUP(L66,'NELIST REPORT'!$A:$C,3,0) -> U3_K5.8 | N66: =IF(RIGHT(M66,1)="2","3","7") -> 7 | O66: =LEFT(M66,6)&N66 -> U3_K5.7 | P66: =VLOOKUP(O66,'PIN REPORT'!A:G,7,0) -> N21317933 | Q66: =VLOOKUP(P66,'NELIST REPORT'!$A:$C,3,0) -> U3_K6.7 | R66: =IF(RIGHT(Q66,1)="3","2","8") -> 8 | S66: =LEFT(Q66,6)&R66 -> U3_K6.8 | T66: =VLOOKUP(S66,'PIN REPORT'!A:G,7,0) -> J1809_PIN98
L67: U3_XPCIRXP[2] | M67: =VLOOKUP(L67,'NELIST REPORT'!$A:$C,3,0) -> U3_K5.2 | N67: =IF(RIGHT(M67,1)="2","3","7") -> 3 | O67: =LEFT(M67,6)&N67 -> U3_K5.3 | P67: =VLOOKUP(O67,'PIN REPORT'!A:G,7,0) -> N21318510 | Q67: =VLOOKUP(P67,'NELIST REPORT'!$A:$C,3,0) -> U3_K6.3 | R67: =IF(RIGHT(Q67,1)="3","2","8") -> 2 | S67: =LEFT(Q67,6)&R67 -> U3_K6.2 | T67: =VLOOKUP(S67,'PIN REPORT'!A:G,7,0) -> J1809_PIN95
L68: U3_XPCIRXN[3] | M68: =VLOOKUP(L68,'NELIST REPORT'!$A:$C,3,0) -> U3_K7.2 | N68: =IF(RIGHT(M68,1)="2","3","7") -> 3 | O68: =LEFT(M68,6)&N68 -> U3_K7.3 | P68: =VLOOKUP(O68,'PIN REPORT'!A:G,7,0) -> N21318448 | Q68: =VLOOKUP(P68,'NELIST REPORT'!$A:$C,3,0) -> U3_K8.3 | R68: =IF(RIGHT(Q68,1)="3","2","8") -> 2 | S68: =LEFT(Q68,6)&R68 -> U3_K8.2 | T68: =VLOOKUP(S68,'PIN REPORT'!A:G,7,0) -> J1808_PIN50
L69: U3_XPCIRXP[3] | M69: =VLOOKUP(L69,'NELIST REPORT'!$A:$C,3,0) -> U3_K7.8 | N69: =IF(RIGHT(M69,1)="2","3","7") -> 7 | O69: =LEFT(M69,6)&N69 -> U3_K7.7 | P69: =VLOOKUP(O69,'PIN REPORT'!A:G,7,0) -> N21318117 | Q69: =VLOOKUP(P69,'NELIST REPORT'!$A:$C,3,0) -> U3_K8.7 | R69: =IF(RIGHT(Q69,1)="3","2","8") -> 8 | S69: =LEFT(Q69,6)&R69 -> U3_K8.8 | T69: =VLOOKUP(S69,'PIN REPORT'!A:G,7,0) -> J1808_PIN48
L70: U3_XPCIRXN[4] | M70: =VLOOKUP(L70,'NELIST REPORT'!$A:$C,3,0) -> U3_K9.2 | N70: =IF(RIGHT(M70,1)="2","3","7") -> 3 | O70: =LEFT(M70,6)&N70 -> U3_K9.3 | P70: =VLOOKUP(O70,'PIN REPORT'!A:G,7,0) -> N21321960 | Q70: =VLOOKUP(P70,'NELIST REPORT'!$A:$C,3,0) -> U3_K10.3 | R70: =IF(RIGHT(Q70,1)="3","2","8") -> 2 | S70: =LEFT(Q70,7)&R70 -> U3_K10.2 | T70: =VLOOKUP(S70,'PIN REPORT'!A:G,7,0) -> J1807_PIN39
L71: U3_XPCIRXP[4] | M71: =VLOOKUP(L71,'NELIST REPORT'!$A:$C,3,0) -> U3_K9.8 | N71: =IF(RIGHT(M71,1)="2","3","7") -> 7 | O71: =LEFT(M71,6)&N71 -> U3_K9.7 | P71: =VLOOKUP(O71,'PIN REPORT'!A:G,7,0) -> N21321226 | Q71: =VLOOKUP(P71,'NELIST REPORT'!$A:$C,3,0) -> U3_K10.7 | R71: =IF(RIGHT(Q71,1)="3","2","8") -> 8 | S71: =LEFT(Q71,7)&R71 -> U3_K10.8 | T71: =VLOOKUP(S71,'PIN REPORT'!A:G,7,0) -> J1807_PIN40
L72: U3_XPCIRXN[5] | M72: =VLOOKUP(L72,'NELIST REPORT'!$A:$C,3,0) -> U3_K11.2 | N72: =IF(RIGHT(M72,1)="2","3","7") -> 3 | O72: =LEFT(M72,7)&N72 -> U3_K11.3 | P72: =VLOOKUP(O72,'PIN REPORT'!A:G,7,0) -> N21321562 | Q72: =VLOOKUP(P72,'NELIST REPORT'!$A:$C,3,0) -> U3_K12.3 | R72: =IF(RIGHT(Q72,1)="3","2","8") -> 2 | S72: =LEFT(Q72,7)&R72 -> U3_K12.2 | T72: =VLOOKUP(S72,'PIN REPORT'!A:G,7,0) -> J1804_PIN28
L73: U3_XPCIRXP[5] | M73: =VLOOKUP(L73,'NELIST REPORT'!$A:$C,3,0) -> U3_K11.8 | N73: =IF(RIGHT(M73,1)="2","3","7") -> 7 | O73: =LEFT(M73,7)&N73 -> U3_K11.7 | P73: =VLOOKUP(O73,'PIN REPORT'!A:G,7,0) -> N21321248 | Q73: =VLOOKUP(P73,'NELIST REPORT'!$A:$C,3,0) -> U3_K12.7 | R73: =IF(RIGHT(Q73,1)="3","2","8") -> 8 | S73: =LEFT(Q73,7)&R73 -> U3_K12.8 | T73: =VLOOKUP(S73,'PIN REPORT'!A:G,7,0) -> J1804_PIN30
L74: U3_XPCIRXN[6] | M74: =VLOOKUP(L74,'NELIST REPORT'!$A:$C,3,0) -> U3_K13.2 | N74: =IF(RIGHT(M74,1)="2","3","7") -> 3 | O74: =LEFT(M74,7)&N74 -> U3_K13.3 | P74: =VLOOKUP(O74,'PIN REPORT'!A:G,7,0) -> N21321891 | Q74: =VLOOKUP(P74,'NELIST REPORT'!$A:$C,3,0) -> U3_K14.3 | R74: =IF(RIGHT(Q74,1)="3","2","8") -> 2 | S74: =LEFT(Q74,7)&R74 -> U3_K14.2 | T74: =VLOOKUP(S74,'PIN REPORT'!A:G,7,0) -> J1805_PIN48
L75: U3_XPCIRXP[6] | M75: =VLOOKUP(L75,'NELIST REPORT'!$A:$C,3,0) -> U3_K13.8 | N75: =IF(RIGHT(M75,1)="2","3","7") -> 7 | O75: =LEFT(M75,7)&N75 -> U3_K13.7 | P75: =VLOOKUP(O75,'PIN REPORT'!A:G,7,0) -> N21321250 | Q75: =VLOOKUP(P75,'NELIST REPORT'!$A:$C,3,0) -> U3_K14.7 | R75: =IF(RIGHT(Q75,1)="3","2","8") -> 8 | S75: =LEFT(Q75,7)&R75 -> U3_K14.8 | T75: =VLOOKUP(S75,'PIN REPORT'!A:G,7,0) -> J1805_PIN46
L77: U5_XPCITXN[0] | M77: =VLOOKUP(L77,'NELIST REPORT'!$A:$D,4,0) -> U5_L2.1 | N77: =IF(RIGHT(M77,1)="1",2,IF(RIGHT(M77,1)="2","1","")) -> 2 | O77: =LEFT(M77,6)&N77 -> U5_L2.2 | P77: =VLOOKUP(O77,'PIN REPORT'!$A:$G,7,0) -> N21324210 | Q77: =VLOOKUP(P77,'NELIST REPORT'!A:B,2,0) -> U5_K2.4 | R77: =IF(RIGHT(Q77,1)="4","2","8") -> 2 | S77: =LEFT(Q77,6)&R77 -> U5_K2.2 | T77: =VLOOKUP(S77,'PIN REPORT'!A:G,7,0) -> J1706_PIN02
L78: U5_XPCITXP[0] | M78: =VLOOKUP(L78,'NELIST REPORT'!$A:$D,4,0) -> U5_L1.1 | N78: =IF(RIGHT(M78,1)="1",2,IF(RIGHT(M78,1)="2","1","")) -> 2 | O78: =LEFT(M78,6)&N78 -> U5_L1.2 | P78: =VLOOKUP(O78,'PIN REPORT'!$A:$G,7,0) -> N21324357 | Q78: =VLOOKUP(P78,'NELIST REPORT'!A:B,2,0) -> U5_K2.6 | R78: =IF(RIGHT(Q78,1)="4","2","8") -> 8 | S78: =LEFT(Q78,6)&R78 -> U5_K2.8 | T78: =VLOOKUP(S78,'PIN REPORT'!A:G,7,0) -> J1706_PIN01
L79: U5_XPCITXN[1] | M79: =VLOOKUP(L79,'NELIST REPORT'!$A:$D,4,0) -> U5_L4.1 | N79: =IF(RIGHT(M79,1)="1",2,IF(RIGHT(M79,1)="2","1","")) -> 2 | O79: =LEFT(M79,6)&N79 -> U5_L4.2 | P79: =VLOOKUP(O79,'PIN REPORT'!$A:$G,7,0) -> N21324532 | Q79: =VLOOKUP(P79,'NELIST REPORT'!A:B,2,0) -> U5_K4.4 | R79: =IF(RIGHT(Q79,1)="4","2","8") -> 2 | S79: =LEFT(Q79,6)&R79 -> U5_K4.2 | T79: =VLOOKUP(S79,'PIN REPORT'!A:G,7,0) -> J1704_PIN99
L80: U5_XPCITXP[1] | M80: =VLOOKUP(L80,'NELIST REPORT'!$A:$D,4,0) -> U5_L3.1 | N80: =IF(RIGHT(M80,1)="1",2,IF(RIGHT(M80,1)="2","1","")) -> 2 | O80: =LEFT(M80,6)&N80 -> U5_L3.2 | P80: =VLOOKUP(O80,'PIN REPORT'!$A:$G,7,0) -> N21324534 | Q80: =VLOOKUP(P80,'NELIST REPORT'!A:B,2,0) -> U5_K4.6 | R80: =IF(RIGHT(Q80,1)="4","2","8") -> 8 | S80: =LEFT(Q80,6)&R80 -> U5_K4.8 | T80: =VLOOKUP(S80,'PIN REPORT'!A:G,7,0) -> J1704_PIN100
L81: U5_XPCITXN[2] | M81: =VLOOKUP(L81,'NELIST REPORT'!$A:$D,4,0) -> U5_L5.1 | N81: =IF(RIGHT(M81,1)="1",2,IF(RIGHT(M81,1)="2","1","")) -> 2 | O81: =LEFT(M81,6)&N81 -> U5_L5.2 | P81: =VLOOKUP(O81,'PIN REPORT'!$A:$G,7,0) -> N21324520 | Q81: =VLOOKUP(P81,'NELIST REPORT'!A:B,2,0) -> U5_K6.6 | R81: =IF(RIGHT(Q81,1)="4","2","8") -> 8 | S81: =LEFT(Q81,6)&R81 -> U5_K6.8 | T81: =VLOOKUP(S81,'PIN REPORT'!A:G,7,0) -> J1705_PIN58
L82: U5_XPCITXP[2] | M82: =VLOOKUP(L82,'NELIST REPORT'!$A:$D,4,0) -> U5_L6.1 | N82: =IF(RIGHT(M82,1)="1",2,IF(RIGHT(M82,1)="2","1","")) -> 2 | O82: =LEFT(M82,6)&N82 -> U5_L6.2 | P82: =VLOOKUP(O82,'PIN REPORT'!$A:$G,7,0) -> N21324504 | Q82: =VLOOKUP(P82,'NELIST REPORT'!A:B,2,0) -> U5_K6.4 | R82: =IF(RIGHT(Q82,1)="4","2","8") -> 2 | S82: =LEFT(Q82,6)&R82 -> U5_K6.2 | T82: =VLOOKUP(S82,'PIN REPORT'!A:G,7,0) -> J1705_PIN57
L83: U5_XPCITXN[3] | M83: =VLOOKUP(L83,'NELIST REPORT'!$A:$D,4,0) -> U5_L8.1 | N83: =IF(RIGHT(M83,1)="1",2,IF(RIGHT(M83,1)="2","1","")) -> 2 | O83: =LEFT(M83,6)&N83 -> U5_L8.2 | P83: =VLOOKUP(O83,'PIN REPORT'!$A:$G,7,0) -> N21324518 | Q83: =VLOOKUP(P83,'NELIST REPORT'!A:B,2,0) -> U5_K8.4 | R83: =IF(RIGHT(Q83,1)="4","2","8") -> 2 | S83: =LEFT(Q83,6)&R83 -> U5_K8.2 | T83: =VLOOKUP(S83,'PIN REPORT'!A:G,7,0) -> J1704_PIN127
L84: U5_XPCITXP[3] | M84: =VLOOKUP(L84,'NELIST REPORT'!$A:$D,4,0) -> U5_L7.1 | N84: =IF(RIGHT(M84,1)="1",2,IF(RIGHT(M84,1)="2","1","")) -> 2 | O84: =LEFT(M84,6)&N84 -> U5_L7.2 | P84: =VLOOKUP(O84,'PIN REPORT'!$A:$G,7,0) -> N21324516 | Q84: =VLOOKUP(P84,'NELIST REPORT'!A:B,2,0) -> U5_K8.6 | R84: =IF(RIGHT(Q84,1)="4","2","8") -> 8 | S84: =LEFT(Q84,6)&R84 -> U5_K8.8 | T84: =VLOOKUP(S84,'PIN REPORT'!A:G,7,0) -> J1704_PIN128
L85: U5_XPCITXN[4] | M85: =VLOOKUP(L85,'NELIST REPORT'!$A:$D,4,0) -> U5_L10.1 | N85: =IF(RIGHT(M85,1)="1",2,IF(RIGHT(M85,1)="2","1","")) -> 2 | O85: =LEFT(M85,7)&N85 -> U5_L10.2 | P85: =VLOOKUP(O85,'PIN REPORT'!$A:$G,7,0) -> N21330817 | Q85: =VLOOKUP(P85,'NELIST REPORT'!A:B,2,0) -> U5_K10.4 | R85: =IF(RIGHT(Q85,1)="4","2","8") -> 2 | S85: =LEFT(Q85,7)&R85 -> U5_K10.2 | T85: =VLOOKUP(S85,'PIN REPORT'!A:G,7,0) -> J1704_PIN117
L86: U5_XPCITXP[4] | M86: =VLOOKUP(L86,'NELIST REPORT'!$A:$D,4,0) -> U5_L9.1 | N86: =IF(RIGHT(M86,1)="1",2,IF(RIGHT(M86,1)="2","1","")) -> 2 | O86: =LEFT(M86,6)&N86 -> U5_L9.2 | P86: =VLOOKUP(O86,'PIN REPORT'!$A:$G,7,0) -> N21330819 | Q86: =VLOOKUP(P86,'NELIST REPORT'!A:B,2,0) -> U5_K10.6 | R86: =IF(RIGHT(Q86,1)="4","2","8") -> 8 | S86: =LEFT(Q86,7)&R86 -> U5_K10.8 | T86: =VLOOKUP(S86,'PIN REPORT'!A:G,7,0) -> J1704_PIN118
L87: U5_XPCITXN[5] | M87: =VLOOKUP(L87,'NELIST REPORT'!$A:$D,4,0) -> U5_L11.1 | N87: =IF(RIGHT(M87,1)="1",2,IF(RIGHT(M87,1)="2","1","")) -> 2 | O87: =LEFT(M87,7)&N87 -> U5_L11.2 | P87: =VLOOKUP(O87,'PIN REPORT'!$A:$G,7,0) -> N21330833 | Q87: =VLOOKUP(P87,'NELIST REPORT'!A:B,2,0) -> U5_K12.6 | R87: =IF(RIGHT(Q87,1)="4","2","8") -> 8 | S87: =LEFT(Q87,7)&R87 -> U5_K12.8 | T87: =VLOOKUP(S87,'PIN REPORT'!A:G,7,0) -> J1709_PIN17
L88: U5_XPCITXP[5] | M88: =VLOOKUP(L88,'NELIST REPORT'!$A:$D,4,0) -> U5_L12.1 | N88: =IF(RIGHT(M88,1)="1",2,IF(RIGHT(M88,1)="2","1","")) -> 2 | O88: =LEFT(M88,7)&N88 -> U5_L12.2 | P88: =VLOOKUP(O88,'PIN REPORT'!$A:$G,7,0) -> N21330831 | Q88: =VLOOKUP(P88,'NELIST REPORT'!A:B,2,0) -> U5_K12.4 | R88: =IF(RIGHT(Q88,1)="4","2","8") -> 2 | S88: =LEFT(Q88,7)&R88 -> U5_K12.2 | T88: =VLOOKUP(S88,'PIN REPORT'!A:G,7,0) -> J1709_PIN23
L89: U5_XPCITXN[6] | M89: =VLOOKUP(L89,'NELIST REPORT'!$A:$D,4,0) -> U5_L14.1 | N89: =IF(RIGHT(M89,1)="1",2,IF(RIGHT(M89,1)="2","1","")) -> 2 | O89: =LEFT(M89,7)&N89 -> U5_L14.2 | P89: =VLOOKUP(O89,'PIN REPORT'!$A:$G,7,0) -> N21330936 | Q89: =VLOOKUP(P89,'NELIST REPORT'!A:B,2,0) -> U5_K14.4 | R89: =IF(RIGHT(Q89,1)="4","2","8") -> 2 | S89: =LEFT(Q89,7)&R89 -> U5_K14.2 | T89: =VLOOKUP(S89,'PIN REPORT'!A:G,7,0) -> J1709_PIN15
L90: U5_XPCITXP[6] | M90: =VLOOKUP(L90,'NELIST REPORT'!$A:$D,4,0) -> U5_L13.1 | N90: =IF(RIGHT(M90,1)="1",2,IF(RIGHT(M90,1)="2","1","")) -> 2 | O90: =LEFT(M90,7)&N90 -> U5_L13.2 | P90: =VLOOKUP(O90,'PIN REPORT'!$A:$G,7,0) -> N21330934 | Q90: =VLOOKUP(P90,'NELIST REPORT'!A:B,2,0) -> U5_K14.6 | R90: =IF(RIGHT(Q90,1)="4","2","8") -> 8 | S90: =LEFT(Q90,7)&R90 -> U5_K14.8 | T90: =VLOOKUP(S90,'PIN REPORT'!A:G,7,0) -> J1709_PIN16
L91: U5_XPCITXN[7] | M91: =VLOOKUP(L91,'NELIST REPORT'!$A:$D,4,0) -> U5_L16.1 | N91: =IF(RIGHT(M91,1)="1",2,IF(RIGHT(M91,1)="2","1","")) -> 2 | O91: =LEFT(M91,7)&N91 -> U5_L16.2 | P91: =VLOOKUP(O91,'PIN REPORT'!$A:$G,7,0) -> N21330845 | Q91: =VLOOKUP(P91,'NELIST REPORT'!A:B,2,0) -> U5_K16.4 | R91: =IF(RIGHT(Q91,1)="4","2","8") -> 2 | S91: =LEFT(Q91,7)&R91 -> U5_K16.2 | T91: =VLOOKUP(S91,'PIN REPORT'!A:G,7,0) -> J1706_PIN20
L92: U5_XPCITXP[7] | M92: =VLOOKUP(L92,'NELIST REPORT'!$A:$D,4,0) -> U5_L15.1 | N92: =IF(RIGHT(M92,1)="1",2,IF(RIGHT(M92,1)="2","1","")) -> 2 | O92: =LEFT(M92,7)&N92 -> U5_L15.2 | P92: =VLOOKUP(O92,'PIN REPORT'!$A:$G,7,0) -> N21330847 | Q92: =VLOOKUP(P92,'NELIST REPORT'!A:B,2,0) -> U5_K16.6 | R92: =IF(RIGHT(Q92,1)="4","2","8") -> 8 | S92: =LEFT(Q92,7)&R92 -> U5_K16.8 | T92: =VLOOKUP(S92,'PIN REPORT'!A:G,7,0) -> J1706_PIN19
L93: U5_XPCIRXN[7] | M93: =VLOOKUP(L93,'NELIST REPORT'!$A:$C,3,0) -> U5_K15.2 | N93: =IF(RIGHT(M93,1)="2","3","7") -> 3 | O93: =LEFT(M93,7)&N93 -> U5_K15.3 | P93: =VLOOKUP(O93,'PIN REPORT'!A:G,7,0) -> N21331444 | Q93: =VLOOKUP(P93,'NELIST REPORT'!$A:$C,3,0) -> U5_K16.3 | R93: =IF(RIGHT(Q93,1)="3","2","8") -> 2 | S93: =LEFT(Q93,7)&R93 -> U5_K16.2 | T93: =VLOOKUP(S93,'PIN REPORT'!A:G,7,0) -> J1706_PIN20
L94: U5_XPCIRXP[7] | M94: =VLOOKUP(L94,'NELIST REPORT'!$A:$C,3,0) -> U5_K15.8 | N94: =IF(RIGHT(M94,1)="2","3","7") -> 7 | O94: =LEFT(M94,7)&N94 -> U5_K15.7 | P94: =VLOOKUP(O94,'PIN REPORT'!A:G,7,0) -> N21330885 | Q94: =VLOOKUP(P94,'NELIST REPORT'!$A:$C,3,0) -> U5_K16.7 | R94: =IF(RIGHT(Q94,1)="3","2","8") -> 8 | S94: =LEFT(Q94,7)&R94 -> U5_K16.8 | T94: =VLOOKUP(S94,'PIN REPORT'!A:G,7,0) -> J1706_PIN19
L95: U5_XPCIRXN[0] | M95: =VLOOKUP(L95,'NELIST REPORT'!$A:$C,3,0) -> U5_K1.2 | N95: =IF(RIGHT(M95,1)="2","3","7") -> 3 | O95: =LEFT(M95,6)&N95 -> U5_K1.3 | P95: =VLOOKUP(O95,'PIN REPORT'!A:G,7,0) -> N21324161 | Q95: =VLOOKUP(P95,'NELIST REPORT'!$A:$C,3,0) -> U5_K2.3 | R95: =IF(RIGHT(Q95,1)="3","2","8") -> 2 | S95: =LEFT(Q95,6)&R95 -> U5_K2.2 | T95: =VLOOKUP(S95,'PIN REPORT'!A:G,7,0) -> J1706_PIN02
L96: U5_XPCIRXP[0] | M96: =VLOOKUP(L96,'NELIST REPORT'!$A:$C,3,0) -> U5_K1.8 | N96: =IF(RIGHT(M96,1)="2","3","7") -> 7 | O96: =LEFT(M96,6)&N96 -> U5_K1.7 | P96: =VLOOKUP(O96,'PIN REPORT'!A:G,7,0) -> N21324144 | Q96: =VLOOKUP(P96,'NELIST REPORT'!$A:$C,3,0) -> U5_K2.7 | R96: =IF(RIGHT(Q96,1)="3","2","8") -> 8 | S96: =LEFT(Q96,6)&R96 -> U5_K2.8 | T96: =VLOOKUP(S96,'PIN REPORT'!A:G,7,0) -> J1706_PIN01
L97: U5_XPCIRXN[1] | M97: =VLOOKUP(L97,'NELIST REPORT'!$A:$C,3,0) -> U5_K3.2 | N97: =IF(RIGHT(M97,1)="2","3","7") -> 3 | O97: =LEFT(M97,6)&N97 -> U5_K3.3 | P97: =VLOOKUP(O97,'PIN REPORT'!A:G,7,0) -> N21324856 | Q97: =VLOOKUP(P97,'NELIST REPORT'!$A:$C,3,0) -> U5_K4.3 | R97: =IF(RIGHT(Q97,1)="3","2","8") -> 2 | S97: =LEFT(Q97,6)&R97 -> U5_K4.2 | T97: =VLOOKUP(S97,'PIN REPORT'!A:G,7,0) -> J1704_PIN99
L98: U5_XPCIRXP[1] | M98: =VLOOKUP(L98,'NELIST REPORT'!$A:$C,3,0) -> U5_K3.8 | N98: =IF(RIGHT(M98,1)="2","3","7") -> 7 | O98: =LEFT(M98,6)&N98 -> U5_K3.7 | P98: =VLOOKUP(O98,'PIN REPORT'!A:G,7,0) -> N21324536 | Q98: =VLOOKUP(P98,'NELIST REPORT'!$A:$C,3,0) -> U5_K4.7 | R98: =IF(RIGHT(Q98,1)="3","2","8") -> 8 | S98: =LEFT(Q98,6)&R98 -> U5_K4.8 | T98: =VLOOKUP(S98,'PIN REPORT'!A:G,7,0) -> J1704_PIN100
L99: U5_XPCIRXN[2] | M99: =VLOOKUP(L99,'NELIST REPORT'!$A:$C,3,0) -> U5_K5.8 | N99: =IF(RIGHT(M99,1)="2","3","7") -> 7 | O99: =LEFT(M99,6)&N99 -> U5_K5.7 | P99: =VLOOKUP(O99,'PIN REPORT'!A:G,7,0) -> N21324607 | Q99: =VLOOKUP(P99,'NELIST REPORT'!$A:$C,3,0) -> U5_K6.7 | R99: =IF(RIGHT(Q99,1)="3","2","8") -> 8 | S99: =LEFT(Q99,6)&R99 -> U5_K6.8 | T99: =VLOOKUP(S99,'PIN REPORT'!A:G,7,0) -> J1705_PIN58
L100: U5_XPCIRXP[2] | M100: =VLOOKUP(L100,'NELIST REPORT'!$A:$C,3,0) -> U5_K5.2 | N100: =IF(RIGHT(M100,1)="2","3","7") -> 3 | O100: =LEFT(M100,6)&N100 -> U5_K5.3 | P100: =VLOOKUP(O100,'PIN REPORT'!A:G,7,0) -> N21325184 | Q100: =VLOOKUP(P100,'NELIST REPORT'!$A:$C,3,0) -> U5_K6.3 | R100: =IF(RIGHT(Q100,1)="3","2","8") -> 2 | S100: =LEFT(Q100,6)&R100 -> U5_K6.2 | T100: =VLOOKUP(S100,'PIN REPORT'!A:G,7,0) -> J1705_PIN57
L101: U5_XPCIRXN[3] | M101: =VLOOKUP(L101,'NELIST REPORT'!$A:$C,3,0) -> U5_K7.2 | N101: =IF(RIGHT(M101,1)="2","3","7") -> 3 | O101: =LEFT(M101,6)&N101 -> U5_K7.3 | P101: =VLOOKUP(O101,'PIN REPORT'!A:G,7,0) -> N21325145 | Q101: =VLOOKUP(P101,'NELIST REPORT'!$A:$C,3,0) -> U5_K8.3 | R101: =IF(RIGHT(Q101,1)="3","2","8") -> 2 | S101: =LEFT(Q101,6)&R101 -> U5_K8.2 | T101: =VLOOKUP(S101,'PIN REPORT'!A:G,7,0) -> J1704_PIN127
L102: U5_XPCIRXP[3] | M102: =VLOOKUP(L102,'NELIST REPORT'!$A:$C,3,0) -> U5_K7.8 | N102: =IF(RIGHT(M102,1)="2","3","7") -> 7 | O102: =LEFT(M102,6)&N102 -> U5_K7.7 | P102: =VLOOKUP(O102,'PIN REPORT'!A:G,7,0) -> N21324804 | Q102: =VLOOKUP(P102,'NELIST REPORT'!$A:$C,3,0) -> U5_K8.7 | R102: =IF(RIGHT(Q102,1)="3","2","8") -> 8 | S102: =LEFT(Q102,6)&R102 -> U5_K8.8 | T102: =VLOOKUP(S102,'PIN REPORT'!A:G,7,0) -> J1704_PIN128
L103: U5_XPCIRXN[4] | M103: =VLOOKUP(L103,'NELIST REPORT'!$A:$C,3,0) -> U5_K9.2 | N103: =IF(RIGHT(M103,1)="2","3","7") -> 3 | O103: =LEFT(M103,6)&N103 -> U5_K9.3 | P103: =VLOOKUP(O103,'PIN REPORT'!A:G,7,0) -> N21331593 | Q103: =VLOOKUP(P103,'NELIST REPORT'!$A:$C,3,0) -> U5_K10.3 | R103: =IF(RIGHT(Q103,1)="3","2","8") -> 2 | S103: =LEFT(Q103,7)&R103 -> U5_K10.2 | T103: =VLOOKUP(S103,'PIN REPORT'!A:G,7,0) -> J1704_PIN117
L104: U5_XPCIRXP[4] | M104: =VLOOKUP(L104,'NELIST REPORT'!$A:$C,3,0) -> U5_K9.8 | N104: =IF(RIGHT(M104,1)="2","3","7") -> 7 | O104: =LEFT(M104,6)&N104 -> U5_K9.7 | P104: =VLOOKUP(O104,'PIN REPORT'!A:G,7,0) -> N21330849 | Q104: =VLOOKUP(P104,'NELIST REPORT'!$A:$C,3,0) -> U5_K10.7 | R104: =IF(RIGHT(Q104,1)="3","2","8") -> 8 | S104: =LEFT(Q104,7)&R104 -> U5_K10.8 | T104: =VLOOKUP(S104,'PIN REPORT'!A:G,7,0) -> J1704_PIN118
L105: U5_XPCIRXN[5] | M105: =VLOOKUP(L105,'NELIST REPORT'!$A:$C,3,0) -> U5_K11.8 | N105: =IF(RIGHT(M105,1)="2","3","7") -> 7 | O105: =LEFT(M105,7)&N105 -> U5_K11.7 | P105: =VLOOKUP(O105,'PIN REPORT'!A:G,7,0) -> N21330881 | Q105: =VLOOKUP(P105,'NELIST REPORT'!$A:$C,3,0) -> U5_K12.7 | R105: =IF(RIGHT(Q105,1)="3","2","8") -> 8 | S105: =LEFT(Q105,7)&R105 -> U5_K12.8 | T105: =VLOOKUP(S105,'PIN REPORT'!A:G,7,0) -> J1709_PIN17
L106: U5_XPCIRXP[5] | M106: =VLOOKUP(L106,'NELIST REPORT'!$A:$C,3,0) -> U5_K11.2 | N106: =IF(RIGHT(M106,1)="2","3","7") -> 3 | O106: =LEFT(M106,7)&N106 -> U5_K11.3 | P106: =VLOOKUP(O106,'PIN REPORT'!A:G,7,0) -> N21331187 | Q106: =VLOOKUP(P106,'NELIST REPORT'!$A:$C,3,0) -> U5_K12.3 | R106: =IF(RIGHT(Q106,1)="3","2","8") -> 2 | S106: =LEFT(Q106,7)&R106 -> U5_K12.2 | T106: =VLOOKUP(S106,'PIN REPORT'!A:G,7,0) -> J1709_PIN23
L107: U5_XPCIRXN[6] | M107: =VLOOKUP(L107,'NELIST REPORT'!$A:$C,3,0) -> U5_K13.2 | N107: =IF(RIGHT(M107,1)="2","3","7") -> 3 | O107: =LEFT(M107,7)&N107 -> U5_K13.3 | P107: =VLOOKUP(O107,'PIN REPORT'!A:G,7,0) -> N21331524 | Q107: =VLOOKUP(P107,'NELIST REPORT'!$A:$C,3,0) -> U5_K14.3 | R107: =IF(RIGHT(Q107,1)="3","2","8") -> 2 | S107: =LEFT(Q107,7)&R107 -> U5_K14.2 | T107: =VLOOKUP(S107,'PIN REPORT'!A:G,7,0) -> J1709_PIN15
L108: U5_XPCIRXP[6] | M108: =VLOOKUP(L108,'NELIST REPORT'!$A:$C,3,0) -> U5_K13.8 | N108: =IF(RIGHT(M108,1)="2","3","7") -> 7 | O108: =LEFT(M108,7)&N108 -> U5_K13.7 | P108: =VLOOKUP(O108,'PIN REPORT'!A:G,7,0) -> N21330883 | Q108: =VLOOKUP(P108,'NELIST REPORT'!$A:$C,3,0) -> U5_K14.7 | R108: =IF(RIGHT(Q108,1)="3","2","8") -> 8 | S108: =LEFT(Q108,7)&R108 -> U5_K14.8 | T108: =VLOOKUP(S108,'PIN REPORT'!A:G,7,0) -> J1709_PIN16
...
