Workbook
Name Diff_: [1]set_validations_!$A$2:$A$801
Name gang_: [1]set_validations_!$D$2:$D$801
Name Loop_back: [2]set_validations_!$E$2:$E$801
Name Match_: [1]set_validations_!$B$2:$B$801
Name Share_: [1]set_validations_!$C$2:$C$801
Name Time_Domain: [3]set_validations_!$F$2:$F$10

Sheet History
A1: Date | B1: Revision | C1: Author | D1: Changes
A2: 44635 | B2: Rev0 | C2: Kunihiro.Matsuura | D2: First draft.
A3: 44637 | B3: Rev1 | C3: Kunihiro.Matsuura | D3: Changed TDAU TC assignment and routing. (SITE1,SITE3,Thermal TAB)

Sheet Sheet1
A1: A4 | B1: =_xlfn.XLOOKUP(A1,SITE1!$V$4:$V$1034,SITE1!$U$4:$U$1034,"") -> VSS | C1: {=_xlfn.TEXTJOIN(",",TRUE,_xlfn.UNIQUE(TRANSPOSE(_xlfn.MAP(_xlfn.XLOOKUP(A1,SITE1!$C$4:$C$1034,SITE1!$F$4:$O$1034,""),_xlfn.LAMBDA(_xlpm.x,IF(_xlpm.x<>"",TRIM(CLEAN(LEFT(_xlpm.x,FIND(".",_xlpm.x & ".")-1))),""))))))} | D1: 0.001 | E1: 1.3808 | F1: =_xlfn.LET(_xlpm.raw,_xlfn.XLOOKUP(A1,SITE1!$C$4:$C$1034,SITE1!$E$4:$E$1034),_xlpm.cleanRaw,SUBSTITUTE(SUBSTITUTE(_xlpm.raw,"_PIN","."),"PIN","."),_xlpm.mainPart,MID(_xlpm.cleanRaw,2,FIND(".",_xlpm.cleanRaw & ".")-2),_xlpm.subPart,MID(_xlpm.cleanRaw,FIND(".",_xlpm.cleanRaw & ".")+1,99),_xlpm.result,RIGHT(_xlpm.mainPart,LEN(_xlpm.mainPart)-1)& TEXT(_xlpm.subPart,"000"),IF(OR(_xlpm.raw="",_xlpm.raw="-"),"",_xlpm.result)) | G1: =_xlfn.LET(_xlpm.raw,_xlfn.XLOOKUP(A1,SITE3!$C$4:$C$1034,SITE3!$E$4:$E$1034),_xlpm.cleanRaw,SUBSTITUTE(SUBSTITUTE(_xlpm.raw,"_PIN","."),"PIN","."),_xlpm.mainPart,MID(_xlpm.cleanRaw,2,FIND(".",_xlpm.cleanRaw & ".")-2),_xlpm.subPart,MID(_xlpm.cleanRaw,FIND(".",_xlpm.cleanRaw & ".")+1,99),_xlpm.result,RIGHT(_xlpm.mainPart,LEN(_xlpm.mainPart)-1)& TEXT(_xlpm.subPart,"000"),IF(OR(_xlpm.raw="",_xlpm.raw="-"),"",_xlpm.result)) | H1: ="" | I1: ="" | J1: =A1&";"&B1&";"&C1&";"&D1&";"&E1&";"&F1&";"&G1&";"&H1&";"&I1 -> A4;VSS;;0.000999999999999445;1.3808;;;;
A2: A5 | B2: =_xlfn.XLOOKUP(A2,SITE1!$V$4:$V$1034,SITE1!$U$4:$U$1034,"") -> VSS | C2: {=_xlfn.TEXTJOIN(",",TRUE,_xlfn.UNIQUE(TRANSPOSE(_xlfn.MAP(_xlfn.XLOOKUP(A2,SITE1!$C$4:$C$1034,SITE1!$F$4:$O$1034,""),_xlfn.LAMBDA(_xlpm.x,IF(_xlpm.x<>"",TRIM(CLEAN(LEFT(_xlpm.x,FIND(".",_xlpm.x & ".")-1))),""))))))} | D2: 0.001 | E2: 1.8813 | F2: =_xlfn.LET(_xlpm.raw,_xlfn.XLOOKUP(A2,SITE1!$C$4:$C$1034,SITE1!$E$4:$E$1034),_xlpm.cleanRaw,SUBSTITUTE(SUBSTITUTE(_xlpm.raw,"_PIN","."),"PIN","."),_xlpm.mainPart,MID(_xlpm.cleanRaw,2,FIND(".",_xlpm.cleanRaw & ".")-2),_xlpm.subPart,MID(_xlpm.cleanRaw,FIND(".",_xlpm.cleanRaw & ".")+1,99),_xlpm.result,RIGHT(_xlpm.mainPart,LEN(_xlpm.mainPart)-1)& TEXT(_xlpm.subPart,"000"),IF(OR(_xlpm.raw="",_xlpm.raw="-"),"",_xlpm.result)) | G2: =_xlfn.LET(_xlpm.raw,_xlfn.XLOOKUP(A2,SITE3!$C$4:$C$1034,SITE3!$E$4:$E$1034),_xlpm.cleanRaw,SUBSTITUTE(SUBSTITUTE(_xlpm.raw,"_PIN","."),"PIN","."),_xlpm.mainPart,MID(_xlpm.cleanRaw,2,FIND(".",_xlpm.cleanRaw & ".")-2),_xlpm.subPart,MID(_xlpm.cleanRaw,FIND(".",_xlpm.cleanRaw & ".")+1,99),_xlpm.result,RIGHT(_xlpm.mainPart,LEN(_xlpm.mainPart)-1)& TEXT(_xlpm.subPart,"000"),IF(OR(_xlpm.raw="",_xlpm.raw="-"),"",_xlpm.result)) | H2: ="" | I2: ="" | J2: =A2&";"&B2&";"&C2&";"&D2&";"&E2&";"&F2&";"&G2&";"&H2&";"&I2 -> A5;VSS;;0.000999999999999445;1.88129999999999;;;;
A3: A7 | B3: =_xlfn.XLOOKUP(A3,SITE1!$V$4:$V$1034,SITE1!$U$4:$U$1034,"") -> VSS | C3: {=_xlfn.TEXTJOIN(",",TRUE,_xlfn.UNIQUE(TRANSPOSE(_xlfn.MAP(_xlfn.XLOOKUP(A3,SITE1!$C$4:$C$1034,SITE1!$F$4:$O$1034,""),_xlfn.LAMBDA(_xlpm.x,IF(_xlpm.x<>"",TRIM(CLEAN(LEFT(_xlpm.x,FIND(".",_xlpm.x & ".")-1))),""))))))} | D3: 0.001 | E3: 2.9476 | F3: =_xlfn.LET(_xlpm.raw,_xlfn.XLOOKUP(A3,SITE1!$C$4:$C$1034,SITE1!$E$4:$E$1034),_xlpm.cleanRaw,SUBSTITUTE(SUBSTITUTE(_xlpm.raw,"_PIN","."),"PIN","."),_xlpm.mainPart,MID(_xlpm.cleanRaw,2,FIND(".",_xlpm.cleanRaw & ".")-2),_xlpm.subPart,MID(_xlpm.cleanRaw,FIND(".",_xlpm.cleanRaw & ".")+1,99),_xlpm.result,RIGHT(_xlpm.mainPart,LEN(_xlpm.mainPart)-1)& TEXT(_xlpm.subPart,"000"),IF(OR(_xlpm.raw="",_xlpm.raw="-"),"",_xlpm.result)) | G3: =_xlfn.LET(_xlpm.raw,_xlfn.XLOOKUP(A3,SITE3!$C$4:$C$1034,SITE3!$E$4:$E$1034),_xlpm.cleanRaw,SUBSTITUTE(SUBSTITUTE(_xlpm.raw,"_PIN","."),"PIN","."),_xlpm.mainPart,MID(_xlpm.cleanRaw,2,FIND(".",_xlpm.cleanRaw & ".")-2),_xlpm.subPart,MID(_xlpm.cleanRaw,FIND(".",_xlpm.cleanRaw & ".")+1,99),_xlpm.result,RIGHT(_xlpm.mainPart,LEN(_xlpm.mainPart)-1)& TEXT(_xlpm.subPart,"000"),IF(OR(_xlpm.raw="",_xlpm.raw="-"),"",_xlpm.result)) | H3: ="" | I3: ="" | J3: =A3&";"&B3&";"&C3&";"&D3&";"&E3&";"&F3&";"&G3&";"&H3&";"&I3 -> A7;VSS;;0.000999999999999445;2.94759999999999;;;;
A4: A12 | B4: =_xlfn.XLOOKUP(A4,SITE1!$V$4:$V$1034,SITE1!$U$4:$U$1034,"") -> VSS | C4: {=_xlfn.TEXTJOIN(",",TRUE,_xlfn.UNIQUE(TRANSPOSE(_xlfn.MAP(_xlfn.XLOOKUP(A4,SITE1!$C$4:$C$1034,SITE1!$F$4:$O$1034,""),_xlfn.LAMBDA(_xlpm.x,IF(_xlpm.x<>"",TRIM(CLEAN(LEFT(_xlpm.x,FIND(".",_xlpm.x & ".")-1))),""))))))} | D4: 0.001 | E4: 5.1701 | F4: =_xlfn.LET(_xlpm.raw,_xlfn.XLOOKUP(A4,SITE1!$C$4:$C$1034,SITE1!$E$4:$E$1034),_xlpm.cleanRaw,SUBSTITUTE(SUBSTITUTE(_xlpm.raw,"_PIN","."),"PIN","."),_xlpm.mainPart,MID(_xlpm.cleanRaw,2,FIND(".",_xlpm.cleanRaw & ".")-2),_xlpm.subPart,MID(_xlpm.cleanRaw,FIND(".",_xlpm.cleanRaw & ".")+1,99),_xlpm.result,RIGHT(_xlpm.mainPart,LEN(_xlpm.mainPart)-1)& TEXT(_xlpm.subPart,"000"),IF(OR(_xlpm.raw="",_xlpm.raw="-"),"",_xlpm.result)) | G4: =_xlfn.LET(_xlpm.raw,_xlfn.XLOOKUP(A4,SITE3!$C$4:$C$1034,SITE3!$E$4:$E$1034),_xlpm.cleanRaw,SUBSTITUTE(SUBSTITUTE(_xlpm.raw,"_PIN","."),"PIN","."),_xlpm.mainPart,MID(_xlpm.cleanRaw,2,FIND(".",_xlpm.cleanRaw & ".")-2),_xlpm.subPart,MID(_xlpm.cleanRaw,FIND(".",_xlpm.cleanRaw & ".")+1,99),_xlpm.result,RIGHT(_xlpm.mainPart,LEN(_xlpm.mainPart)-1)& TEXT(_xlpm.subPart,"000"),IF(OR(_xlpm.raw="",_xlpm.raw="-"),"",_xlpm.result)) | H4: ="" | I4: ="" | J4: =A4&";"&B4&";"&C4&";"&D4&";"&E4&";"&F4&";"&G4&";"&H4&";"&I4 -> A12;VSS;;0.000999999999999445;5.1701;;;;
A5: A17 | B5: =_xlfn.XLOOKUP(A5,SITE1!$V$4:$V$1034,SITE1!$U$4:$U$1034,"") -> USB31_1_TXN | C5: {=_xlfn.TEXTJOIN(",",TRUE,_xlfn.UNIQUE(TRANSPOSE(_xlfn.MAP(_xlfn.XLOOKUP(A5,SITE1!$C$4:$C$1034,SITE1!$F$4:$O$1034,""),_xlfn.LAMBDA(_xlpm.x,IF(_xlpm.x<>"",TRIM(CLEAN(LEFT(_xlpm.x,FIND(".",_xlpm.x & ".")-1))),""))))))} -> CA202,LA203 | D5: 0 | E5: 7.7309 | F5: =_xlfn.LET(_xlpm.raw,_xlfn.XLOOKUP(A5,SITE1!$C$4:$C$1034,SITE1!$E$4:$E$1034),_xlpm.cleanRaw,SUBSTITUTE(SUBSTITUTE(_xlpm.raw,"_PIN","."),"PIN","."),_xlpm.mainPart,MID(_xlpm.cleanRaw,2,FIND(".",_xlpm.cleanRaw & ".")-2),_xlpm.subPart,MID(_xlpm.cleanRaw,FIND(".",_xlpm.cleanRaw & ".")+1,99),_xlpm.result,RIGHT(_xlpm.mainPart,LEN(_xlpm.mainPart)-1)& TEXT(_xlpm.subPart,"000"),IF(OR(_xlpm.raw="",_xlpm.raw="-"),"",_xlpm.result)) -> 606090 | G5: =_xlfn.LET(_xlpm.raw,_xlfn.XLOOKUP(A5,SITE3!$C$4:$C$1034,SITE3!$E$4:$E$1034),_xlpm.cleanRaw,SUBSTITUTE(SUBSTITUTE(_xlpm.raw,"_PIN","."),"PIN","."),_xlpm.mainPart,MID(_xlpm.cleanRaw,2,FIND(".",_xlpm.cleanRaw & ".")-2),_xlpm.subPart,MID(_xlpm.cleanRaw,FIND(".",_xlpm.cleanRaw & ".")+1,99),_xlpm.result,RIGHT(_xlpm.mainPart,LEN(_xlpm.mainPart)-1)& TEXT(_xlpm.subPart,"000"),IF(OR(_xlpm.raw="",_xlpm.raw="-"),"",_xlpm.result)) -> 806090 | H5: ="" | I5: ="" | J5: =A5&";"&B5&";"&C5&";"&D5&";"&E5&";"&F5&";"&G5&";"&H5&";"&I5 -> A17;USB31_1_TXN;CA202,LA203;0;7.7309;606090;806090;;
A6: A18 | B6: =_xlfn.XLOOKUP(A6,SITE1!$V$4:$V$1034,SITE1!$U$4:$U$1034,"") -> USB31_1_TXP | C6: {=_xlfn.TEXTJOIN(",",TRUE,_xlfn.UNIQUE(TRANSPOSE(_xlfn.MAP(_xlfn.XLOOKUP(A6,SITE1!$C$4:$C$1034,SITE1!$F$4:$O$1034,""),_xlfn.LAMBDA(_xlpm.x,IF(_xlpm.x<>"",TRIM(CLEAN(LEFT(_xlpm.x,FIND(".",_xlpm.x & ".")-1))),""))))))} -> CA201,LA201 | D6: 0 | E6: 8.2313 | F6: =_xlfn.LET(_xlpm.raw,_xlfn.XLOOKUP(A6,SITE1!$C$4:$C$1034,SITE1!$E$4:$E$1034),_xlpm.cleanRaw,SUBSTITUTE(SUBSTITUTE(_xlpm.raw,"_PIN","."),"PIN","."),_xlpm.mainPart,MID(_xlpm.cleanRaw,2,FIND(".",_xlpm.cleanRaw & ".")-2),_xlpm.subPart,MID(_xlpm.cleanRaw,FIND(".",_xlpm.cleanRaw & ".")+1,99),_xlpm.result,RIGHT(_xlpm.mainPart,LEN(_xlpm.mainPart)-1)& TEXT(_xlpm.subPart,"000"),IF(OR(_xlpm.raw="",_xlpm.raw="-"),"",_xlpm.result)) -> 606092 | G6: =_xlfn.LET(_xlpm.raw,_xlfn.XLOOKUP(A6,SITE3!$C$4:$C$1034,SITE3!$E$4:$E$1034),_xlpm.cleanRaw,SUBSTITUTE(SUBSTITUTE(_xlpm.raw,"_PIN","."),"PIN","."),_xlpm.mainPart,MID(_xlpm.cleanRaw,2,FIND(".",_xlpm.cleanRaw & ".")-2),_xlpm.subPart,MID(_xlpm.cleanRaw,FIND(".",_xlpm.cleanRaw & ".")+1,99),_xlpm.result,RIGHT(_xlpm.mainPart,LEN(_xlpm.mainPart)-1)& TEXT(_xlpm.subPart,"000"),IF(OR(_xlpm.raw="",_xlpm.raw="-"),"",_xlpm.result)) -> 806092 | H6: ="" | I6: ="" | J6: =A6&";"&B6&";"&C6&";"&D6&";"&E6&";"&F6&";"&G6&";"&H6&";"&I6 -> A18;USB31_1_TXP;CA201,LA201;0;8.2313;606092;806092;;
A7: A20 | B7: =_xlfn.XLOOKUP(A7,SITE1!$V$4:$V$1034,SITE1!$U$4:$U$1034,"") -> USB31_3_TXP | C7: {=_xlfn.TEXTJOIN(",",TRUE,_xlfn.UNIQUE(TRANSPOSE(_xlfn.MAP(_xlfn.XLOOKUP(A7,SITE1!$C$4:$C$1034,SITE1!$F$4:$O$1034,""),_xlfn.LAMBDA(_xlpm.x,IF(_xlpm.x<>"",TRIM(CLEAN(LEFT(_xlpm.x,FIND(".",_xlpm.x & ".")-1))),""))))))} -> CA205,LA209 | D7: 0 | E7: 9.0954 | F7: =_xlfn.LET(_xlpm.raw,_xlfn.XLOOKUP(A7,SITE1!$C$4:$C$1034,SITE1!$E$4:$E$1034),_xlpm.cleanRaw,SUBSTITUTE(SUBSTITUTE(_xlpm.raw,"_PIN","."),"PIN","."),_xlpm.mainPart,MID(_xlpm.cleanRaw,2,FIND(".",_xlpm.cleanRaw & ".")-2),_xlpm.subPart,MID(_xlpm.cleanRaw,FIND(".",_xlpm.cleanRaw & ".")+1,99),_xlpm.result,RIGHT(_xlpm.mainPart,LEN(_xlpm.mainPart)-1)& TEXT(_xlpm.subPart,"000"),IF(OR(_xlpm.raw="",_xlpm.raw="-"),"",_xlpm.result)) -> 606125 | G7: =_xlfn.LET(_xlpm.raw,_xlfn.XLOOKUP(A7,SITE3!$C$4:$C$1034,SITE3!$E$4:$E$1034),_xlpm.cleanRaw,SUBSTITUTE(SUBSTITUTE(_xlpm.raw,"_PIN","."),"PIN","."),_xlpm.mainPart,MID(_xlpm.cleanRaw,2,FIND(".",_xlpm.cleanRaw & ".")-2),_xlpm.subPart,MID(_xlpm.cleanRaw,FIND(".",_xlpm.cleanRaw & ".")+1,99),_xlpm.result,RIGHT(_xlpm.mainPart,LEN(_xlpm.mainPart)-1)& TEXT(_xlpm.subPart,"000"),IF(OR(_xlpm.raw="",_xlpm.raw="-"),"",_xlpm.result)) -> 806125 | H7: ="" | I7: ="" | J7: =A7&";"&B7&";"&C7&";"&D7&";"&E7&";"&F7&";"&G7&";"&H7&";"&I7 -> A20;USB31_3_TXP;CA205,LA209;0;9.0954;606125;806125;;
A8: A21 | B8: =_xlfn.XLOOKUP(A8,SITE1!$V$4:$V$1034,SITE1!$U$4:$U$1034,"") -> USB31_3_TXN | C8: {=_xlfn.TEXTJOIN(",",TRUE,_xlfn.UNIQUE(TRANSPOSE(_xlfn.MAP(_xlfn.XLOOKUP(A8,SITE1!$C$4:$C$1034,SITE1!$F$4:$O$1034,""),_xlfn.LAMBDA(_xlpm.x,IF(_xlpm.x<>"",TRIM(CLEAN(LEFT(_xlpm.x,FIND(".",_xlpm.x & ".")-1))),""))))))} -> CA206,LA211 | D8: 0 | E8: 9.5958 | F8: =_xlfn.LET(_xlpm.raw,_xlfn.XLOOKUP(A8,SITE1!$C$4:$C$1034,SITE1!$E$4:$E$1034),_xlpm.cleanRaw,SUBSTITUTE(SUBSTITUTE(_xlpm.raw,"_PIN","."),"PIN","."),_xlpm.mainPart,MID(_xlpm.cleanRaw,2,FIND(".",_xlpm.cleanRaw & ".")-2),_xlpm.subPart,MID(_xlpm.cleanRaw,FIND(".",_xlpm.cleanRaw & ".")+1,99),_xlpm.result,RIGHT(_xlpm.mainPart,LEN(_xlpm.mainPart)-1)& TEXT(_xlpm.subPart,"000"),IF(OR(_xlpm.raw="",_xlpm.raw="-"),"",_xlpm.result)) -> 606123 | G8: =_xlfn.LET(_xlpm.raw,_xlfn.XLOOKUP(A8,SITE3!$C$4:$C$1034,SITE3!$E$4:$E$1034),_xlpm.cleanRaw,SUBSTITUTE(SUBSTITUTE(_xlpm.raw,"_PIN","."),"PIN","."),_xlpm.mainPart,MID(_xlpm.cleanRaw,2,FIND(".",_xlpm.cleanRaw & ".")-2),_xlpm.subPart,MID(_xlpm.cleanRaw,FIND(".",_xlpm.cleanRaw & ".")+1,99),_xlpm.result,RIGHT(_xlpm.mainPart,LEN(_xlpm.mainPart)-1)& TEXT(_xlpm.subPart,"000"),IF(OR(_xlpm.raw="",_xlpm.raw="-"),"",_xlpm.result)) -> 806123 | H8: ="" | I8: ="" | J8: =A8&";"&B8&";"&C8&";"&D8&";"&E8&";"&F8&";"&G8&";"&H8&";"&I8 -> A21;USB31_3_TXN;CA206,LA211;0;9.5958;606123;806123;;
A9: A23 | B9: =_xlfn.XLOOKUP(A9,SITE1!$V$4:$V$1034,SITE1!$U$4:$U$1034,"") -> USB31_5_TXP | C9: {=_xlfn.TEXTJOIN(",",TRUE,_xlfn.UNIQUE(TRANSPOSE(_xlfn.MAP(_xlfn.XLOOKUP(A9,SITE1!$C$4:$C$1034,SITE1!$F$4:$O$1034,""),_xlfn.LAMBDA(_xlpm.x,IF(_xlpm.x<>"",TRIM(CLEAN(LEFT(_xlpm.x,FIND(".",_xlpm.x & ".")-1))),""))))))} -> CA209,LA217 | D9: 0 | E9: 10.4599 | F9: =_xlfn.LET(_xlpm.raw,_xlfn.XLOOKUP(A9,SITE1!$C$4:$C$1034,SITE1!$E$4:$E$1034),_xlpm.cleanRaw,SUBSTITUTE(SUBSTITUTE(_xlpm.raw,"_PIN","."),"PIN","."),_xlpm.mainPart,MID(_xlpm.cleanRaw,2,FIND(".",_xlpm.cleanRaw & ".")-2),_xlpm.subPart,MID(_xlpm.cleanRaw,FIND(".",_xlpm.cleanRaw & ".")+1,99),_xlpm.result,RIGHT(_xlpm.mainPart,LEN(_xlpm.mainPart)-1)& TEXT(_xlpm.subPart,"000"),IF(OR(_xlpm.raw="",_xlpm.raw="-"),"",_xlpm.result)) -> 705072 | G9: =_xlfn.LET(_xlpm.raw,_xlfn.XLOOKUP(A9,SITE3!$C$4:$C$1034,SITE3!$E$4:$E$1034),_xlpm.cleanRaw,SUBSTITUTE(SUBSTITUTE(_xlpm.raw,"_PIN","."),"PIN","."),_xlpm.mainPart,MID(_xlpm.cleanRaw,2,FIND(".",_xlpm.cleanRaw & ".")-2),_xlpm.subPart,MID(_xlpm.cleanRaw,FIND(".",_xlpm.cleanRaw & ".")+1,99),_xlpm.result,RIGHT(_xlpm.mainPart,LEN(_xlpm.mainPart)-1)& TEXT(_xlpm.subPart,"000"),IF(OR(_xlpm.raw="",_xlpm.raw="-"),"",_xlpm.result)) -> 505072 | H9: ="" | I9: ="" | J9: =A9&";"&B9&";"&C9&";"&D9&";"&E9&";"&F9&";"&G9&";"&H9&";"&I9 -> A23;USB31_5_TXP;CA209,LA217;0;10.4599;705072;505072;;
A10: A24 | B10: =_xlfn.XLOOKUP(A10,SITE1!$V$4:$V$1034,SITE1!$U$4:$U$1034,"") -> USB31_5_TXN | C10: {=_xlfn.TEXTJOIN(",",TRUE,_xlfn.UNIQUE(TRANSPOSE(_xlfn.MAP(_xlfn.XLOOKUP(A10,SITE1!$C$4:$C$1034,SITE1!$F$4:$O$1034,""),_xlfn.LAMBDA(_xlpm.x,IF(_xlpm.x<>"",TRIM(CLEAN(LEFT(_xlpm.x,FIND(".",_xlpm.x & ".")-1))),""))))))} -> CA210,LA219 | D10: 0 | E10: 10.9603 | F10: =_xlfn.LET(_xlpm.raw,_xlfn.XLOOKUP(A10,SITE1!$C$4:$C$1034,SITE1!$E$4:$E$1034),_xlpm.cleanRaw,SUBSTITUTE(SUBSTITUTE(_xlpm.raw,"_PIN","."),"PIN","."),_xlpm.mainPart,MID(_xlpm.cleanRaw,2,FIND(".",_xlpm.cleanRaw & ".")-2),_xlpm.subPart,MID(_xlpm.cleanRaw,FIND(".",_xlpm.cleanRaw & ".")+1,99),_xlpm.result,RIGHT(_xlpm.mainPart,LEN(_xlpm.mainPart)-1)& TEXT(_xlpm.subPart,"000"),IF(OR(_xlpm.raw="",_xlpm.raw="-"),"",_xlpm.result)) -> 705070 | G10: =_xlfn.LET(_xlpm.raw,_xlfn.XLOOKUP(A10,SITE3!$C$4:$C$1034,SITE3!$E$4:$E$1034),_xlpm.cleanRaw,SUBSTITUTE(SUBSTITUTE(_xlpm.raw,"_PIN","."),"PIN","."),_xlpm.mainPart,MID(_xlpm.cleanRaw,2,FIND(".",_xlpm.cleanRaw & ".")-2),_xlpm.subPart,MID(_xlpm.cleanRaw,FIND(".",_xlpm.cleanRaw & ".")+1,99),_xlpm.result,RIGHT(_xlpm.mainPart,LEN(_xlpm.mainPart)-1)& TEXT(_xlpm.subPart,"000"),IF(OR(_xlpm.raw="",_xlpm.raw="-"),"",_xlpm.result)) -> 505070 | H10: ="" | I10: ="" | J10: =A10&";"&B10&";"&C10&";"&D10&";"&E10&";"&F10&";"&G10&";"&H10&";"&I10 -> A24;USB31_5_TXN;CA210,LA219;0;10.9603;705070;505070;;
A11: A26 | B11: =_xlfn.XLOOKUP(A11,SITE1!$V$4:$V$1034,SITE1!$U$4:$U$1034,"") -> USB31_7_TXP | C11: {=_xlfn.TEXTJOIN(",",TRUE,_xlfn.UNIQUE(TRANSPOSE(_xlfn.MAP(_xlfn.XLOOKUP(A11,SITE1!$C$4:$C$1034,SITE1!$F$4:$O$1034,""),_xlfn.LAMBDA(_xlpm.x,IF(_xlpm.x<>"",TRIM(CLEAN(LEFT(_xlpm.x,FIND(".",_xlpm.x & ".")-1))),""))))))} -> CA213,LA225 | D11: 0 | E11: 11.8244 | F11: =_xlfn.LET(_xlpm.raw,_xlfn.XLOOKUP(A11,SITE1!$C$4:$C$1034,SITE1!$E$4:$E$1034),_xlpm.cleanRaw,SUBSTITUTE(SUBSTITUTE(_xlpm.raw,"_PIN","."),"PIN","."),_xlpm.mainPart,MID(_xlpm.cleanRaw,2,FIND(".",_xlpm.cleanRaw & ".")-2),_xlpm.subPart,MID(_xlpm.cleanRaw,FIND(".",_xlpm.cleanRaw & ".")+1,99),_xlpm.result,RIGHT(_xlpm.mainPart,LEN(_xlpm.mainPart)-1)& TEXT(_xlpm.subPart,"000"),IF(OR(_xlpm.raw="",_xlpm.raw="-"),"",_xlpm.result)) -> 706034 | G11: =_xlfn.LET(_xlpm.raw,_xlfn.XLOOKUP(A11,SITE3!$C$4:$C$1034,SITE3!$E$4:$E$1034),_xlpm.cleanRaw,SUBSTITUTE(SUBSTITUTE(_xlpm.raw,"_PIN","."),"PIN","."),_xlpm.mainPart,MID(_xlpm.cleanRaw,2,FIND(".",_xlpm.cleanRaw & ".")-2),_xlpm.subPart,MID(_xlpm.cleanRaw,FIND(".",_xlpm.cleanRaw & ".")+1,99),_xlpm.result,RIGHT(_xlpm.mainPart,LEN(_xlpm.mainPart)-1)& TEXT(_xlpm.subPart,"000"),IF(OR(_xlpm.raw="",_xlpm.raw="-"),"",_xlpm.result)) -> 506034 | H11: ="" | I11: ="" | J11: =A11&";"&B11&";"&C11&";"&D11&";"&E11&";"&F11&";"&G11&";"&H11&";"&I11 -> A26;USB31_7_TXP;CA213,LA225;0;11.8244;706034;506034;;
A12: A27 | B12: =_xlfn.XLOOKUP(A12,SITE1!$V$4:$V$1034,SITE1!$U$4:$U$1034,"") -> USB31_7_TXN | C12: {=_xlfn.TEXTJOIN(",",TRUE,_xlfn.UNIQUE(TRANSPOSE(_xlfn.MAP(_xlfn.XLOOKUP(A12,SITE1!$C$4:$C$1034,SITE1!$F$4:$O$1034,""),_xlfn.LAMBDA(_xlpm.x,IF(_xlpm.x<>"",TRIM(CLEAN(LEFT(_xlpm.x,FIND(".",_xlpm.x & ".")-1))),""))))))} -> CA214,LA227 | D12: 0 | E12: 12.3248 | F12: =_xlfn.LET(_xlpm.raw,_xlfn.XLOOKUP(A12,SITE1!$C$4:$C$1034,SITE1!$E$4:$E$1034),_xlpm.cleanRaw,SUBSTITUTE(SUBSTITUTE(_xlpm.raw,"_PIN","."),"PIN","."),_xlpm.mainPart,MID(_xlpm.cleanRaw,2,FIND(".",_xlpm.cleanRaw & ".")-2),_xlpm.subPart,MID(_xlpm.cleanRaw,FIND(".",_xlpm.cleanRaw & ".")+1,99),_xlpm.result,RIGHT(_xlpm.mainPart,LEN(_xlpm.mainPart)-1)& TEXT(_xlpm.subPart,"000"),IF(OR(_xlpm.raw="",_xlpm.raw="-"),"",_xlpm.result)) -> 706036 | G12: =_xlfn.LET(_xlpm.raw,_xlfn.XLOOKUP(A12,SITE3!$C$4:$C$1034,SITE3!$E$4:$E$1034),_xlpm.cleanRaw,SUBSTITUTE(SUBSTITUTE(_xlpm.raw,"_PIN","."),"PIN","."),_xlpm.mainPart,MID(_xlpm.cleanRaw,2,FIND(".",_xlpm.cleanRaw & ".")-2),_xlpm.subPart,MID(_xlpm.cleanRaw,FIND(".",_xlpm.cleanRaw & ".")+1,99),_xlpm.result,RIGHT(_xlpm.mainPart,LEN(_xlpm.mainPart)-1)& TEXT(_xlpm.subPart,"000"),IF(OR(_xlpm.raw="",_xlpm.raw="-"),"",_xlpm.result)) -> 506036 | H12: ="" | I12: ="" | J12: =A12&";"&B12&";"&C12&";"&D12&";"&E12&";"&F12&";"&G12&";"&H12&";"&I12 -> A27;USB31_7_TXN;CA214,LA227;0;12.3248;706036;506036;;
... A1025: BJ54 | B1025: =_xlfn.XLOOKUP(A1025,SITE1!$V$4:$V$1034,SITE1!$U$4:$U$1034,"") -> VCCPRTC_3P3 | C1025: {=_xlfn.TEXTJOIN(",",TRUE,_xlfn.UNIQUE(TRANSPOSE(_xlfn.MAP(_xlfn.XLOOKUP(A1025,SITE1!$C$4:$C$1034,SITE1!$F$4:$O$1034,""),_xlfn.LAMBDA(_xlpm.x,IF(_xlpm.x<>"",TRIM(CLEAN(LEFT(_xlpm.x,FIND(".",_xlpm.x & ".")-1))),""))))))} -> JA4,TPA611 | D1025: 22.379 | E1025: 25.4974 | F1025: =_xlfn.LET(_xlpm.raw,_xlfn.XLOOKUP(A1025,SITE1!$C$4:$C$1034,SITE1!$E$4:$E$1034),_xlpm.cleanRaw,SUBSTITUTE(SUBSTITUTE(_xlpm.raw,"_PIN","."),"PIN","."),_xlpm.mainPart,MID(_xlpm.cleanRaw,2,FIND(".",_xlpm.cleanRaw & ".")-2),_xlpm.subPart,MID(_xlpm.cleanRaw,FIND(".",_xlpm.cleanRaw & ".")+1,99),_xlpm.result,RIGHT(_xlpm.mainPart,LEN(_xlpm.mainPart)-1)& TEXT(_xlpm.subPart,"000"),IF(OR(_xlpm.raw="",_xlpm.raw="-"),"",_xlpm.result)) -> 706038 | G1025: =_xlfn.LET(_xlpm.raw,_xlfn.XLOOKUP(A1025,SITE3!$C$4:$C$1034,SITE3!$E$4:$E$1034),_xlpm.cleanRaw,SUBSTITUTE(SUBSTITUTE(_xlpm.raw,"_PIN","."),"PIN","."),_xlpm.mainPart,MID(_xlpm.cleanRaw,2,FIND(".",_xlpm.cleanRaw & ".")-2),_xlpm.subPart,MID(_xlpm.cleanRaw,FIND(".",_xlpm.cleanRaw & ".")+1,99),_xlpm.result,RIGHT(_xlpm.mainPart,LEN(_xlpm.mainPart)-1)& TEXT(_xlpm.subPart,"000"),IF(OR(_xlpm.raw="",_xlpm.raw="-"),"",_xlpm.result)) -> 506038 | H1025: ="" | I1025: ="" | J1025: =A1025&";"&B1025&";"&C1025&";"&D1025&";"&E1025&";"&F1025&";"&G1025&";"&H1025&";"&I1025 -> BJ54;VCCPRTC_3P3;JA4,TPA611;22.3789999999999;25.4974;706038;506038;;

Sheet SITE1
B1: ITTO-620-0190 Meteor Lake PCH X4 | C1: SITE1 | M1: 44637
B3: Function | C3: Land# | D3: Channel/Tester No | F3: Components | P3: Minor Length | Q3: Major Length | R3: Total Length | S3: Trace Layer | U3: Pin Name | V3: Pin Location | W3: X-Coord | X3: Y-Coord | Y3: Power, GND or IO (Pin Type) | Z3: Top/Bottom Pin | AA3: Interface | AB3: Channel link (CMT DM250 and DM800 only) | AC3: Channel count | AD3: Time Domain | AE3: Min Trace Length (mils) | AF3: Max Trace Length (mils) | AG3: Diff pair number | AH3: Diff phase tolerance (+/- mils) | AI3: Differential impedance (Ohm) | AJ3: Match Group | AK3: Match Group tolerance (+/- mils) | AL3: Share channel (match required) | AM3: Loop back | AN3: RCOMP Groups | AO3: Test point needed | AP3: Signal Speed (MHz) Pins | AQ3: PCB Routing Instruction
A4: 1 | B4: D1_TC_M04_DP01_TD02__CLKOUT_SRC_N_0 | C4: R10 | D4: J1609.DS6 | E4: J1609PIN102 | Q4: 222.806 | R4: =IF(AND(P4="",Q4=""),"",SUM(P4:Q4)) -> 222.806 | S4: L30_HSIO6 | T4: 1 | U4: CLKOUT_SRC_N_0 | V4: R10 | W4: 8983.5 | X4: -4897.1 | Y4: IO | Z4: Bottom | AA4: DM800 | AC4: 1 | AD4: TD02 | AG4: DP01 | AH4: 5 | AI4: 100 | AJ4: M04 | AK4: 5 | AQ4: Differential. Site-to-Site match.
A5: 2 | B5: D1_TC_M04_DP02_TD02__CLKOUT_SRC_N_1 | C5: G3 | D5: J1609.AS3 | E5: J1609PIN114 | Q5: 222.8516 | R5: =IF(AND(P5="",Q5=""),"",SUM(P5:Q5)) -> 222.8516 | S5: L9_INT1 | T5: 2 | U5: CLKOUT_SRC_N_1 | V5: G3 | W5: 12413 | X5: -8492.5 | Y5: IO | Z5: Bottom | AA5: DM800 | AC5: 1 | AD5: TD02 | AG5: DP02 | AH5: 5 | AI5: 100 | AJ5: M04 | AK5: 5 | AQ5: Differential. Site-to-Site match.
A6: 3 | B6: D1_TC_M04_DP03_TD02__CLKOUT_SRC_N_10 | C6: H5 | D6: J1609.CS1 | E6: J1609PIN109 | Q6: 222.7985 | R6: =IF(AND(P6="",Q6=""),"",SUM(P6:Q6)) -> 222.7985 | S6: L11_INT2 | T6: 3 | U6: CLKOUT_SRC_N_10 | V6: H5 | W6: 11455.4 | X6: -8192.8 | Y6: IO | Z6: Bottom | AA6: DM800 | AC6: 1 | AD6: TD02 | AG6: DP03 | AH6: 5 | AI6: 100 | AJ6: M04 | AK6: 5 | AQ6: Differential. Site-to-Site match.
A7: 4 | B7: D1_TC_M04_DP04_TD02__CLKOUT_SRC_N_11 | C7: K6 | D7: J1608.CS2 | E7: J1608PIN063 | Q7: 222.8093 | R7: =IF(AND(P7="",Q7=""),"",SUM(P7:Q7)) -> 222.8093 | S7: L13_INT3 | T7: 4 | U7: CLKOUT_SRC_N_11 | V7: K6 | W7: 10945.9 | X7: -7035.5 | Y7: IO | Z7: Bottom | AA7: DM800 | AC7: 1 | AD7: TD02 | AG7: DP04 | AH7: 5 | AI7: 100 | AJ7: M04 | AK7: 5 | AQ7: Differential. Site-to-Site match.
A8: 5 | B8: D1_TC_M04_DP05_TD02__CLKOUT_SRC_N_12 | C8: N6 | D8: J1607.AS5 | E8: J1607PIN030 | Q8: 222.809 | R8: =IF(AND(P8="",Q8=""),"",SUM(P8:Q8)) -> 222.809 | S8: L11_INT2 | T8: 5 | U8: CLKOUT_SRC_N_12 | V8: N6 | W8: 10945.9 | X8: -5854.3 | Y8: IO | Z8: Bottom | AA8: DM800 | AC8: 1 | AD8: TD02 | AG8: DP05 | AH8: 5 | AI8: 100 | AJ8: M04 | AK8: 5 | AQ8: Differential. Site-to-Site match.
A9: 6 | B9: D1_TC_M04_DP06_TD02__CLKOUT_SRC_N_13 | C9: V10 | D9: J1609.BS2 | E9: J1609PIN111 | Q9: 222.813 | R9: =IF(AND(P9="",Q9=""),"",SUM(P9:Q9)) -> 222.813 | S9: L30_HSIO6 | T9: 6 | U9: CLKOUT_SRC_N_13 | V9: V10 | W9: 8983.5 | X9: -3258.8 | Y9: IO | Z9: Bottom | AA9: DM800 | AC9: 1 | AD9: TD02 | AG9: DP06 | AH9: 5 | AI9: 100 | AJ9: M04 | AK9: 5 | AQ9: Differential. Site-to-Site match.
A10: 7 | B10: D1_TC_M04_DP07_TD02__CLKOUT_SRC_N_2 | C10: J2 | D10: J1608.DS3 | E10: J1608PIN062 | Q10: 222.7924 | R10: =IF(AND(P10="",Q10=""),"",SUM(P10:Q10)) -> 222.7924 | S10: L9_INT1 | T10: 7 | U10: CLKOUT_SRC_N_2 | V10: J2 | W10: 12786.5 | X10: -7784.1 | Y10: IO | Z10: Bottom | AA10: DM800 | AC10: 1 | AD10: TD02 | AG10: DP07 | AH10: 5 | AI10: 100 | AJ10: M04 | AK10: 5 | AQ10: Differential. Site-to-Site match.
A11: 8 | B11: D1_TC_M04_DP08_TD02__CLKOUT_SRC_N_3 | C11: K2 | D11: J1607.DS2 | E11: J1607PIN020 | Q11: 222.7906 | R11: =IF(AND(P11="",Q11=""),"",SUM(P11:Q11)) -> 222.7906 | S11: L11_INT2 | T11: 8 | U11: CLKOUT_SRC_N_3 | V11: K2 | W11: 12702.5 | X11: -7123.4 | Y11: IO | Z11: Bottom | AA11: DM800 | AC11: 1 | AD11: TD02 | AG11: DP08 | AH11: 5 | AI11: 100 | AJ11: M04 | AK11: 5 | AQ11: Differential. Site-to-Site match.
A12: 9 | B12: D1_TC_M04_DP09_TD02__CLKOUT_SRC_N_4 | C12: M3 | D12: J1608.CS4 | E12: J1608PIN059 | Q12: 222.8692 | R12: =IF(AND(P12="",Q12=""),"",SUM(P12:Q12)) -> 222.8692 | S12: L9_INT1 | T12: 9 | U12: CLKOUT_SRC_N_4 | V12: M3 | W12: 12413 | X12: -6295.4 | Y12: IO | Z12: Bottom | AA12: DM800 | AC12: 1 | AD12: TD02 | AG12: DP09 | AH12: 5 | AI12: 100 | AJ12: M04 | AK12: 5 | AQ12: Differential. Site-to-Site match.
A13: 10 | B13: D1_TC_M04_DP10_TD02__CLKOUT_SRC_N_5 | C13: M4 | D13: J1607.DS7 | E13: J1607PIN012 | Q13: 222.8261 | R13: =IF(AND(P13="",Q13=""),"",SUM(P13:Q13)) -> 222.8261 | S13: L13_INT3 | T13: 10 | U13: CLKOUT_SRC_N_5 | V13: M4 | W13: 11912.6 | X13: -6214.1 | Y13: IO | Z13: Bottom | AA13: DM800 | AC13: 1 | AD13: TD02 | AG13: DP10 | AH13: 5 | AI13: 100 | AJ13: M04 | AK13: 5 | AQ13: Differential. Site-to-Site match.
A14: 11 | B14: D1_TC_M04_DP11_TD02__CLKOUT_SRC_N_6 | C14: N3 | D14: J1608.AS3 | E14: J1608PIN070 | Q14: 222.7855 | R14: =IF(AND(P14="",Q14=""),"",SUM(P14:Q14)) -> 222.7855 | S14: L9_INT1 | T14: 11 | U14: CLKOUT_SRC_N_6 | V14: N3 | W14: 12285.7 | X14: -5587 | Y14: IO | Z14: Bottom | AA14: DM800 | AC14: 1 | AD14: TD02 | AG14: DP11 | AH14: 5 | AI14: 100 | AJ14: M04 | AK14: 5 | AQ14: Differential. Site-to-Site match.
A15: 12 | B15: D1_TC_M04_DP12_TD02__CLKOUT_SRC_N_7 | C15: R2 | D15: J1607.CS4 | E15: J1607PIN015 | Q15: 222.8106 | R15: =IF(AND(P15="",Q15=""),"",SUM(P15:Q15)) -> 222.8106 | S15: L11_INT2 | T15: 12 | U15: CLKOUT_SRC_N_7 | V15: R2 | W15: 12702.5 | X15: -4926.3 | Y15: IO | Z15: Bottom | AA15: DM800 | AC15: 1 | AD15: TD02 | AG15: DP12 | AH15: 5 | AI15: 100 | AJ15: M04 | AK15: 5 | AQ15: Differential. Site-to-Site match.
... A33: 30 | B33: D1_TC_M02_DP15_TD02__CLKOUT_XTAL_P | C33: B6 | D33: J1609.DS1 | E33: J1609PIN110 | Q33: 187.7643 | R33: =IF(AND(P33="",Q33=""),"",SUM(P33:Q33)) -> 187.7643 | S33: L9_INT1 | T33: 30 | U33: CLKOUT_XTAL_P | V33: B6 | W33: 11181.6 | X33: -10770.7 | Y33: IO | Z33: Bottom | AA33: DM800 | AC33: 1 | AD33: TD02 | AG33: DP15 | AH33: 5 | AI33: 100 | AJ33: M02 | AK33: 5 | AQ33: Differential. Site-to-Site match.
A34: 31 | B34: D1_TC_M10_DP16_L88_TD01__CNV_WR_CLKN | C34: BB15 | D34: J1602.BS5 | E34: J1602PIN073 | F34: UA121.8 | G34: UA121.18 | P34: 275.3538 | Q34: 29.741 | R34: =IF(AND(P34="",Q34=""),"",SUM(P34:Q34)) -> 305.0948 | S34: L30_HSIO6/L26_HSIO4 | T34: 31 | U34: CNV_WR_CLKN | V34: BB15 | W34: 6454.6 | X34: 8048.1 | Y34: IO | Z34: Bottom | AA34: DM800 | AC34: 1 | AD34: TD01 | AG34: DP16 | AH34: 5 | AI34: 100 | AJ34: M10 | AK34: 20 | AM34: L88 | AP34: 2.56 Gbs | AQ34: Refer to "HSIO" Tab
A35: 32 | B35: D1_TC_M10_DP16_L87_TD01__CNV_WR_CLKP | C35: BC15 | D35: J1602.BS4 | E35: J1602PIN071 | F35: UA121.2 | G35: UA121.24 | P35: 275.3518 | Q35: 29.7481 | R35: =IF(AND(P35="",Q35=""),"",SUM(P35:Q35)) -> 305.0999 | S35: L30_HSIO6/L26_HSIO4 | T35: 32 | U35: CNV_WR_CLKP | V35: BC15 | W35: 6821 | X35: 8695.8 | Y35: IO | Z35: Bottom | AA35: DM800 | AC35: 1 | AD35: TD01 | AG35: DP16 | AH35: 5 | AI35: 100 | AJ35: M10 | AK35: 20 | AM35: L87 | AP35: 2.56 Gbs | AQ35: Refer to "HSIO" Tab
A36: 33 | B36: D1_TC_M10_DP17_L90_TD01__CNV_WR_D0N | C36: AV16 | D36: J1601.BS4 | E36: J1601PIN027 | F36: UA122.8 | G36: UA122.18 | P36: 275.3158 | Q36: 29.8219 | R36: =IF(AND(P36="",Q36=""),"",SUM(P36:Q36)) -> 305.1377 | S36: L30_HSIO6/L26_HSIO4 | T36: 33 | U36: CNV_WR_D0N | V36: AV16 | W36: 5965.9 | X36: 6421.8 | Y36: IO | Z36: Bottom | AA36: DM800 | AC36: 1 | AD36: TD01 | AG36: DP17 | AH36: 5 | AI36: 100 | AJ36: M10 | AK36: 20 | AM36: L90 | AP36: Dphy 2.5G (DC CoupleD - Relays and Relay switches will be added. | AQ36: Refer to "HSIO" Tab
A37: 34 | B37: D1_TC_M10_DP17_L89_TD01__CNV_WR_D0P | C37: BA16 | D37: J1601.BS5 | E37: J1601PIN029 | F37: UA122.2 | G37: UA122.24 | P37: 275.3143 | Q37: 29.8299 | R37: =IF(AND(P37="",Q37=""),"",SUM(P37:Q37)) -> 305.1442 | S37: L30_HSIO6/L26_HSIO4 | T37: 34 | U37: CNV_WR_D0P | V37: BA16 | W37: 6045.6 | X37: 7444.7 | Y37: IO | Z37: Bottom | AA37: DM800 | AC37: 1 | AD37: TD01 | AG37: DP17 | AH37: 5 | AI37: 100 | AJ37: M10 | AK37: 20 | AM37: L89 | AP37: Dphy 2.5G (DC CoupleD - Relays and Relay switches will be added. | AQ37: Refer to "HSIO" Tab
A38: 35 | B38: D1_TC_M10_DP18_L92_TD01__CNV_WR_D1N | C38: BA14 | D38: J1601.DS6 | E38: J1601PIN014 | F38: UA123.8 | G38: UA123.18 | P38: 275.3224 | Q38: 29.6363 | R38: =IF(AND(P38="",Q38=""),"",SUM(P38:Q38)) -> 304.9587 | S38: L30_HSIO6/L22_HSIO2 | T38: 35 | U38: CNV_WR_D1N | V38: BA14 | W38: 7278.6 | X38: 7469.1 | Y38: IO | Z38: Bottom | AA38: DM800 | AC38: 1 | AD38: TD01 | AG38: DP18 | AH38: 5 | AI38: 100 | AJ38: M10 | AK38: 20 | AM38: L92 | AP38: Dphy 2.5G (DC CoupleD - Relays and Relay switches will be added. | AQ38: Refer to "HSIO" Tab
A39: 36 | B39: D1_TC_M10_DP18_L91_TD01__CNV_WR_D1P | C39: BB13 | D39: J1601.DS7 | E39: J1601PIN012 | F39: UA123.2 | G39: UA123.24 | P39: 275.3168 | Q39: 29.5909 | R39: =IF(AND(P39="",Q39=""),"",SUM(P39:Q39)) -> 304.9077 | S39: L30_HSIO6/L22_HSIO2 | T39: 36 | U39: CNV_WR_D1P | V39: BB13 | W39: 7639.2 | X39: 8086.2 | Y39: IO | Z39: Bottom | AA39: DM800 | AC39: 1 | AD39: TD01 | AG39: DP18 | AH39: 5 | AI39: 100 | AJ39: M10 | AK39: 20 | AM39: L91 | AP39: Dphy 2.5G (DC CoupleD - Relays and Relay switches will be added. | AQ39: Refer to "HSIO" Tab
A40: 37 | B40: D1_TC_M10_DP19_L88_TD01__CNV_WT_CLKN | C40: BF14 | D40: J1603.AS2 | E40: J1603PIN112 | F40: UA121.7 | G40: UA121.19 | P40: 275.4156 | Q40: 29.8394 | R40: =IF(AND(P40="",Q40=""),"",SUM(P40:Q40)) -> 305.255 | S40: L20_HSIO1/L26_HSIO4 | T40: 37 | U40: CNV_WT_CLKN | V40: BF14 | W40: 7283.5 | X40: 9908.9 | Y40: IO | Z40: Bottom | AA40: DM800 | AC40: 1 | AD40: TD01 | AG40: DP19 | AH40: 5 | AI40: 100 | AJ40: M10 | AK40: 20 | AM40: L88 | AP40: 2.56 Gbs | AQ40: Refer to "HSIO" Tab
A41: 38 | B41: D1_TC_M10_DP19_L87_TD01__CNV_WT_CLKP | C41: BG14 | D41: J1603.AS3 | E41: J1603PIN114 | F41: UA121.1 | G41: UA121.25 | P41: 275.4006 | Q41: 29.837 | R41: =IF(AND(P41="",Q41=""),"",SUM(P41:Q41)) -> 305.2376 | S41: L20_HSIO1/L26_HSIO4 | T41: 38 | U41: CNV_WT_CLKP | V41: BG14 | W41: 7123.4 | X41: 10452.4 | Y41: IO | Z41: Bottom | AA41: DM800 | AC41: 1 | AD41: TD01 | AG41: DP19 | AH41: 5 | AI41: 100 | AJ41: M10 | AK41: 20 | AM41: L87 | AP41: 2.56 Gbs | AQ41: Refer to "HSIO" Tab
A42: 39 | B42: D1_TC_M10_DP20_L90_TD01__CNV_WT_D0N | C42: BF16 | D42: J1606.CS12 | E42: J1606PIN089 | F42: UA122.7 | G42: RA121.1 | H42: UA122.19 | P42: 275.2182 | Q42: 29.9333 | R42: =IF(AND(P42="",Q42=""),"",SUM(P42:Q42)) -> 305.1515 | S42: L28_HSIO5/L26_HSIO4 | T42: 39 | U42: CNV_WT_D0N | V42: BF16 | W42: 6295.4 | X42: 10162.9 | Y42: IO | Z42: Bottom | AA42: DM800 | AC42: 1 | AD42: TD01 | AG42: DP20 | AH42: 5 | AI42: 100 | AJ42: M10 | AK42: 20 | AM42: L90 | AP42: Dphy 2.5G (DC CoupleD - Relays and Relay switches will be added. | AQ42: Refer to "HSIO" Tab
A43: 40 | B43: D1_TC_M10_DP20_L89_TD01__CNV_WT_D0P | C43: BG16 | D43: J1606.CS11 | E43: J1606PIN091 | F43: UA122.1 | G43: KA121.3 | H43: UA122.25 | P43: 275.1678 | Q43: 29.9366 | R43: =IF(AND(P43="",Q43=""),"",SUM(P43:Q43)) -> 305.1044 | S43: L28_HSIO5/L26_HSIO4 | T43: 40 | U43: CNV_WT_D0P | V43: BG16 | W43: 6265.2 | X43: 10665.3 | Y43: IO | Z43: Bottom | AA43: DM800 | AC43: 1 | AD43: TD01 | AG43: DP20 | AH43: 5 | AI43: 100 | AJ43: M10 | AK43: 20 | AM43: L89 | AP43: Dphy 2.5G (DC CoupleD - Relays and Relay switches will be added. | AQ43: Refer to "HSIO" Tab
A44: 41 | B44: D1_TC_M10_DP21_L92_TD01__CNV_WT_D1N | C44: BE15 | D44: J1605.CS9 | E44: J1605PIN051 | F44: UA123.7 | G44: RA122.1 | H44: UA123.19 | P44: 275.2152 | Q44: 29.6142 | R44: =IF(AND(P44="",Q44=""),"",SUM(P44:Q44)) -> 304.8294 | S44: L28_HSIO5/L22_HSIO2 | T44: 41 | U44: CNV_WT_D1N | V44: BE15 | W44: 6668.5 | X44: 9447.6 | Y44: IO | Z44: Bottom | AA44: DM800 | AC44: 1 | AD44: TD01 | AG44: DP21 | AH44: 5 | AI44: 100 | AJ44: M10 | AK44: 20 | AM44: L92 | AP44: Dphy 2.5G (DC CoupleD - Relays and Relay switches will be added. | AQ44: Refer to "HSIO" Tab
A45: 42 | B45: D1_TC_M10_DP21_L91_TD01__CNV_WT_D1P | C45: BF15 | D45: J1605.CS8 | E45: J1605PIN053 | F45: UA123.1 | G45: KA122.3 | H45: UA123.25 | P45: 275.1433 | Q45: 29.586 | R45: =IF(AND(P45="",Q45=""),"",SUM(P45:Q45)) -> 304.7293 | S45: L28_HSIO5/L22_HSIO2 | T45: 42 | U45: CNV_WT_D1P | V45: BF15 | W45: 6760.5 | X45: 9967.8 | Y45: IO | Z45: Bottom | AA45: DM800 | AC45: 1 | AD45: TD01 | AG45: DP21 | AH45: 5 | AI45: 100 | AJ45: M10 | AK45: 20 | AM45: L91 | AP45: Dphy 2.5G (DC CoupleD - Relays and Relay switches will be added. | AQ45: Refer to "HSIO" Tab
A46: 43 | B46: D1_TC_TD01__CPU_TRSTB | C46: AK13 | D46: J1702.AS3 | E46: J1702PIN070 | Q46: 141.2335 | R46: =IF(AND(P46="",Q46=""),"",SUM(P46:Q46)) -> 141.2335 | S46: L11_INT2 | T46: 43 | U46: CPU_TRSTB | V46: AK13 | W46: 7674.8 | X46: 2344.5 | Y46: IO | Z46: Bottom | AA46: DM800 | AC46: 1 | AD46: TD01 | AQ46: direct route to TC
A47: 44 | B47: D1_TC_TD02__CPUPWRGD | C47: AH2 | D47: J1608.DS1 | E47: J1608PIN066 | Q47: 214.0052 | R47: =IF(AND(P47="",Q47=""),"",SUM(P47:Q47)) -> 214.0052 | S47: L28_HSIO5 | T47: 44 | U47: CPUPWRGD | V47: AH2 | W47: 12786.5 | X47: 1192.8 | Y47: IO | Z47: Bottom | AA47: DM800 | AC47: 1 | AD47: TD02 | AQ47: direct route to TC
A48: 45 | B48: D1_TC_TD01__CRASHLOG_TRIG_N | C48: AB5 | D48: J1701.CS6 | E48: J1701PIN101 | Q48: 240.2006 | R48: =IF(AND(P48="",Q48=""),"",SUM(P48:Q48)) -> 240.2006 | S48: L24_HSIO3 | T48: 45 | U48: CRASHLOG_TRIG_N | V48: AB5 | W48: 11455.4 | X48: -1601.5 | Y48: IO | Z48: Bottom | AA48: DM800 | AC48: 1 | AD48: TD01 | AQ48: direct route to TC
A49: 46 | B49: D1_TC_TD01__DBG_PMODE | C49: AF2 | D49: J1606.DS8 | E49: J1606PIN098 | Q49: 133.9616 | R49: =IF(AND(P49="",Q49=""),"",SUM(P49:Q49)) -> 133.9616 | S49: L9_INT1 | T49: 46 | U49: DBG_PMODE | V49: AF2 | W49: 12702.5 | X49: 532.1 | Y49: IO | Z49: Bottom | AA49: DM800 | AC49: 1 | AD49: TD01 | AQ49: direct route to TC
A50: 47 | B50: D1_TC_TD01__DIR_ESPI_ALERTB | C50: G56 | D50: J1709.DS7 | E50: J1709PIN012 | Q50: 211.743 | R50: =IF(AND(P50="",Q50=""),"",SUM(P50:Q50)) -> 211.743 | S50: L11_INT2 | T50: 47 | U50: DIR_ESPI_ALERTB | V50: G56 | W50: -12915.4 | X50: -8462.3 | Y50: IO | Z50: Bottom | AA50: DM800 | AC50: 1 | AD50: TD01 | AQ50: direct route to TC
A51: 48 | B51: D1_TC_TD01__DIR_ESPI_CLK | C51: F55 | D51: J1703.DS1 | E51: J1703PIN022 | Q51: 140.0729 | R51: =IF(AND(P51="",Q51=""),"",SUM(P51:Q51)) -> 140.0729 | S51: L9_INT1 | T51: 48 | U51: DIR_ESPI_CLK | V51: F55 | W51: -12547 | X51: -8975.4 | Y51: IO | Z51: Bottom | AA51: DM800 | AC51: 1 | AD51: TD01 | AQ51: direct route to TC
A52: 49 | B52: D1_TC_TD01__DIR_ESPI_CSB | C52: B52 | D52: J1709.BS2 | E52: J1709PIN023 | Q52: 216.996 | R52: =IF(AND(P52="",Q52=""),"",SUM(P52:Q52)) -> 216.996 | S52: L11_INT2 | T52: 49 | U52: DIR_ESPI_CSB | V52: B52 | W52: -11181.6 | X52: -10770.7 | Y52: IO | Z52: Bottom | AA52: DM800 | AC52: 1 | AD52: TD01 | AQ52: direct route to TC
A53: 50 | B53: D1_TC_TD01__DIR_ESPI_IO_0 | C53: D54 | D53: J1709.BS3 | E53: J1709PIN025 | Q53: 218.3976 | R53: =IF(AND(P53="",Q53=""),"",SUM(P53:Q53)) -> 218.3976 | S53: L11_INT2 | T53: 50 | U53: DIR_ESPI_IO_0 | V53: D54 | W53: -11787 | X53: -9771.9 | Y53: IO | Z53: Bottom | AA53: DM800 | AC53: 1 | AD53: TD01 | AQ53: direct route to TC
A54: 51 | B54: D1_TC_TD01__DIR_ESPI_IO_1 | C54: C55 | D54: J1709.CS6 | E54: J1709PIN013 | Q54: 217.2726 | R54: =IF(AND(P54="",Q54=""),"",SUM(P54:Q54)) -> 217.2726 | S54: L11_INT2 | T54: 51 | U54: DIR_ESPI_IO_1 | V54: C55 | W54: -12527.8 | X54: -10277.2 | Y54: IO | Z54: Bottom | AA54: DM800 | AC54: 1 | AD54: TD01 | AQ54: direct route to TC
A55: 52 | B55: D1_TC_TD01__DIR_ESPI_IO_2 | C55: G54 | D55: J1706.DS1 | E55: J1706PIN022 | Q55: 161.4148 | R55: =IF(AND(P55="",Q55=""),"",SUM(P55:Q55)) -> 161.4148 | S55: L13_INT3 | T55: 52 | U55: DIR_ESPI_IO_2 | V55: G54 | W55: -11912.6 | X55: -8411.2 | Y55: IO | Z55: Bottom | AA55: DM800 | AC55: 1 | AD55: TD01 | AQ55: direct route to TC
A56: 53 | B56: D1_TC_TD01__DIR_ESPI_IO_3 | C56: F53 | D56: J1709.DS6 | E56: J1709PIN014 | Q56: 216.4731 | R56: =IF(AND(P56="",Q56=""),"",SUM(P56:Q56)) -> 216.4731 | S56: L11_INT2 | T56: 53 | U56: DIR_ESPI_IO_3 | V56: F53 | W56: -11553.9 | X56: -9009.9 | Y56: IO | Z56: Bottom | AA56: DM800 | AC56: 1 | AD56: TD01 | AQ56: direct route to TC
A57: 54 | B57: D1_TC_TD01__DIR_ESPI_RCLK | C57: C53 | D57: J1708.DS14 | E57: J1708PIN042 | Q57: 216.8539 | R57: =IF(AND(P57="",Q57=""),"",SUM(P57:Q57)) -> 216.8539 | S57: L13_INT3 | T57: 54 | U57: DIR_ESPI_RCLK | V57: C53 | W57: -11467.2 | X57: -10357.2 | Y57: IO | Z57: Bottom | AA57: DM800 | AC57: 1 | AD57: TD01 | AQ57: direct route to TC
A58: 55 | B58: D1_TC_TD01__DIR_ESPI_RESETB | C58: G55 | D58: J1709.AS8 | E58: J1709PIN036 | Q58: 235.3764 | R58: =IF(AND(P58="",Q58=""),"",SUM(P58:Q58)) -> 235.3764 | S58: L15_INT4 | T58: 55 | U58: DIR_ESPI_RESETB | V58: G55 | W58: -12413 | X58: -8492.5 | Y58: IO | Z58: Bottom | AA58: DM800 | AC58: 1 | AD58: TD01 | AQ58: direct route to TC
A59: 56 | B59: D1_TC_M13_DP22_SL07_TD01__DMI_0_RXN__TXN | C59: E48 | D59: J1708.BS5 | E59: J1708PIN073 | F59: LA353.1 | G59: LA353.2 | P59: 250.0164 | Q59: 105.7883 | R59: =IF(AND(P59="",Q59=""),"",SUM(P59:Q59)) -> 355.8047 | S59: L28_HSIO5/L26_HSIO4 | T59: 56 | U59: DMI_0_RXN | V59: E48 | W59: -9012.6 | X59: -9459.8 | Y59: IO | Z59: Bottom | AA59: DM800 | AC59: 1 | AD59: TD01 | AF59: 1100 | AG59: DP22 | AH59: 2.5 | AI59: 85 | AJ59: M13 | AK59: 10 | AM59: SL07 | AP59: Gen4 16G (DC Coupled) - 1.2uH | AQ59: Refer to the "HSIO" Tab
A60: 57 | B60: D1_TC_M13_DP22_SL08_TD01__DMI_0_RXP__TXP | C60: G48 | D60: J1708.BS4 | E60: J1708PIN071 | F60: LA354.1 | G60: LA354.2 | P60: 250.0203 | Q60: 105.7915 | R60: =IF(AND(P60="",Q60=""),"",SUM(P60:Q60)) -> 355.8118 | S60: L28_HSIO5/L26_HSIO4 | T60: 57 | U60: DMI_0_RXP | V60: G48 | W60: -9012.6 | X60: -8748.6 | Y60: IO | Z60: Bottom | AA60: DM800 | AC60: 1 | AD60: TD01 | AF60: 1100 | AG60: DP22 | AH60: 2.5 | AI60: 85 | AJ60: M13 | AK60: 10 | AM60: SL08 | AP60: Gen4 16G (DC Coupled) - 1.2uH | AQ60: Refer to the "HSIO" Tab
A61: 58 | B61: D1_TC_M13_DP22_SL07_TD01__DMI_0_RXN__TXN | C61: C51 | D61: J1708.BS5 | E61: J1708PIN073 | F61: LA353.1 | G61: LA353.2 | P61: 250.0164 | Q61: 105.7883 | R61: =IF(AND(P61="",Q61=""),"",SUM(P61:Q61)) -> 355.8047 | S61: L28_HSIO5/L26_HSIO4 | T61: 58 | U61: DMI_0_TXN | V61: C51 | W61: -10484 | X61: -10380.6 | Y61: IO | Z61: Bottom | AA61: DM800 | AC61: 0 | AG61: DP23 | AH61: 2.5 | AI61: 85 | AJ61: M13 | AK61: 10 | AM61: SL07 | AP61: Gen4 16G (DC Coupled) - 1.2uH | AQ61: Refer to the "HSIO" Tab
A62: 59 | B62: D1_TC_M13_DP22_SL08_TD01__DMI_0_RXP__TXP | C62: C50 | D62: J1708.BS4 | E62: J1708PIN071 | F62: LA354.1 | G62: LA354.2 | P62: 250.0203 | Q62: 105.7915 | R62: =IF(AND(P62="",Q62=""),"",SUM(P62:Q62)) -> 355.8118 | S62: L28_HSIO5/L26_HSIO4 | T62: 59 | U62: DMI_0_TXP | V62: C50 | W62: -9983.4 | X62: -10380.6 | Y62: IO | Z62: Bottom | AA62: DM800 | AC62: 0 | AG62: DP23 | AH62: 2.5 | AI62: 85 | AJ62: M13 | AK62: 10 | AM62: SL08 | AP62: Gen4 16G (DC Coupled) - 1.2uH | AQ62: Refer to the "HSIO" Tab
A63: 534 | B63: D1_TC_M01_DP86_L77_TD01__USB31_6_TXN | C63: C24 | D63: J1708.DS2 | E63: J1708PIN064 | F63: CA212.1 | G63: LA223.1 | H63: LA223.2 | P63: 258.0249 | Q63: 54.889 | R63: =IF(AND(P63="",Q63=""),"",SUM(P63:Q63)) -> 312.9139 | S63: L30_HSIO6/L28_HSIO5 | T63: 534 | U63: USB31_6_TXN | V63: C24 | W63: 2297.1 | X63: -10380.6 | Y63: IO | Z63: Bottom | AA63: DM800 | AC63: 1 | AD63: TD01 | AG63: DP86 | AH63: 5 | AI63: 85 | AJ63: M01 | AK63: 100 | AM63: L77 | AP63: USB3.2 lanes (10gbps) | AQ63: Refer to the "HSIO" Tab
A64: 61 | B64: D1_TC_M13_DP24_SL10_TD01__DMI_1_RXP__TXP | C64: G45 | D64: J1709.DS8 | E64: J1709PIN010 | F64: LA356.1 | G64: LA356.2 | P64: 250.0647 | Q64: 105.7815 | R64: =IF(AND(P64="",Q64=""),"",SUM(P64:Q64)) -> 355.8462 | S64: L28_HSIO5/L24_HSIO3 | T64: 61 | U64: DMI_1_RXP | V64: G45 | W64: -7640.9 | X64: -8418.6 | Y64: IO | Z64: Bottom | AA64: DM800 | AC64: 1 | AD64: TD01 | AF64: 1100 | AG64: DP24 | AH64: 2.5 | AI64: 85 | AJ64: M13 | AK64: 10 | AM64: SL10 | AP64: Gen4 16G (DC Coupled) - 1.2uH | AQ64: Refer to the "HSIO" Tab
A65: 545 | B65: D1_TC_M01_DP89_L84_TD01__USB31_9_RXP | C65: K28 | D65: J1708.DS3 | E65: J1708PIN062 | F65: CA217.2 | G65: LA234.1 | H65: LA234.2 | P65: 258.0388 | Q65: 54.5866 | R65: =IF(AND(P65="",Q65=""),"",SUM(P65:Q65)) -> 312.6254 | S65: L22_HSIO2/L20_HSIO1 | T65: 545 | U65: USB31_9_RXP | V65: K28 | W65: 546.1 | X65: -6996.2 | Y65: IO | Z65: Bottom | AA65: DM800 | AC65: 1 | AD65: TD01 | AG65: DP89 | AH65: 5 | AI65: 85 | AJ65: M01 | AK65: 100 | AM65: L84 | AP65: USB3.2 lanes (10gbps) | AQ65: Refer to the "HSIO" Tab
A66: 63 | B66: D1_TC_M13_DP24_SL10_TD01__DMI_1_RXP__TXP | C66: A49 | D66: J1709.DS8 | E66: J1709PIN010 | F66: LA356.1 | G66: LA356.2 | P66: 250.0647 | Q66: 105.7815 | R66: =IF(AND(P66="",Q66=""),"",SUM(P66:Q66)) -> 355.8462 | S66: L28_HSIO5/L24_HSIO3 | T66: 63 | U66: DMI_1_TXP | V66: A49 | W66: -9301.3 | X66: -11190 | Y66: IO | Z66: Bottom | AA66: DM800 | AC66: 0 | AG66: DP25 | AH66: 2.5 | AI66: 85 | AJ66: M13 | AK66: 10 | AM66: SL10 | AP66: Gen4 16G (DC Coupled) - 1.2uH | AQ66: Refer to the "HSIO" Tab
A67: 64 | B67: D1_TC_M13_DP26_SL11_TD01__DMI_2_RXN__TXN | C67: G42 | D67: J1706.DS2 | E67: J1706PIN020 | F67: LA357.1 | G67: LA357.2 | P67: 250.0449 | Q67: 105.782 | R67: =IF(AND(P67="",Q67=""),"",SUM(P67:Q67)) -> 355.8269 | S67: L20_HSIO1/L22_HSIO2 | T67: 64 | U67: DMI_2_RXN | V67: G42 | W67: -6283.6 | X67: -8418.6 | Y67: IO | Z67: Bottom | AA67: DM800 | AC67: 1 | AD67: TD01 | AF67: 1100 | AG67: DP26 | AH67: 2.5 | AI67: 85 | AJ67: M13 | AK67: 10 | AM67: SL11 | AP67: Gen4 16G (DC Coupled) - 1.2uH | AQ67: Refer to the "HSIO" Tab
A68: 65 | B68: D1_TC_M13_DP26_SL12_TD01__DMI_2_RXP__TXP | C68: F42 | D68: J1706.DS3 | E68: J1706PIN018 | F68: LA358.1 | G68: LA358.2 | P68: 250.0429 | Q68: 105.7862 | R68: =IF(AND(P68="",Q68=""),"",SUM(P68:Q68)) -> 355.8291 | S68: L20_HSIO1/L22_HSIO2 | T68: 65 | U68: DMI_2_RXP | V68: F42 | W68: -6283.6 | X68: -9129.8 | Y68: IO | Z68: Bottom | AA68: DM800 | AC68: 1 | AD68: TD01 | AF68: 1100 | AG68: DP26 | AH68: 2.5 | AI68: 85 | AJ68: M13 | AK68: 10 | AM68: SL12 | AP68: Gen4 16G (DC Coupled) - 1.2uH | AQ68: Refer to the "HSIO" Tab
A69: 66 | B69: D1_TC_M13_DP26_SL11_TD01__DMI_2_RXN__TXN | C69: C48 | D69: J1706.DS2 | E69: J1706PIN020 | F69: LA357.1 | G69: LA357.2 | P69: 250.0449 | Q69: 105.782 | R69: =IF(AND(P69="",Q69=""),"",SUM(P69:Q69)) -> 355.8269 | S69: L20_HSIO1/L22_HSIO2 | T69: 66 | U69: DMI_2_TXN | V69: C48 | W69: -9119.5 | X69: -10380.6 | Y69: IO | Z69: Bottom | AA69: DM800 | AC69: 0 | AG69: DP27 | AH69: 2.5 | AI69: 85 | AJ69: M13 | AK69: 10 | AM69: SL11 | AP69: Gen4 16G (DC Coupled) - 1.2uH | AQ69: Refer to the "HSIO" Tab
A70: 67 | B70: D1_TC_M13_DP26_SL12_TD01__DMI_2_RXP__TXP | C70: C47 | D70: J1706.DS3 | E70: J1706PIN018 | F70: LA358.1 | G70: LA358.2 | P70: 250.0429 | Q70: 105.7862 | R70: =IF(AND(P70="",Q70=""),"",SUM(P70:Q70)) -> 355.8291 | S70: L20_HSIO1/L22_HSIO2 | T70: 67 | U70: DMI_2_TXP | V70: C47 | W70: -8618.9 | X70: -10380.6 | Y70: IO | Z70: Bottom | AA70: DM800 | AC70: 0 | AG70: DP27 | AH70: 2.5 | AI70: 85 | AJ70: M13 | AK70: 10 | AM70: SL12 | AP70: Gen4 16G (DC Coupled) - 1.2uH | AQ70: Refer to the "HSIO" Tab
A71: 68 | B71: D1_TC_M13_DP28_SL13_TD01__DMI_3_RXN__TXN | C71: K42 | D71: J1706.BS5 | E71: J1706PIN029 | F71: LA359.1 | G71: LA359.2 | P71: 250.0261 | Q71: 105.7977 | R71: =IF(AND(P71="",Q71=""),"",SUM(P71:Q71)) -> 355.8238 | S71: L28_HSIO5/L20_HSIO1 | T71: 68 | U71: DMI_3_RXN | V71: K42 | W71: -6283.6 | X71: -6996.2 | Y71: IO | Z71: Bottom | AA71: DM800 | AC71: 1 | AD71: TD01 | AF71: 1100 | AG71: DP28 | AH71: 2.5 | AI71: 85 | AJ71: M13 | AK71: 10 | AM71: SL13 | AP71: Gen4 16G (DC Coupled) - 1.2uH | AQ71: Refer to the "HSIO" Tab
A72: 69 | B72: D1_TC_M13_DP28_SL14_TD01__DMI_3_RXP__TXP | C72: M42 | D72: J1706.BS4 | E72: J1706PIN027 | F72: LA360.1 | G72: LA360.2 | P72: 250.0202 | Q72: 105.7969 | R72: =IF(AND(P72="",Q72=""),"",SUM(P72:Q72)) -> 355.8171 | S72: L28_HSIO5/L20_HSIO1 | T72: 69 | U72: DMI_3_RXP | V72: M42 | W72: -6283.6 | X72: -6285 | Y72: IO | Z72: Bottom | AA72: DM800 | AC72: 1 | AD72: TD01 | AF72: 1100 | AG72: DP28 | AH72: 2.5 | AI72: 85 | AJ72: M13 | AK72: 10 | AM72: SL14 | AP72: Gen4 16G (DC Coupled) - 1.2uH | AQ72: Refer to the "HSIO" Tab
A73: 70 | B73: D1_TC_M13_DP28_SL13_TD01__DMI_3_RXN__TXN | C73: A47 | D73: J1706.BS5 | E73: J1706PIN029 | F73: LA359.1 | G73: LA359.2 | P73: 250.0261 | Q73: 105.7977 | R73: =IF(AND(P73="",Q73=""),"",SUM(P73:Q73)) -> 355.8238 | S73: L28_HSIO5/L20_HSIO1 | T73: 70 | U73: DMI_3_TXN | V73: A47 | W73: -8437.2 | X73: -11190 | Y73: IO | Z73: Bottom | AA73: DM800 | AC73: 0 | AG73: DP29 | AH73: 2.5 | AI73: 85 | AJ73: M13 | AK73: 10 | AM73: SL13 | AP73: Gen4 16G (DC Coupled) - 1.2uH | AQ73: Refer to the "HSIO" Tab
A74: 71 | B74: D1_TC_M13_DP28_SL14_TD01__DMI_3_RXP__TXP | C74: A46 | D74: J1706.BS4 | E74: J1706PIN027 | F74: LA360.1 | G74: LA360.2 | P74: 250.0202 | Q74: 105.7969 | R74: =IF(AND(P74="",Q74=""),"",SUM(P74:Q74)) -> 355.8171 | S74: L28_HSIO5/L20_HSIO1 | T74: 71 | U74: DMI_3_TXP | V74: A46 | W74: -7936.8 | X74: -11190 | Y74: IO | Z74: Bottom | AA74: DM800 | AC74: 0 | AG74: DP29 | AH74: 2.5 | AI74: 85 | AJ74: M13 | AK74: 10 | AM74: SL14 | AP74: Gen4 16G (DC Coupled) - 1.2uH | AQ74: Refer to the "HSIO" Tab
A75: 72 | B75: D1_TC_M13_DP30_SL15_TD01__DMI_4_RXN__TXN | C75: F39 | D75: J1709.AS4 | E75: J1709PIN028 | F75: LA361.1 | G75: LA361.2 | P75: 250.0989 | Q75: 105.7846 | R75: =IF(AND(P75="",Q75=""),"",SUM(P75:Q75)) -> 355.8835 | S75: L28_HSIO5/L26_HSIO4 | T75: 72 | U75: DMI_4_RXN | V75: F39 | W75: -4911.9 | X75: -9129.8 | Y75: IO | Z75: Bottom | AA75: DM800 | AC75: 1 | AD75: TD01 | AF75: 1100 | AG75: DP30 | AH75: 2.5 | AI75: 85 | AJ75: M13 | AK75: 10 | AM75: SL15 | AP75: Gen4 16G (DC Coupled) - 1.2uH | AQ75: Refer to the "HSIO" Tab
A76: 73 | B76: D1_TC_M13_DP30_SL16_TD01__DMI_4_RXP__TXP | C76: G39 | D76: J1709.AS5 | E76: J1709PIN030 | F76: LA362.1 | G76: LA362.2 | P76: 250.093 | Q76: 105.7869 | R76: =IF(AND(P76="",Q76=""),"",SUM(P76:Q76)) -> 355.8799 | S76: L28_HSIO5/L26_HSIO4 | T76: 73 | U76: DMI_4_RXP | V76: G39 | W76: -4911.9 | X76: -8418.6 | Y76: IO | Z76: Bottom | AA76: DM800 | AC76: 1 | AD76: TD01 | AF76: 1100 | AG76: DP30 | AH76: 2.5 | AI76: 85 | AJ76: M13 | AK76: 10 | AM76: SL16 | AP76: Gen4 16G (DC Coupled) - 1.2uH | AQ76: Refer to the "HSIO" Tab
A77: 74 | B77: D1_TC_M13_DP30_SL15_TD01__DMI_4_RXN__TXN | C77: C45 | D77: J1709.AS4 | E77: J1709PIN028 | F77: LA361.1 | G77: LA361.2 | P77: 250.0989 | Q77: 105.7846 | R77: =IF(AND(P77="",Q77=""),"",SUM(P77:Q77)) -> 355.8835 | S77: L28_HSIO5/L26_HSIO4 | T77: 74 | U77: DMI_4_TXN | V77: C45 | W77: -7755 | X77: -10380.6 | Y77: IO | Z77: Bottom | AA77: DM800 | AC77: 0 | AG77: DP31 | AH77: 2.5 | AI77: 85 | AJ77: M13 | AK77: 10 | AM77: SL15 | AP77: Gen4 16G (DC Coupled) - 1.2uH | AQ77: Refer to the "HSIO" Tab
A78: 75 | B78: D1_TC_M13_DP30_SL16_TD01__DMI_4_RXP__TXP | C78: C44 | D78: J1709.AS5 | E78: J1709PIN030 | F78: LA362.1 | G78: LA362.2 | P78: 250.093 | Q78: 105.7869 | R78: =IF(AND(P78="",Q78=""),"",SUM(P78:Q78)) -> 355.8799 | S78: L28_HSIO5/L26_HSIO4 | T78: 75 | U78: DMI_4_TXP | V78: C44 | W78: -7254.4 | X78: -10380.6 | Y78: IO | Z78: Bottom | AA78: DM800 | AC78: 0 | AG78: DP31 | AH78: 2.5 | AI78: 85 | AJ78: M13 | AK78: 10 | AM78: SL16 | AP78: Gen4 16G (DC Coupled) - 1.2uH | AQ78: Refer to the "HSIO" Tab
A79: 76 | B79: D1_TC_M13_DP32_SL17_TD01__DMI_5_RXN__TXN | C79: K39 | D79: J1706.BS6 | E79: J1706PIN031 | F79: LA363.1 | G79: LA363.2 | P79: 249.992 | Q79: 105.7871 | R79: =IF(AND(P79="",Q79=""),"",SUM(P79:Q79)) -> 355.7791 | S79: L20_HSIO1/L22_HSIO2 | T79: 76 | U79: DMI_5_RXN | V79: K39 | W79: -4911.9 | X79: -6996.2 | Y79: IO | Z79: Bottom | AA79: DM800 | AC79: 1 | AD79: TD01 | AF79: 1100 | AG79: DP32 | AH79: 2.5 | AI79: 85 | AJ79: M13 | AK79: 10 | AM79: SL17 | AP79: Gen4 16G (DC Coupled) - 1.2uH | AQ79: Refer to the "HSIO" Tab
A80: 77 | B80: D1_TC_M13_DP32_SL18_TD01__DMI_5_RXP__TXP | C80: M39 | D80: J1706.BS7 | E80: J1706PIN033 | F80: LA364.1 | G80: LA364.2 | P80: 250.0241 | Q80: 105.7913 | R80: =IF(AND(P80="",Q80=""),"",SUM(P80:Q80)) -> 355.8154 | S80: L20_HSIO1/L22_HSIO2 | T80: 77 | U80: DMI_5_RXP | V80: M39 | W80: -4911.9 | X80: -6285 | Y80: IO | Z80: Bottom | AA80: DM800 | AC80: 1 | AD80: TD01 | AF80: 1100 | AG80: DP32 | AH80: 2.5 | AI80: 85 | AJ80: M13 | AK80: 10 | AM80: SL18 | AP80: Gen4 16G (DC Coupled) - 1.2uH | AQ80: Refer to the "HSIO" Tab
A81: 78 | B81: D1_TC_M13_DP32_SL17_TD01__DMI_5_RXN__TXN | C81: A44 | D81: J1706.BS6 | E81: J1706PIN031 | F81: LA363.1 | G81: LA363.2 | P81: 249.992 | Q81: 105.7871 | R81: =IF(AND(P81="",Q81=""),"",SUM(P81:Q81)) -> 355.7791 | S81: L20_HSIO1/L22_HSIO2 | T81: 78 | U81: DMI_5_TXN | V81: A44 | W81: -7072.7 | X81: -11190 | Y81: IO | Z81: Bottom | AA81: DM800 | AC81: 0 | AG81: DP33 | AH81: 2.5 | AI81: 85 | AJ81: M13 | AK81: 10 | AM81: SL17 | AP81: Gen4 16G (DC Coupled) - 1.2uH | AQ81: Refer to the "HSIO" Tab
A82: 79 | B82: D1_TC_M13_DP32_SL18_TD01__DMI_5_RXP__TXP | C82: A43 | D82: J1706.BS7 | E82: J1706PIN033 | F82: LA364.1 | G82: LA364.2 | P82: 250.0241 | Q82: 105.7913 | R82: =IF(AND(P82="",Q82=""),"",SUM(P82:Q82)) -> 355.8154 | S82: L20_HSIO1/L22_HSIO2 | T82: 79 | U82: DMI_5_TXP | V82: A43 | W82: -6572.3 | X82: -11190 | Y82: IO | Z82: Bottom | AA82: DM800 | AC82: 0 | AG82: DP33 | AH82: 2.5 | AI82: 85 | AJ82: M13 | AK82: 10 | AM82: SL18 | AP82: Gen4 16G (DC Coupled) - 1.2uH | AQ82: Refer to the "HSIO" Tab
A83: 80 | B83: D1_TC_M13_DP34_SL19_TD01__DMI_6_RXN__TXN | C83: J36 | D83: J1709.BS9 | E83: J1709PIN037 | F83: LA365.1 | G83: LA365.2 | P83: 250.0693 | Q83: 105.7867 | R83: =IF(AND(P83="",Q83=""),"",SUM(P83:Q83)) -> 355.856 | S83: L28_HSIO5/L24_HSIO3 | T83: 80 | U83: DMI_6_RXN | V83: J36 | W83: -3554.6 | X83: -7707.4 | Y83: IO | Z83: Bottom | AA83: DM800 | AC83: 1 | AD83: TD01 | AF83: 1100 | AG83: DP34 | AH83: 2.5 | AI83: 85 | AJ83: M13 | AK83: 10 | AM83: SL19 | AP83: Gen4 16G (DC Coupled) - 1.2uH | AQ83: Refer to the "HSIO" Tab
A84: 81 | B84: D1_TC_M13_DP34_SL20_TD01__DMI_6_RXP__TXP | C84: K36 | D84: J1709.BS8 | E84: J1709PIN035 | F84: LA366.1 | G84: LA366.2 | P84: 250.0754 | Q84: 105.7882 | R84: =IF(AND(P84="",Q84=""),"",SUM(P84:Q84)) -> 355.8636 | S84: L28_HSIO5/L24_HSIO3 | T84: 81 | U84: DMI_6_RXP | V84: K36 | W84: -3554.6 | X84: -6996.2 | Y84: IO | Z84: Bottom | AA84: DM800 | AC84: 1 | AD84: TD01 | AF84: 1100 | AG84: DP34 | AH84: 2.5 | AI84: 85 | AJ84: M13 | AK84: 10 | AM84: SL20 | AP84: Gen4 16G (DC Coupled) - 1.2uH | AQ84: Refer to the "HSIO" Tab
A85: 82 | B85: D1_TC_M13_DP34_SL19_TD01__DMI_6_RXN__TXN | C85: C42 | D85: J1709.BS9 | E85: J1709PIN037 | F85: LA365.1 | G85: LA365.2 | P85: 250.0693 | Q85: 105.7867 | R85: =IF(AND(P85="",Q85=""),"",SUM(P85:Q85)) -> 355.856 | S85: L28_HSIO5/L24_HSIO3 | T85: 82 | U85: DMI_6_TXN | V85: C42 | W85: -6390.5 | X85: -10380.6 | Y85: IO | Z85: Bottom | AA85: DM800 | AC85: 0 | AG85: DP35 | AH85: 2.5 | AI85: 85 | AJ85: M13 | AK85: 10 | AM85: SL19 | AP85: Gen4 16G (DC Coupled) - 1.2uH | AQ85: Refer to the "HSIO" Tab
A86: 83 | B86: D1_TC_M13_DP34_SL20_TD01__DMI_6_RXP__TXP | C86: C41 | D86: J1709.BS8 | E86: J1709PIN035 | F86: LA366.1 | G86: LA366.2 | P86: 250.0754 | Q86: 105.7882 | R86: =IF(AND(P86="",Q86=""),"",SUM(P86:Q86)) -> 355.8636 | S86: L28_HSIO5/L24_HSIO3 | T86: 83 | U86: DMI_6_TXP | V86: C41 | W86: -5889.9 | X86: -10380.6 | Y86: IO | Z86: Bottom | AA86: DM800 | AC86: 0 | AG86: DP35 | AH86: 2.5 | AI86: 85 | AJ86: M13 | AK86: 10 | AM86: SL20 | AP86: Gen4 16G (DC Coupled) - 1.2uH | AQ86: Refer to the "HSIO" Tab
A87: 84 | B87: D1_TC_M13_DP36_SL21_TD01__DMI_7_RXN__TXN | C87: N36 | D87: J1707.DS2 | E87: J1707PIN108 | F87: LA367.1 | G87: LA367.2 | P87: 250.0701 | Q87: 105.7919 | R87: =IF(AND(P87="",Q87=""),"",SUM(P87:Q87)) -> 355.862 | S87: L28_HSIO5/L20_HSIO1 | T87: 84 | U87: DMI_7_RXN | V87: N36 | W87: -3554.6 | X87: -5573.8 | Y87: IO | Z87: Bottom | AA87: DM800 | AC87: 1 | AD87: TD01 | AF87: 1100 | AG87: DP36 | AH87: 2.5 | AI87: 85 | AJ87: M13 | AK87: 10 | AM87: SL21 | AP87: Gen4 16G (DC Coupled) - 1.2uH | AQ87: Refer to the "HSIO" Tab
A88: 85 | B88: D1_TC_M13_DP36_SL22_TD01__DMI_7_RXP__TXP | C88: R36 | D88: J1707.DS1 | E88: J1707PIN110 | F88: LA368.1 | G88: LA368.2 | P88: 250.0795 | Q88: 105.793 | R88: =IF(AND(P88="",Q88=""),"",SUM(P88:Q88)) -> 355.8725 | S88: L28_HSIO5/L20_HSIO1 | T88: 85 | U88: DMI_7_RXP | V88: R36 | W88: -3554.6 | X88: -4862.6 | Y88: IO | Z88: Bottom | AA88: DM800 | AC88: 1 | AD88: TD01 | AF88: 1100 | AG88: DP36 | AH88: 2.5 | AI88: 85 | AJ88: M13 | AK88: 10 | AM88: SL22 | AP88: Gen4 16G (DC Coupled) - 1.2uH | AQ88: Refer to the "HSIO" Tab
A89: 86 | B89: D1_TC_M13_DP36_SL21_TD01__DMI_7_RXN__TXN | C89: A41 | D89: J1707.DS2 | E89: J1707PIN108 | F89: LA367.1 | G89: LA367.2 | P89: 250.0701 | Q89: 105.7919 | R89: =IF(AND(P89="",Q89=""),"",SUM(P89:Q89)) -> 355.862 | S89: L28_HSIO5/L20_HSIO1 | T89: 86 | U89: DMI_7_TXN | V89: A41 | W89: -5708.2 | X89: -11190 | Y89: IO | Z89: Bottom | AA89: DM800 | AC89: 0 | AG89: DP37 | AH89: 2.5 | AI89: 85 | AJ89: M13 | AK89: 10 | AM89: SL21 | AP89: Gen4 16G (DC Coupled) - 1.2uH | AQ89: Refer to the "HSIO" Tab
A90: 87 | B90: D1_TC_M13_DP36_SL22_TD01__DMI_7_RXP__TXP | C90: A40 | D90: J1707.DS1 | E90: J1707PIN110 | F90: LA368.1 | G90: LA368.2 | P90: 250.0795 | Q90: 105.793 | R90: =IF(AND(P90="",Q90=""),"",SUM(P90:Q90)) -> 355.8725 | S90: L28_HSIO5/L20_HSIO1 | T90: 87 | U90: DMI_7_TXP | V90: A40 | W90: -5207.8 | X90: -11190 | Y90: IO | Z90: Bottom | AA90: DM800 | AC90: 0 | AG90: DP37 | AH90: 2.5 | AI90: 85 | AJ90: M13 | AK90: 10 | AM90: SL22 | AP90: Gen4 16G (DC Coupled) - 1.2uH | AQ90: Refer to the "HSIO" Tab
A91: 88 | B91: D1_TC_TD01__DMI_CLKREQB | C91: G51 | D91: J1709.CS10 | E91: J1709PIN005 | Q91: 254.0831 | R91: =IF(AND(P91="",Q91=""),"",SUM(P91:Q91)) -> 254.0831 | S91: L15_INT4 | T91: 88 | U91: DMI_CLKREQB | V91: G51 | W91: -10633.2 | X91: -8765.7 | Y91: IO | Z91: Bottom | AA91: DM800 | AC91: 1 | AD91: TD01 | AQ91: direct route to TC
A92: 89 | B92: D1_TC_TD01__DMI_PERSTB | C92: E53 | D92: J1707.DS14 | E92: J1707PIN086 | Q92: 204.3839 | R92: =IF(AND(P92="",Q92=""),"",SUM(P92:Q92)) -> 204.3839 | S92: L13_INT3 | T92: 89 | U92: DMI_PERSTB | V92: E53 | W92: -11374.8 | X92: -9478.2 | Y92: IO | Z92: Bottom | AA92: DM800 | AC92: 1 | AD92: TD01 | AQ92: direct route to TC
A93: 90 | B93: D1_Z__DMI_RCOMP | C93: B32 | D93: - | E93: - | F93: RA135.2 | Q93: 4.2365 | R93: =IF(AND(P93="",Q93=""),"",SUM(P93:Q93)) -> 4.2365 | S93: L11_INT2 | T93: 90 | U93: DMI_RCOMP | V93: B32 | W93: -1364.5 | X93: -10736.6 | Y93: IO | Z93: Bottom | AQ93: DUT to GND through 200 Ohm resistor, see RCOMP tab
A94: 91 | B94: D1_TC_DP38_TD01__DMI_REFCLKN | C94: R28 | D94: J1704.CS1 | E94: J1704PIN109 | Q94: 209.2253 | R94: =IF(AND(P94="",Q94=""),"",SUM(P94:Q94)) -> 209.2253 | S94: L9_INT1 | T94: 91 | U94: DMI_REFCLKN | V94: R28 | W94: 546.1 | X94: -4862.6 | Y94: IO | Z94: Bottom | AA94: DM800 | AC94: 1 | AD94: TD01 | AG94: DP38 | AH94: 2.5 | AI94: 85 | AQ94: direct route to TC
A95: 92 | B95: D1_TC_DP38_TD01__DMI_REFCLKP | C95: T28 | D95: J1704.CS2 | E95: J1704PIN107 | Q95: 209.2416 | R95: =IF(AND(P95="",Q95=""),"",SUM(P95:Q95)) -> 209.2416 | S95: L9_INT1 | T95: 92 | U95: DMI_REFCLKP | V95: T28 | W95: 546.1 | X95: -4151.4 | Y95: IO | Z95: Bottom | AA95: DM800 | AC95: 1 | AD95: TD01 | AG95: DP38 | AH95: 2.5 | AI95: 85 | AQ95: direct route to TC
A96: 93 | B96: D1_TC_TD01__DSW_PWROK | C96: AH5 | D96: J1701.CS4 | E96: J1701PIN103 | Q96: 232.1674 | R96: =IF(AND(P96="",Q96=""),"",SUM(P96:Q96)) -> 232.1674 | S96: L24_HSIO3 | T96: 93 | U96: DSW_PWROK | V96: AH5 | W96: 11455.4 | X96: 1601.5 | Y96: IO | Z96: Bottom | AA96: DM800 | AC96: 1 | AD96: TD01 | AQ96: direct route to TC
A97: 94 | B97: D1_TC_TD01_TP__EDM1 | C97: Y17 | D97: J1605.DS14 | E97: J1605PIN042 | F97: RA524.1 | G97: TPA610.1 | H97: JA3.1 | I97: JA3.2 | J97: RA524.2 | P97: 74.5265 | Q97: 195.6556 | R97: =IF(AND(P97="",Q97=""),"",SUM(P97:Q97)) -> 270.1821 | S97: L24_HSIO3/L28_HSIO5/L11_INT2/L30_HSIO6 | T97: 94 | U97: EDM1 | V97: Y17 | W97: 5503.1 | X97: -2344.5 | Y97: IO | Z97: Bottom | AA97: DM800 | AC97: 1 | AD97: TD01 | AO97: TP | AQ97: See EDM1 Tab for EDM1 Header Config
A98: 95 | B98: D1_TC_TD01_TP__EDM2 | C98: Y19 | D98: J1606.DS14 | E98: J1606PIN086 | F98: TPA609.1 | Q98: 261.5114 | R98: =IF(AND(P98="",Q98=""),"",SUM(P98:Q98)) -> 261.5114 | S98: L11_INT2/L30_HSIO6 | T98: 95 | U98: EDM2 | V98: Y19 | W98: 4779.2 | X98: -2344.5 | Y98: IO | Z98: Bottom | AA98: DM800 | AC98: 1 | AD98: TD01 | AO98: TP | AQ98: direct route to TC with TP
A99: 96 | B99: D1_TC_DP39_TD01_TP__EXT_INJ_PHY_N_PAD | C99: E2 | D99: J1605.CS4 | E99: J1605PIN059 | F99: TPA608.1 | Q99: 209.2981 | R99: =IF(AND(P99="",Q99=""),"",SUM(P99:Q99)) -> 209.2981 | S99: L15_INT4 | T99: 96 | U99: EXT_INJ_PHY_N_PAD | V99: E2 | W99: 12922 | X99: -9407.2 | Y99: IO | Z99: Bottom | AA99: DM800 | AC99: 1 | AD99: TD01 | AG99: DP39 | AH99: 5 | AI99: 100 | AO99: TP | AQ99: Match lengths between P and N. Direct route to TC with TP, see Component Debug Tab
A100: 97 | B100: D1_TC_DP39_TD01_TP__EXT_INJ_PHY_P_PAD | C100: F3 | D100: J1605.CS3 | E100: J1605PIN061 | F100: TPA607.1 | Q100: 209.2126 | R100: =IF(AND(P100="",Q100=""),"",SUM(P100:Q100)) -> 209.2126 | S100: L15_INT4 | T100: 97 | U100: EXT_INJ_PHY_P_PAD | V100: F3 | W100: 12547 | X100: -8975.4 | Y100: IO | Z100: Bottom | AA100: DM800 | AC100: 1 | AD100: TD01 | AG100: DP39 | AH100: 5 | AI100: 100 | AO100: TP | AQ100: Match lengths between P and N. Direct route to TC with TP, see Component Debug Tab
A101: 98 | B101: D1_TC_TD01__FBRK_OUT_N | C101: AE3 | D101: J1603.DS9 | E101: J1603PIN096 | Q101: 143.961 | R101: =IF(AND(P101="",Q101=""),"",SUM(P101:Q101)) -> 143.961 | S101: L15_INT4 | T101: 98 | U101: FBRK_OUT_N | V101: AE3 | W101: 12397.7 | X101: 0 | Y101: IO | Z101: Bottom | AA101: DM800 | AC101: 1 | AD101: TD01 | AQ101: direct route to TC
A102: 99 | B102: D1_P__VLC7_1_FOLD | C102: ZZZ5 | D102: - | E102: - | R102: =IF(AND(P102="",Q102=""),"",SUM(P102:Q102)) | T102: 99 | U102: Fold Circuit | V102: ZZZ5 | Y102: Power | AA102: DPS150 | AQ102: DPS150_3_LCDPS_5
A103: 100 | B103: D1_TC_TD01__GPD_0_BATLOWB | C103: AM13 | D103: J1701.AS7 | E103: J1701PIN122 | Q103: 142.3308 | R103: =IF(AND(P103="",Q103=""),"",SUM(P103:Q103)) -> 142.3308 | S103: L11_INT2 | T103: 100 | U103: GPD_0_BATLOWB | V103: AM13 | W103: 7674.8 | X103: 3335.2 | Y103: IO | Z103: Bottom | AA103: DM800 | AC103: 1 | AD103: TD01 | AQ103: direct route to TC
A104: 101 | B104: D1_TC_TD01__GPD_1_ACPRESENT | C104: AM10 | D104: J1602.CS1 | E104: J1602PIN065 | Q104: 99.8334 | R104: =IF(AND(P104="",Q104=""),"",SUM(P104:Q104)) -> 99.8334 | S104: L13_INT3 | T104: 101 | U104: GPD_1_ACPRESENT | V104: AM10 | W104: 8983.5 | X104: 3258.8 | Y104: IO | Z104: Bottom | AA104: DM800 | AC104: 1 | AD104: TD01 | AQ104: direct route to TC
A105: 102 | B105: D1_TC_TD01__GPD_10_SLP_S5B | C105: AK7 | D105: J1703.CS6 | E105: J1703PIN013 | Q105: 241.9545 | R105: =IF(AND(P105="",Q105=""),"",SUM(P105:Q105)) -> 241.9545 | S105: L26_HSIO4 | T105: 102 | U105: GPD_10_SLP_S5B | V105: AK7 | W105: 10359.1 | X105: 2395.2 | Y105: IO | Z105: Bottom | AA105: DM800 | AC105: 1 | AD105: TD01 | AQ105: direct route to TC
A106: 103 | B106: D1_TC_TD01__GPD_11_LANPHYPC | C106: AM9 | D106: J1703.CS4 | E106: J1703PIN015 | Q106: 153.2179 | R106: =IF(AND(P106="",Q106=""),"",SUM(P106:Q106)) -> 153.2179 | S106: L15_INT4 | T106: 103 | U106: GPD_11_LANPHYPC | V106: AM9 | W106: 9665.7 | X106: 3495 | Y106: IO | Z106: Bottom | AA106: DM800 | AC106: 1 | AD106: TD01 | AQ106: direct route to TC
A107: 104 | B107: D1_TC_TD01__GPD_12 | C107: AK9 | D107: J1701.CS3 | E107: J1701PIN105 | Q107: 228.3186 | R107: =IF(AND(P107="",Q107=""),"",SUM(P107:Q107)) -> 228.3186 | S107: L24_HSIO3 | T107: 104 | U107: GPD_12 | V107: AK9 | W107: 9670.8 | X107: 2204.7 | Y107: IO | Z107: Bottom | AA107: DM800 | AC107: 1 | AD107: TD01 | AQ107: direct route to TC
A108: 105 | B108: D1_TC_TD01__GPD_2_LAN_WAKEB | C108: AK6 | D108: J1703.DS6 | E108: J1703PIN014 | Q108: 244.5812 | R108: =IF(AND(P108="",Q108=""),"",SUM(P108:Q108)) -> 244.5812 | S108: L26_HSIO4 | T108: 105 | U108: GPD_2_LAN_WAKEB | V108: AK6 | W108: 11047.5 | X108: 2585.7 | Y108: IO | Z108: Bottom | AA108: DM800 | AC108: 1 | AD108: TD01 | AQ108: direct route to TC
A109: 106 | B109: D1_TC_TD01__GPD_3_PWRBTNB | C109: AJ3 | D109: J1604.AS2 | E109: J1604PIN024 | Q109: 162.9049 | R109: =IF(AND(P109="",Q109=""),"",SUM(P109:Q109)) -> 162.9049 | S109: L20_HSIO1 | T109: 106 | U109: GPD_3_PWRBTNB | V109: AJ3 | W109: 12413 | X109: 1901.2 | Y109: IO | Z109: Bottom | AA109: DM800 | AC109: 1 | AD109: TD01 | AQ109: direct route to TC
A110: 107 | B110: D1_TC_TD01__GPD_4_SLP_S3B | C110: AM14 | D110: J1703.AS3 | E110: J1703PIN026 | Q110: 151.6014 | R110: =IF(AND(P110="",Q110=""),"",SUM(P110:Q110)) -> 151.6014 | S110: L15_INT4 | T110: 107 | U110: GPD_4_SLP_S3B | V110: AM14 | W110: 6950.9 | X110: 3335.2 | Y110: IO | Z110: Bottom | AA110: DM800 | AC110: 1 | AD110: TD01 | AQ110: direct route to TC
A111: 108 | B111: D1_TC_TD01__GPD_5_SLP_S4B | C111: AJ10 | D111: J1602.CS2 | E111: J1602PIN063 | Q111: 105.1824 | R111: =IF(AND(P111="",Q111=""),"",SUM(P111:Q111)) -> 105.1824 | S111: L13_INT3 | T111: 108 | U111: GPD_5_SLP_S4B | V111: AJ10 | W111: 8982.5 | X111: 2014.2 | Y111: IO | Z111: Bottom | AA111: DM800 | AC111: 1 | AD111: TD01 | AQ111: direct route to TC
A112: 109 | B112: D1_TC_TD01__GPD_6_SLP_AB | C112: AN7 | D112: J1703.CS7 | E112: J1703PIN011 | Q112: 241.1536 | R112: =IF(AND(P112="",Q112=""),"",SUM(P112:Q112)) -> 241.1536 | S112: L26_HSIO4 | T112: 109 | U112: GPD_6_SLP_AB | V112: AN7 | W112: 10316.3 | X112: 3843 | Y112: IO | Z112: Bottom | AA112: DM800 | AC112: 1 | AD112: TD01 | AQ112: direct route to TC
A113: 110 | B113: D1_TC_TD01__GPD_7 | C113: AK3 | D113: J1603.CS13 | E113: J1603PIN087 | Q113: 146.9103 | R113: =IF(AND(P113="",Q113=""),"",SUM(P113:Q113)) -> 146.9103 | S113: L15_INT4 | T113: 110 | U113: GPD_7 | V113: AK3 | W113: 12217.9 | X113: 2366.3 | Y113: IO | Z113: Bottom | AA113: DM800 | AC113: 1 | AD113: TD01 | AQ113: direct route to TC
A114: 111 | B114: D1_TC_TD01__GPD_8_SUSCLK | C114: AK4 | D114: J1603.DS11 | E114: J1603PIN092 | Q114: 169.9291 | R114: =IF(AND(P114="",Q114=""),"",SUM(P114:Q114)) -> 169.9291 | S114: L22_HSIO2 | T114: 111 | U114: GPD_8_SUSCLK | V114: AK4 | W114: 11697.7 | X114: 2274.3 | Y114: IO | Z114: Bottom | AA114: DM800 | AC114: 1 | AD114: TD01 | AQ114: direct route to TC
... A153: 150 | B153: D1_TC_TD01__GPP_C_1_SMBDATA | C153: AD55 | D153: J1703.CS10 | E153: J1703PIN005 | Q153: 154.7768 | R153: =IF(AND(P153="",Q153=""),"",SUM(P153:Q153)) -> 154.7768 | S153: L13_INT3 | T153: 150 | U153: GPP_C_1_SMBDATA | V153: AD55 | W153: -12159 | X153: -692.2 | Y153: IO | Z153: Bottom | AA153: DM800 | AC153: 1 | AD153: TD01 | AQ153: direct route to TC
A154: 151 | B154: D1_TC_M08_SC4_TD01__GPP_C_10_UART0_RTSB | C154: Y49 | D154: J1706.DS10 | E154: J1706PIN006 | Q154: 187.335 | R154: =IF(AND(P154="",Q154=""),"",SUM(P154:Q154)) -> 187.335 | S154: L20_HSIO1 | T154: 151 | U154: GPP_C_10_UART0_RTSB | V154: Y49 | W154: -9670.8 | X154: -2204.7 | Y154: IO | Z154: Bottom | AA154: DM800 | AB154: SC4 | AC154: 1 | AD154: TD01 | AJ154: M08 | AK154: 1500 | AQ154: direct route to TC with channel link requirement
A155: 152 | B155: D1_TC_M08_SC4_TD01__GPP_C_11_UART0_CTSB | C155: Y51 | D155: J1705.DS11 | E155: J1705PIN048 | Q155: 210.3272 | R155: =IF(AND(P155="",Q155=""),"",SUM(P155:Q155)) -> 210.3272 | S155: L24_HSIO3 | T155: 152 | U155: GPP_C_11_UART0_CTSB | V155: Y51 | W155: -10359.1 | X155: -2395.2 | Y155: IO | Z155: Bottom | AA155: DM800 | AB155: SC4 | AC155: 1 | AD155: TD01 | AJ155: M08 | AK155: 1500 | AQ155: direct route to TC with channel link requirement
A156: 153 | B156: D1_TC_M08_SC4_TD01__GPP_C_12_UART1_RXD_ISH_UART1_RXD | C156: AB55 | D156: J1704.BS9 | E156: J1704PIN125 | Q156: 187.7267 | R156: =IF(AND(P156="",Q156=""),"",SUM(P156:Q156)) -> 187.7267 | S156: L24_HSIO3 | T156: 153 | U156: GPP_C_12_UART1_RXD_ISH_UART1_RXD | V156: AB55 | W156: -12285.7 | X156: -1192.8 | Y156: IO | Z156: Bottom | AA156: DM800 | AB156: SC4 | AC156: 1 | AD156: TD01 | AJ156: M08 | AK156: 1500 | AQ156: direct route to TC with channel link requirement
...

Sheet SITE3
B1: ITTO-620-0190 Meteor Lake PCH X4 | C1: SITE3 | M1: 44637
B3: Function | C3: Land# | D3: Channel/Tester No | F3: Components | P3: Minor Length | Q3: Major Length | R3: Total Length | S3: Trace Layer | U3: Pin Name | V3: Pin Location | W3: X-Coord | X3: Y-Coord | Y3: Power, GND or IO (Pin Type) | Z3: Top/Bottom Pin | AA3: Interface | AB3: Channel link (CMT DM250 and DM800 only) | AC3: Channel count | AD3: Time Domain | AE3: Min Trace Length (mils) | AF3: Max Trace Length (mils) | AG3: Diff pair number | AH3: Diff phase tolerance (+/- mils) | AI3: Differential impedance (Ohm) | AJ3: Match Group | AK3: Match Group tolerance (+/- mils) | AL3: Share channel (match required) | AM3: Loop back | AN3: RCOMP Groups | AO3: Test point needed | AP3: Signal Speed (MHz) Pins | AQ3: PCB Routing Instruction
A4: 1 | B4: D3_TC_M04_DP01_TD02__CLKOUT_SRC_N_0 | C4: R10 | D4: J1809.DS6 | E4: J1809PIN102 | Q4: 222.806 | R4: =IF(AND(P4="",Q4=""),"",SUM(P4:Q4)) -> 222.806 | S4: L30_HSIO6 | T4: 1 | U4: CLKOUT_SRC_N_0 | V4: R10 | W4: 8983.5 | X4: -4897.1 | Y4: IO | Z4: Bottom | AA4: DM800 | AC4: 1 | AD4: TD02 | AG4: DP01 | AH4: 5 | AI4: 100 | AJ4: M04 | AK4: 5 | AQ4: Differential. Site-to-Site match.
A5: 510 | B5: D3_TC_M01_DP80_L67_TD01__USB31_1_TXN | C5: A17 | D5: J1806.DS12 | E5: J1806PIN090 | F5: CC202.1 | G5: LC203.1 | H5: LC203.2 | P5: 258.0421 | Q5: 54.7704 | R5: =IF(AND(P5="",Q5=""),"",SUM(P5:Q5)) -> 312.8125 | S5: L22_HSIO2/L26_HSIO4 | T5: 510 | U5: USB31_1_TXN | V5: A17 | W5: 12413 | X5: -8492.5 | Y5: IO | Z5: Bottom | AA5: DM800 | AC5: 1 | AD5: TD02 | AG5: DP02 | AH5: 5 | AI5: 100 | AJ5: M04 | AK5: 5 | AQ5: Differential. Site-to-Site match.
A6: 3 | B6: D3_TC_M04_DP03_TD02__CLKOUT_SRC_N_10 | C6: H5 | D6: J1809.CS1 | E6: J1809PIN109 | Q6: 222.7985 | R6: =IF(AND(P6="",Q6=""),"",SUM(P6:Q6)) -> 222.7985 | S6: L11_INT2 | T6: 3 | U6: CLKOUT_SRC_N_10 | V6: H5 | W6: 11455.4 | X6: -8192.8 | Y6: IO | Z6: Bottom | AA6: DM800 | AC6: 1 | AD6: TD02 | AG6: DP03 | AH6: 5 | AI6: 100 | AJ6: M04 | AK6: 5 | AQ6: Differential. Site-to-Site match.
A7: 541 | B7: D3_TC_M01_DP88_L82_TD01__USB31_8_RXP | C7: K25 | D7: J1806.CS4 | E7: J1806PIN103 | F7: CC215.2 | G7: LC230.1 | H7: LC230.2 | P7: 258.0014 | Q7: 54.6071 | R7: =IF(AND(P7="",Q7=""),"",SUM(P7:Q7)) -> 312.6085 | S7: L20_HSIO1/L28_HSIO5 | T7: 541 | U7: USB31_8_RXP | V7: K25 | W7: 10945.9 | X7: -7035.5 | Y7: IO | Z7: Bottom | AA7: DM800 | AC7: 1 | AD7: TD02 | AG7: DP04 | AH7: 5 | AI7: 100 | AJ7: M04 | AK7: 5 | AQ7: Differential. Site-to-Site match.
A8: 5 | B8: D3_TC_M04_DP05_TD02__CLKOUT_SRC_N_12 | C8: N6 | D8: J1807.AS5 | E8: J1807PIN030 | Q8: 222.809 | R8: =IF(AND(P8="",Q8=""),"",SUM(P8:Q8)) -> 222.809 | S8: L11_INT2 | T8: 5 | U8: CLKOUT_SRC_N_12 | V8: N6 | W8: 10945.9 | X8: -5854.3 | Y8: IO | Z8: Bottom | AA8: DM800 | AC8: 1 | AD8: TD02 | AG8: DP05 | AH8: 5 | AI8: 100 | AJ8: M04 | AK8: 5 | AQ8: Differential. Site-to-Site match.
A9: 542 | B9: D3_TC_M01_DP88_L81_TD01__USB31_8_TXN | C9: C27 | D9: J1806.DS3 | E9: J1806PIN106 | F9: CC216.1 | G9: LC231.1 | H9: LC231.2 | P9: 257.99 | Q9: 54.8451 | R9: =IF(AND(P9="",Q9=""),"",SUM(P9:Q9)) -> 312.8351 | S9: L20_HSIO1/L26_HSIO4 | T9: 542 | U9: USB31_8_TXN | V9: C27 | W9: 8983.5 | X9: -3258.8 | Y9: IO | Z9: Bottom | AA9: DM800 | AC9: 1 | AD9: TD02 | AG9: DP06 | AH9: 5 | AI9: 100 | AJ9: M04 | AK9: 5 | AQ9: Differential. Site-to-Site match.
A10: 7 | B10: D3_TC_M04_DP07_TD02__CLKOUT_SRC_N_2 | C10: J2 | D10: J1808.DS3 | E10: J1808PIN062 | Q10: 222.7924 | R10: =IF(AND(P10="",Q10=""),"",SUM(P10:Q10)) -> 222.7924 | S10: L9_INT1 | T10: 7 | U10: CLKOUT_SRC_N_2 | V10: J2 | W10: 12786.5 | X10: -7784.1 | Y10: IO | Z10: Bottom | AA10: DM800 | AC10: 1 | AD10: TD02 | AG10: DP07 | AH10: 5 | AI10: 100 | AJ10: M04 | AK10: 5 | AQ10: Differential. Site-to-Site match.
A11: 429 | B11: D3_TC_M01_DP62_L17_TD01__PCIE_8_TXN | C11: BG27 | D11: J1803.DS14 | E11: J1803PIN086 | F11: CC236.1 | G11: LC271.1 | H11: LC271.2 | P11: 258.0329 | Q11: 54.4664 | R11: =IF(AND(P11="",Q11=""),"",SUM(P11:Q11)) -> 312.4993 | S11: L28_HSIO5/L20_HSIO1 | T11: 429 | U11: PCIE_8_TXN | V11: BG27 | W11: 12702.5 | X11: -7123.4 | Y11: IO | Z11: Bottom | AA11: DM800 | AC11: 1 | AD11: TD02 | AG11: DP08 | AH11: 5 | AI11: 100 | AJ11: M04 | AK11: 5 | AQ11: Differential. Site-to-Site match.
A12: 9 | B12: D3_TC_M04_DP09_TD02__CLKOUT_SRC_N_4 | C12: M3 | D12: J1808.CS4 | E12: J1808PIN059 | Q12: 222.8692 | R12: =IF(AND(P12="",Q12=""),"",SUM(P12:Q12)) -> 222.8692 | S12: L9_INT1 | T12: 9 | U12: CLKOUT_SRC_N_4 | V12: M3 | W12: 12413 | X12: -6295.4 | Y12: IO | Z12: Bottom | AA12: DM800 | AC12: 1 | AD12: TD02 | AG12: DP09 | AH12: 5 | AI12: 100 | AJ12: M04 | AK12: 5 | AQ12: Differential. Site-to-Site match.
A13: 10 | B13: D3_TC_M04_DP10_TD02__CLKOUT_SRC_N_5 | C13: M4 | D13: J1807.DS7 | E13: J1807PIN012 | Q13: 222.8261 | R13: =IF(AND(P13="",Q13=""),"",SUM(P13:Q13)) -> 222.8261 | S13: L13_INT3 | T13: 10 | U13: CLKOUT_SRC_N_5 | V13: M4 | W13: 11912.6 | X13: -6214.1 | Y13: IO | Z13: Bottom | AA13: DM800 | AC13: 1 | AD13: TD02 | AG13: DP10 | AH13: 5 | AI13: 100 | AJ13: M04 | AK13: 5 | AQ13: Differential. Site-to-Site match.
A14: 317 | B14: D3_TC_TD01__GPP_R_9_ISH_SPI_CSB_GSPI2_CS0B | C14: AW4 | D14: J1803.CS2 | E14: J1803PIN107 | Q14: 159.5425 | R14: =IF(AND(P14="",Q14=""),"",SUM(P14:Q14)) -> 159.5425 | S14: L20_HSIO1 | T14: 317 | U14: GPP_R_9_ISH_SPI_CSB_GSPI2_CS0B | V14: AW4 | W14: 12285.7 | X14: -5587 | Y14: IO | Z14: Bottom | AA14: DM800 | AC14: 1 | AD14: TD02 | AG14: DP11 | AH14: 5 | AI14: 100 | AJ14: M04 | AK14: 5 | AQ14: Differential. Site-to-Site match.
A15: 12 | B15: D3_TC_M04_DP12_TD02__CLKOUT_SRC_N_7 | C15: R2 | D15: J1807.CS4 | E15: J1807PIN015 | Q15: 222.8106 | R15: =IF(AND(P15="",Q15=""),"",SUM(P15:Q15)) -> 222.8106 | S15: L11_INT2 | T15: 12 | U15: CLKOUT_SRC_N_7 | V15: R2 | W15: 12702.5 | X15: -4926.3 | Y15: IO | Z15: Bottom | AA15: DM800 | AC15: 1 | AD15: TD02 | AG15: DP12 | AH15: 5 | AI15: 100 | AJ15: M04 | AK15: 5 | AQ15: Differential. Site-to-Site match.
A16: 486 | B16: D3_TC_M14_DP74_TD01__USB2N_5 | C16: E11 | D16: J1805.DS7 | E16: J1805PIN056 | Q16: 232.8764 | R16: =IF(AND(P16="",Q16=""),"",SUM(P16:Q16)) -> 232.8764 | S16: L24_HSIO3 | T16: 486 | U16: USB2N_5 | V16: E11 | W16: 12217.9 | X16: -4563.4 | Y16: IO | Z16: Bottom | AA16: DM800 | AC16: 1 | AD16: TD02 | AG16: DP13 | AH16: 5 | AI16: 100 | AJ16: M04 | AK16: 5 | AQ16: Differential. Site-to-Site match.
A17: 14 | B17: D3_TC_M04_DP14_TD02__CLKOUT_SRC_N_9 | C17: J7 | D17: J1808.BS2 | E17: J1808PIN067 | Q17: 222.8078 | R17: =IF(AND(P17="",Q17=""),"",SUM(P17:Q17)) -> 222.8078 | S17: L11_INT2 | T17: 14 | U17: CLKOUT_SRC_N_9 | V17: J7 | W17: 10449.6 | X17: -7741.5 | Y17: IO | Z17: Bottom | AA17: DM800 | AC17: 1 | AD17: TD02 | AG17: DP14 | AH17: 5 | AI17: 100 | AJ17: M04 | AK17: 5 | AQ17: Differential. Site-to-Site match.
A18: 15 | B18: D3_TC_M04_DP01_TD02__CLKOUT_SRC_P_0 | C18: R12 | D18: J1809.DS7 | E18: J1809PIN100 | Q18: 222.8073 | R18: =IF(AND(P18="",Q18=""),"",SUM(P18:Q18)) -> 222.8073 | S18: L30_HSIO6 | T18: 15 | U18: CLKOUT_SRC_P_0 | V18: R12 | W18: 8272.3 | X18: -4897.1 | Y18: IO | Z18: Bottom | AA18: DM800 | AC18: 1 | AD18: TD02 | AG18: DP01 | AH18: 5 | AI18: 100 | AJ18: M04 | AK18: 5 | AQ18: Differential. Site-to-Site match.
A19: 16 | B19: D3_TC_M04_DP02_TD02__CLKOUT_SRC_P_1 | C19: G2 | D19: J1809.AS2 | E19: J1809PIN112 | Q19: 222.8328 | R19: =IF(AND(P19="",Q19=""),"",SUM(P19:Q19)) -> 222.8328 | S19: L9_INT1 | T19: 16 | U19: CLKOUT_SRC_P_1 | V19: G2 | W19: 12915.4 | X19: -8462.3 | Y19: IO | Z19: Bottom | AA19: DM800 | AC19: 1 | AD19: TD02 | AG19: DP02 | AH19: 5 | AI19: 100 | AJ19: M04 | AK19: 5 | AQ19: Differential. Site-to-Site match.
A20: 17 | B20: D3_TC_M04_DP03_TD02__CLKOUT_SRC_P_10 | C20: F5 | D20: J1809.CS2 | E20: J1809PIN107 | Q20: 222.799 | R20: =IF(AND(P20="",Q20=""),"",SUM(P20:Q20)) -> 222.799 | S20: L11_INT2 | T20: 17 | U20: CLKOUT_SRC_P_10 | V20: F5 | W20: 11553.9 | X20: -9009.9 | Y20: IO | Z20: Bottom | AA20: DM800 | AC20: 1 | AD20: TD02 | AG20: DP03 | AH20: 5 | AI20: 100 | AJ20: M04 | AK20: 5 | AQ20: Differential. Site-to-Site match.
A21: 18 | B21: D3_TC_M04_DP04_TD02__CLKOUT_SRC_P_11 | C21: L7 | D21: J1808.CS1 | E21: J1808PIN065 | Q21: 222.8428 | R21: =IF(AND(P21="",Q21=""),"",SUM(P21:Q21)) -> 222.8428 | S21: L13_INT3 | T21: 18 | U21: CLKOUT_SRC_P_11 | V21: L7 | W21: 10289.3 | X21: -6694.5 | Y21: IO | Z21: Bottom | AA21: DM800 | AC21: 1 | AD21: TD02 | AG21: DP04 | AH21: 5 | AI21: 100 | AJ21: M04 | AK21: 5 | AQ21: Differential. Site-to-Site match.
A22: 19 | B22: D3_TC_M04_DP05_TD02__CLKOUT_SRC_P_12 | C22: N7 | D22: J1807.AS4 | E22: J1807PIN028 | Q22: 222.8574 | R22: =IF(AND(P22="",Q22=""),"",SUM(P22:Q22)) -> 222.8574 | S22: L11_INT2 | T22: 19 | U22: CLKOUT_SRC_P_12 | V22: N7 | W22: 10289.3 | X22: -5521.3 | Y22: IO | Z22: Bottom | AA22: DM800 | AC22: 1 | AD22: TD02 | AG22: DP05 | AH22: 5 | AI22: 100 | AJ22: M04 | AK22: 5 | AQ22: Differential. Site-to-Site match.
A23: 20 | B23: D3_TC_M04_DP06_TD02__CLKOUT_SRC_P_13 | C23: V12 | D23: J1809.BS3 | E23: J1809PIN113 | Q23: 222.8136 | R23: =IF(AND(P23="",Q23=""),"",SUM(P23:Q23)) -> 222.8136 | S23: L30_HSIO6 | T23: 20 | U23: CLKOUT_SRC_P_13 | V23: V12 | W23: 8272.3 | X23: -3258.8 | Y23: IO | Z23: Bottom | AA23: DM800 | AC23: 1 | AD23: TD02 | AG23: DP06 | AH23: 5 | AI23: 100 | AJ23: M04 | AK23: 5 | AQ23: Differential. Site-to-Site match.
... A26: 23 | B26: D3_TC_M04_DP09_TD02__CLKOUT_SRC_P_4 | C26: M2 | D26: J1808.CS3 | E26: J1808PIN061 | Q26: 222.8634 | R26: =IF(AND(P26="",Q26=""),"",SUM(P26:Q26)) -> 222.8634 | S26: L9_INT1 | T26: 23 | U26: CLKOUT_SRC_P_4 | V26: M2 | W26: 12915.4 | X26: -6265.2 | Y26: IO | Z26: Bottom | AA26: DM800 | AC26: 1 | AD26: TD02 | AG26: DP09 | AH26: 5 | AI26: 100 | AJ26: M04 | AK26: 5 | AQ26: Differential. Site-to-Site match.
A27: 97 | B27: D3_TC_DP39_TD01_TP__EXT_INJ_PHY_P_PAD | C27: F3 | D27: J1805.CS3 | E27: J1805PIN061 | F27: TPC607.1 | Q27: 209.2126 | R27: =IF(AND(P27="",Q27=""),"",SUM(P27:Q27)) -> 209.2126 | S27: L15_INT4 | T27: 97 | U27: EXT_INJ_PHY_P_PAD | V27: F3 | W27: 11455.4 | X27: -5995.7 | Y27: IO | Z27: Bottom | AA27: DM800 | AC27: 1 | AD27: TD02 | AG27: DP10 | AH27: 5 | AI27: 100 | AJ27: M04 | AK27: 5 | AQ27: Differential. Site-to-Site match.
A28: 25 | B28: D3_TC_M04_DP11_TD02__CLKOUT_SRC_P_6 | C28: N2 | D28: J1808.AS2 | E28: J1808PIN068 | Q28: 222.8328 | R28: =IF(AND(P28="",Q28=""),"",SUM(P28:Q28)) -> 222.8328 | S28: L9_INT1 | T28: 25 | U28: CLKOUT_SRC_P_6 | V28: N2 | W28: 12786.5 | X28: -5587 | Y28: IO | Z28: Bottom | AA28: DM800 | AC28: 1 | AD28: TD02 | AG28: DP11 | AH28: 5 | AI28: 100 | AJ28: M04 | AK28: 5 | AQ28: Differential. Site-to-Site match.
A29: 26 | B29: D3_TC_M04_DP12_TD02__CLKOUT_SRC_P_7 | C29: P3 | D29: J1807.CS3 | E29: J1807PIN017 | Q29: 222.8102 | R29: =IF(AND(P29="",Q29=""),"",SUM(P29:Q29)) -> 222.8102 | S29: L11_INT2 | T29: 26 | U29: CLKOUT_SRC_P_7 | V29: P3 | W29: 12159 | X29: -5080 | Y29: IO | Z29: Bottom | AA29: DM800 | AC29: 1 | AD29: TD02 | AG29: DP12 | AH29: 5 | AI29: 100 | AJ29: M04 | AK29: 5 | AQ29: Differential. Site-to-Site match.
A30: 27 | B30: D3_TC_M04_DP13_TD02__CLKOUT_SRC_P_8 | C30: T3 | D30: J1807.DS3 | E30: J1807PIN018 | Q30: 222.81 | R30: =IF(AND(P30="",Q30=""),"",SUM(P30:Q30)) -> 222.81 | S30: L9_INT1 | T30: 27 | U30: CLKOUT_SRC_P_8 | V30: T3 | W30: 12413 | X30: -4098.3 | Y30: IO | Z30: Bottom | AA30: DM800 | AC30: 1 | AD30: TD02 | AG30: DP13 | AH30: 5 | AI30: 100 | AJ30: M04 | AK30: 5 | AQ30: Differential. Site-to-Site match.
A31: 28 | B31: D3_TC_M04_DP14_TD02__CLKOUT_SRC_P_9 | C31: H6 | D31: J1808.BS3 | E31: J1808PIN069 | Q31: 222.8529 | R31: =IF(AND(P31="",Q31=""),"",SUM(P31:Q31)) -> 222.8529 | S31: L11_INT2 | T31: 28 | U31: CLKOUT_SRC_P_9 | V31: H6 | W31: 10883.1 | X31: -8100 | Y31: IO | Z31: Bottom | AA31: DM800 | AC31: 1 | AD31: TD02 | AG31: DP14 | AH31: 5 | AI31: 100 | AJ31: M04 | AK31: 5 | AQ31: Differential. Site-to-Site match.
A32: 29 | B32: D3_TC_M02_DP15_TD02__CLKOUT_XTAL_N | C32: C7 | D32: J1809.DS2 | E32: J1809PIN108 | Q32: 187.7767 | R32: =IF(AND(P32="",Q32=""),"",SUM(P32:Q32)) -> 187.7767 | S32: L9_INT1 | T32: 29 | U32: CLKOUT_XTAL_N | V32: C7 | W32: 10659.4 | X32: -10665.3 | Y32: IO | Z32: Bottom | AA32: DM800 | AC32: 1 | AD32: TD02 | AG32: DP15 | AH32: 5 | AI32: 100 | AJ32: M02 | AK32: 5 | AQ32: Differential. Site-to-Site match.
A33: 30 | B33: D3_TC_M02_DP15_TD02__CLKOUT_XTAL_P | C33: B6 | D33: J1809.DS1 | E33: J1809PIN110 | Q33: 187.7643 | R33: =IF(AND(P33="",Q33=""),"",SUM(P33:Q33)) -> 187.7643 | S33: L9_INT1 | T33: 30 | U33: CLKOUT_XTAL_P | V33: B6 | W33: 11181.6 | X33: -10770.7 | Y33: IO | Z33: Bottom | AA33: DM800 | AC33: 1 | AD33: TD02 | AG33: DP15 | AH33: 5 | AI33: 100 | AJ33: M02 | AK33: 5 | AQ33: Differential. Site-to-Site match.
A34: 31 | B34: D3_TC_M10_DP16_L88_TD01__CNV_WR_CLKN | C34: BB15 | D34: J1802.BS5 | E34: J1802PIN073 | F34: UC121.8 | G34: UC121.18 | P34: 275.3538 | Q34: 29.741 | R34: =IF(AND(P34="",Q34=""),"",SUM(P34:Q34)) -> 305.0948 | S34: L30_HSIO6/L26_HSIO4 | T34: 31 | U34: CNV_WR_CLKN | V34: BB15 | W34: 6454.6 | X34: 8048.1 | Y34: IO | Z34: Bottom | AA34: DM800 | AC34: 1 | AD34: TD01 | AG34: DP16 | AH34: 5 | AI34: 100 | AJ34: M10 | AK34: 20 | AM34: L88 | AP34: 2.56 Gbs | AQ34: Refer to "HSIO" Tab
A35: 32 | B35: D3_TC_M10_DP16_L87_TD01__CNV_WR_CLKP | C35: BC15 | D35: J1802.BS4 | E35: J1802PIN071 | F35: UC121.2 | G35: UC121.24 | P35: 275.3518 | Q35: 29.7481 | R35: =IF(AND(P35="",Q35=""),"",SUM(P35:Q35)) -> 305.0999 | S35: L30_HSIO6/L26_HSIO4 | T35: 32 | U35: CNV_WR_CLKP | V35: BC15 | W35: 6821 | X35: 8695.8 | Y35: IO | Z35: Bottom | AA35: DM800 | AC35: 1 | AD35: TD01 | AG35: DP16 | AH35: 5 | AI35: 100 | AJ35: M10 | AK35: 20 | AM35: L87 | AP35: 2.56 Gbs | AQ35: Refer to "HSIO" Tab
A36: 33 | B36: D3_TC_M10_DP17_L90_TD01__CNV_WR_D0N | C36: AV16 | D36: J1801.BS4 | E36: J1801PIN027 | F36: UC122.8 | G36: UC122.18 | P36: 275.3158 | Q36: 29.8219 | R36: =IF(AND(P36="",Q36=""),"",SUM(P36:Q36)) -> 305.1377 | S36: L30_HSIO6/L26_HSIO4 | T36: 33 | U36: CNV_WR_D0N | V36: AV16 | W36: 5965.9 | X36: 6421.8 | Y36: IO | Z36: Bottom | AA36: DM800 | AC36: 1 | AD36: TD01 | AG36: DP17 | AH36: 5 | AI36: 100 | AJ36: M10 | AK36: 20 | AM36: L90 | AP36: Dphy 2.5G (DC CoupleD - Relays and Relay switches will be added. | AQ36: Refer to "HSIO" Tab
A37: 34 | B37: D3_TC_M10_DP17_L89_TD01__CNV_WR_D0P | C37: BA16 | D37: J1801.BS5 | E37: J1801PIN029 | F37: UC122.2 | G37: UC122.24 | P37: 275.3143 | Q37: 29.8299 | R37: =IF(AND(P37="",Q37=""),"",SUM(P37:Q37)) -> 305.1442 | S37: L30_HSIO6/L26_HSIO4 | T37: 34 | U37: CNV_WR_D0P | V37: BA16 | W37: 6045.6 | X37: 7444.7 | Y37: IO | Z37: Bottom | AA37: DM800 | AC37: 1 | AD37: TD01 | AG37: DP17 | AH37: 5 | AI37: 100 | AJ37: M10 | AK37: 20 | AM37: L89 | AP37: Dphy 2.5G (DC CoupleD - Relays and Relay switches will be added. | AQ37: Refer to "HSIO" Tab
A38: 35 | B38: D3_TC_M10_DP18_L92_TD01__CNV_WR_D1N | C38: BA14 | D38: J1801.DS6 | E38: J1801PIN014 | F38: UC123.8 | G38: UC123.18 | P38: 275.3224 | Q38: 29.6363 | R38: =IF(AND(P38="",Q38=""),"",SUM(P38:Q38)) -> 304.9587 | S38: L30_HSIO6/L22_HSIO2 | T38: 35 | U38: CNV_WR_D1N | V38: BA14 | W38: 7278.6 | X38: 7469.1 | Y38: IO | Z38: Bottom | AA38: DM800 | AC38: 1 | AD38: TD01 | AG38: DP18 | AH38: 5 | AI38: 100 | AJ38: M10 | AK38: 20 | AM38: L92 | AP38: Dphy 2.5G (DC CoupleD - Relays and Relay switches will be added. | AQ38: Refer to "HSIO" Tab
A39: 36 | B39: D3_TC_M10_DP18_L91_TD01__CNV_WR_D1P | C39: BB13 | D39: J1801.DS7 | E39: J1801PIN012 | F39: UC123.2 | G39: UC123.24 | P39: 275.3168 | Q39: 29.5909 | R39: =IF(AND(P39="",Q39=""),"",SUM(P39:Q39)) -> 304.9077 | S39: L30_HSIO6/L22_HSIO2 | T39: 36 | U39: CNV_WR_D1P | V39: BB13 | W39: 7639.2 | X39: 8086.2 | Y39: IO | Z39: Bottom | AA39: DM800 | AC39: 1 | AD39: TD01 | AG39: DP18 | AH39: 5 | AI39: 100 | AJ39: M10 | AK39: 20 | AM39: L91 | AP39: Dphy 2.5G (DC CoupleD - Relays and Relay switches will be added. | AQ39: Refer to "HSIO" Tab
A40: 37 | B40: D3_TC_M10_DP19_L88_TD01__CNV_WT_CLKN | C40: BF14 | D40: J1803.AS2 | E40: J1803PIN112 | F40: UC121.7 | G40: UC121.19 | P40: 275.4156 | Q40: 29.8394 | R40: =IF(AND(P40="",Q40=""),"",SUM(P40:Q40)) -> 305.255 | S40: L20_HSIO1/L26_HSIO4 | T40: 37 | U40: CNV_WT_CLKN | V40: BF14 | W40: 7283.5 | X40: 9908.9 | Y40: IO | Z40: Bottom | AA40: DM800 | AC40: 1 | AD40: TD01 | AG40: DP19 | AH40: 5 | AI40: 100 | AJ40: M10 | AK40: 20 | AM40: L88 | AP40: 2.56 Gbs | AQ40: Refer to "HSIO" Tab
A41: 38 | B41: D3_TC_M10_DP19_L87_TD01__CNV_WT_CLKP | C41: BG14 | D41: J1803.AS3 | E41: J1803PIN114 | F41: UC121.1 | G41: UC121.25 | P41: 275.4006 | Q41: 29.837 | R41: =IF(AND(P41="",Q41=""),"",SUM(P41:Q41)) -> 305.2376 | S41: L20_HSIO1/L26_HSIO4 | T41: 38 | U41: CNV_WT_CLKP | V41: BG14 | W41: 7123.4 | X41: 10452.4 | Y41: IO | Z41: Bottom | AA41: DM800 | AC41: 1 | AD41: TD01 | AG41: DP19 | AH41: 5 | AI41: 100 | AJ41: M10 | AK41: 20 | AM41: L87 | AP41: 2.56 Gbs | AQ41: Refer to "HSIO" Tab
A42: 39 | B42: D3_TC_M10_DP20_L90_TD01__CNV_WT_D0N | C42: BF16 | D42: J1806.CS12 | E42: J1806PIN089 | F42: UC122.7 | G42: RC121.1 | H42: UC122.19 | P42: 275.2182 | Q42: 29.9333 | R42: =IF(AND(P42="",Q42=""),"",SUM(P42:Q42)) -> 305.1515 | S42: L28_HSIO5/L26_HSIO4 | T42: 39 | U42: CNV_WT_D0N | V42: BF16 | W42: 6295.4 | X42: 10162.9 | Y42: IO | Z42: Bottom | AA42: DM800 | AC42: 1 | AD42: TD01 | AG42: DP20 | AH42: 5 | AI42: 100 | AJ42: M10 | AK42: 20 | AM42: L90 | AP42: Dphy 2.5G (DC CoupleD - Relays and Relay switches will be added. | AQ42: Refer to "HSIO" Tab
A43: 40 | B43: D3_TC_M10_DP20_L89_TD01__CNV_WT_D0P | C43: BG16 | D43: J1806.CS11 | E43: J1806PIN091 | F43: UC122.1 | G43: KC121.3 | H43: UC122.25 | P43: 275.1678 | Q43: 29.9366 | R43: =IF(AND(P43="",Q43=""),"",SUM(P43:Q43)) -> 305.1044 | S43: L28_HSIO5/L26_HSIO4 | T43: 40 | U43: CNV_WT_D0P | V43: BG16 | W43: 6265.2 | X43: 10665.3 | Y43: IO | Z43: Bottom | AA43: DM800 | AC43: 1 | AD43: TD01 | AG43: DP20 | AH43: 5 | AI43: 100 | AJ43: M10 | AK43: 20 | AM43: L89 | AP43: Dphy 2.5G (DC CoupleD - Relays and Relay switches will be added. | AQ43: Refer to "HSIO" Tab
A44: 41 | B44: D3_TC_M10_DP21_L92_TD01__CNV_WT_D1N | C44: BE15 | D44: J1805.CS9 | E44: J1805PIN051 | F44: UC123.7 | G44: RC122.1 | H44: UC123.19 | P44: 275.2152 | Q44: 29.6142 | R44: =IF(AND(P44="",Q44=""),"",SUM(P44:Q44)) -> 304.8294 | S44: L28_HSIO5/L22_HSIO2 | T44: 41 | U44: CNV_WT_D1N | V44: BE15 | W44: 6668.5 | X44: 9447.6 | Y44: IO | Z44: Bottom | AA44: DM800 | AC44: 1 | AD44: TD01 | AG44: DP21 | AH44: 5 | AI44: 100 | AJ44: M10 | AK44: 20 | AM44: L92 | AP44: Dphy 2.5G (DC CoupleD - Relays and Relay switches will be added. | AQ44: Refer to "HSIO" Tab
A45: 42 | B45: D3_TC_M10_DP21_L91_TD01__CNV_WT_D1P | C45: BF15 | D45: J1805.CS8 | E45: J1805PIN053 | F45: UC123.1 | G45: KC122.3 | H45: UC123.25 | P45: 275.1433 | Q45: 29.586 | R45: =IF(AND(P45="",Q45=""),"",SUM(P45:Q45)) -> 304.7293 | S45: L28_HSIO5/L22_HSIO2 | T45: 42 | U45: CNV_WT_D1P | V45: BF15 | W45: 6760.5 | X45: 9967.8 | Y45: IO | Z45: Bottom | AA45: DM800 | AC45: 1 | AD45: TD01 | AG45: DP21 | AH45: 5 | AI45: 100 | AJ45: M10 | AK45: 20 | AM45: L91 | AP45: Dphy 2.5G (DC CoupleD - Relays and Relay switches will be added. | AQ45: Refer to "HSIO" Tab
A46: 43 | B46: D3_TC_TD01__CPU_TRSTB | C46: AK13 | D46: J1502.AS3 | E46: J1502PIN070 | Q46: 141.2335 | R46: =IF(AND(P46="",Q46=""),"",SUM(P46:Q46)) -> 141.2335 | S46: L11_INT2 | T46: 43 | U46: CPU_TRSTB | V46: AK13 | W46: 7674.8 | X46: 2344.5 | Y46: IO | Z46: Bottom | AA46: DM800 | AC46: 1 | AD46: TD01 | AQ46: direct route to TC
A47: 44 | B47: D3_TC_TD02__CPUPWRGD | C47: AH2 | D47: J1808.DS1 | E47: J1808PIN066 | Q47: 214.0052 | R47: =IF(AND(P47="",Q47=""),"",SUM(P47:Q47)) -> 214.0052 | S47: L28_HSIO5 | T47: 44 | U47: CPUPWRGD | V47: AH2 | W47: 12786.5 | X47: 1192.8 | Y47: IO | Z47: Bottom | AA47: DM800 | AC47: 1 | AD47: TD02 | AQ47: direct route to TC
A48: 45 | B48: D3_TC_TD01__CRASHLOG_TRIG_N | C48: AB5 | D48: J1501.CS6 | E48: J1501PIN101 | Q48: 240.2006 | R48: =IF(AND(P48="",Q48=""),"",SUM(P48:Q48)) -> 240.2006 | S48: L24_HSIO3 | T48: 45 | U48: CRASHLOG_TRIG_N | V48: AB5 | W48: 11455.4 | X48: -1601.5 | Y48: IO | Z48: Bottom | AA48: DM800 | AC48: 1 | AD48: TD01 | AQ48: direct route to TC
A49: 46 | B49: D3_TC_TD01__DBG_PMODE | C49: AF2 | D49: J1806.DS8 | E49: J1806PIN098 | Q49: 133.9616 | R49: =IF(AND(P49="",Q49=""),"",SUM(P49:Q49)) -> 133.9616 | S49: L9_INT1 | T49: 46 | U49: DBG_PMODE | V49: AF2 | W49: 12702.5 | X49: 532.1 | Y49: IO | Z49: Bottom | AA49: DM800 | AC49: 1 | AD49: TD01 | AQ49: direct route to TC
A50: 47 | B50: D3_TC_TD01__DIR_ESPI_ALERTB | C50: G56 | D50: J1509.DS7 | E50: J1509PIN012 | Q50: 211.743 | R50: =IF(AND(P50="",Q50=""),"",SUM(P50:Q50)) -> 211.743 | S50: L11_INT2 | T50: 47 | U50: DIR_ESPI_ALERTB | V50: G56 | W50: -12915.4 | X50: -8462.3 | Y50: IO | Z50: Bottom | AA50: DM800 | AC50: 1 | AD50: TD01 | AQ50: direct route to TC
A51: 48 | B51: D3_TC_TD01__DIR_ESPI_CLK | C51: F55 | D51: J1503.DS1 | E51: J1503PIN022 | Q51: 140.0729 | R51: =IF(AND(P51="",Q51=""),"",SUM(P51:Q51)) -> 140.0729 | S51: L9_INT1 | T51: 48 | U51: DIR_ESPI_CLK | V51: F55 | W51: -12547 | X51: -8975.4 | Y51: IO | Z51: Bottom | AA51: DM800 | AC51: 1 | AD51: TD01 | AQ51: direct route to TC
A52: 49 | B52: D3_TC_TD01__DIR_ESPI_CSB | C52: B52 | D52: J1509.BS2 | E52: J1509PIN023 | Q52: 216.996 | R52: =IF(AND(P52="",Q52=""),"",SUM(P52:Q52)) -> 216.996 | S52: L11_INT2 | T52: 49 | U52: DIR_ESPI_CSB | V52: B52 | W52: -11181.6 | X52: -10770.7 | Y52: IO | Z52: Bottom | AA52: DM800 | AC52: 1 | AD52: TD01 | AQ52: direct route to TC
A53: 50 | B53: D3_TC_TD01__DIR_ESPI_IO_0 | C53: D54 | D53: J1509.BS3 | E53: J1509PIN025 | Q53: 218.3976 | R53: =IF(AND(P53="",Q53=""),"",SUM(P53:Q53)) -> 218.3976 | S53: L11_INT2 | T53: 50 | U53: DIR_ESPI_IO_0 | V53: D54 | W53: -11787 | X53: -9771.9 | Y53: IO | Z53: Bottom | AA53: DM800 | AC53: 1 | AD53: TD01 | AQ53: direct route to TC
A54: 51 | B54: D3_TC_TD01__DIR_ESPI_IO_1 | C54: C55 | D54: J1509.CS6 | E54: J1509PIN013 | Q54: 217.2726 | R54: =IF(AND(P54="",Q54=""),"",SUM(P54:Q54)) -> 217.2726 | S54: L11_INT2 | T54: 51 | U54: DIR_ESPI_IO_1 | V54: C55 | W54: -12527.8 | X54: -10277.2 | Y54: IO | Z54: Bottom | AA54: DM800 | AC54: 1 | AD54: TD01 | AQ54: direct route to TC
A55: 52 | B55: D3_TC_TD01__DIR_ESPI_IO_2 | C55: G54 | D55: J1506.DS1 | E55: J1506PIN022 | Q55: 161.4148 | R55: =IF(AND(P55="",Q55=""),"",SUM(P55:Q55)) -> 161.4148 | S55: L13_INT3 | T55: 52 | U55: DIR_ESPI_IO_2 | V55: G54 | W55: -11912.6 | X55: -8411.2 | Y55: IO | Z55: Bottom | AA55: DM800 | AC55: 1 | AD55: TD01 | AQ55: direct route to TC
A56: 53 | B56: D3_TC_TD01__DIR_ESPI_IO_3 | C56: F53 | D56: J1509.DS6 | E56: J1509PIN014 | Q56: 216.4731 | R56: =IF(AND(P56="",Q56=""),"",SUM(P56:Q56)) -> 216.4731 | S56: L11_INT2 | T56: 53 | U56: DIR_ESPI_IO_3 | V56: F53 | W56: -11553.9 | X56: -9009.9 | Y56: IO | Z56: Bottom | AA56: DM800 | AC56: 1 | AD56: TD01 | AQ56: direct route to TC
A57: 54 | B57: D3_TC_TD01__DIR_ESPI_RCLK | C57: C53 | D57: J1508.DS14 | E57: J1508PIN042 | Q57: 216.8539 | R57: =IF(AND(P57="",Q57=""),"",SUM(P57:Q57)) -> 216.8539 | S57: L13_INT3 | T57: 54 | U57: DIR_ESPI_RCLK | V57: C53 | W57: -11467.2 | X57: -10357.2 | Y57: IO | Z57: Bottom | AA57: DM800 | AC57: 1 | AD57: TD01 | AQ57: direct route to TC
A58: 55 | B58: D3_TC_TD01__DIR_ESPI_RESETB | C58: G55 | D58: J1509.AS8 | E58: J1509PIN036 | Q58: 235.3764 | R58: =IF(AND(P58="",Q58=""),"",SUM(P58:Q58)) -> 235.3764 | S58: L15_INT4 | T58: 55 | U58: DIR_ESPI_RESETB | V58: G55 | W58: -12413 | X58: -8492.5 | Y58: IO | Z58: Bottom | AA58: DM800 | AC58: 1 | AD58: TD01 | AQ58: direct route to TC
A59: 56 | B59: D3_TC_M13_DP22_SL07_TD01__DMI_0_RXN__TXN | C59: E48 | D59: J1508.BS5 | E59: J1508PIN073 | F59: LC353.1 | G59: LC353.2 | P59: 250.0164 | Q59: 105.7883 | R59: =IF(AND(P59="",Q59=""),"",SUM(P59:Q59)) -> 355.8047 | S59: L28_HSIO5/L26_HSIO4 | T59: 56 | U59: DMI_0_RXN | V59: E48 | W59: -9012.6 | X59: -9459.8 | Y59: IO | Z59: Bottom | AA59: DM800 | AC59: 1 | AD59: TD01 | AF59: 1100 | AG59: DP22 | AH59: 2.5 | AI59: 85 | AJ59: M13 | AK59: 10 | AM59: SL07 | AP59: Gen4 16G (DC Coupled) - 1.2uH | AQ59: Refer to the "HSIO" Tab
A60: 57 | B60: D3_TC_M13_DP22_SL08_TD01__DMI_0_RXP__TXP | C60: G48 | D60: J1508.BS4 | E60: J1508PIN071 | F60: LC354.1 | G60: LC354.2 | P60: 250.0203 | Q60: 105.7915 | R60: =IF(AND(P60="",Q60=""),"",SUM(P60:Q60)) -> 355.8118 | S60: L28_HSIO5/L26_HSIO4 | T60: 57 | U60: DMI_0_RXP | V60: G48 | W60: -9012.6 | X60: -8748.6 | Y60: IO | Z60: Bottom | AA60: DM800 | AC60: 1 | AD60: TD01 | AF60: 1100 | AG60: DP22 | AH60: 2.5 | AI60: 85 | AJ60: M13 | AK60: 10 | AM60: SL08 | AP60: Gen4 16G (DC Coupled) - 1.2uH | AQ60: Refer to the "HSIO" Tab
A61: 58 | B61: D3_TC_M13_DP22_SL07_TD01__DMI_0_RXN__TXN | C61: C51 | D61: J1508.BS5 | E61: J1508PIN073 | F61: LC353.1 | G61: LC353.2 | P61: 250.0164 | Q61: 105.7883 | R61: =IF(AND(P61="",Q61=""),"",SUM(P61:Q61)) -> 355.8047 | S61: L28_HSIO5/L26_HSIO4 | T61: 58 | U61: DMI_0_TXN | V61: C51 | W61: -10484 | X61: -10380.6 | Y61: IO | Z61: Bottom | AA61: DM800 | AC61: 0 | AG61: DP23 | AH61: 2.5 | AI61: 85 | AJ61: M13 | AK61: 10 | AM61: SL07 | AP61: Gen4 16G (DC Coupled) - 1.2uH | AQ61: Refer to the "HSIO" Tab
A62: 59 | B62: D3_TC_M13_DP22_SL08_TD01__DMI_0_RXP__TXP | C62: C50 | D62: J1508.BS4 | E62: J1508PIN071 | F62: LC354.1 | G62: LC354.2 | P62: 250.0203 | Q62: 105.7915 | R62: =IF(AND(P62="",Q62=""),"",SUM(P62:Q62)) -> 355.8118 | S62: L28_HSIO5/L26_HSIO4 | T62: 59 | U62: DMI_0_TXP | V62: C50 | W62: -9983.4 | X62: -10380.6 | Y62: IO | Z62: Bottom | AA62: DM800 | AC62: 0 | AG62: DP23 | AH62: 2.5 | AI62: 85 | AJ62: M13 | AK62: 10 | AM62: SL08 | AP62: Gen4 16G (DC Coupled) - 1.2uH | AQ62: Refer to the "HSIO" Tab
A63: 60 | B63: D3_TC_M13_DP24_SL09_TD01__DMI_1_RXN__TXN | C63: F45 | D63: J1509.DS9 | E63: J1509PIN008 | F63: LC355.1 | G63: LC355.2 | P63: 250.0634 | Q63: 105.7842 | R63: =IF(AND(P63="",Q63=""),"",SUM(P63:Q63)) -> 355.8476 | S63: L28_HSIO5/L24_HSIO3 | T63: 60 | U63: DMI_1_RXN | V63: F45 | W63: -7640.9 | X63: -9129.8 | Y63: IO | Z63: Bottom | AA63: DM800 | AC63: 1 | AD63: TD01 | AF63: 1100 | AG63: DP24 | AH63: 2.5 | AI63: 85 | AJ63: M13 | AK63: 10 | AM63: SL09 | AP63: Gen4 16G (DC Coupled) - 1.2uH | AQ63: Refer to the "HSIO" Tab
A64: 61 | B64: D3_TC_M13_DP24_SL10_TD01__DMI_1_RXP__TXP | C64: G45 | D64: J1509.DS8 | E64: J1509PIN010 | F64: LC356.1 | G64: LC356.2 | P64: 250.0647 | Q64: 105.7815 | R64: =IF(AND(P64="",Q64=""),"",SUM(P64:Q64)) -> 355.8462 | S64: L28_HSIO5/L24_HSIO3 | T64: 61 | U64: DMI_1_RXP | V64: G45 | W64: -7640.9 | X64: -8418.6 | Y64: IO | Z64: Bottom | AA64: DM800 | AC64: 1 | AD64: TD01 | AF64: 1100 | AG64: DP24 | AH64: 2.5 | AI64: 85 | AJ64: M13 | AK64: 10 | AM64: SL10 | AP64: Gen4 16G (DC Coupled) - 1.2uH | AQ64: Refer to the "HSIO" Tab
A65: 62 | B65: D3_TC_M13_DP24_SL09_TD01__DMI_1_RXN__TXN | C65: A50 | D65: J1509.DS9 | E65: J1509PIN008 | F65: LC355.1 | G65: LC355.2 | P65: 250.0634 | Q65: 105.7842 | R65: =IF(AND(P65="",Q65=""),"",SUM(P65:Q65)) -> 355.8476 | S65: L28_HSIO5/L24_HSIO3 | T65: 62 | U65: DMI_1_TXN | V65: A50 | W65: -9801.7 | X65: -11190 | Y65: IO | Z65: Bottom | AA65: DM800 | AC65: 0 | AG65: DP25 | AH65: 2.5 | AI65: 85 | AJ65: M13 | AK65: 10 | AM65: SL09 | AP65: Gen4 16G (DC Coupled) - 1.2uH | AQ65: Refer to the "HSIO" Tab
A66: 63 | B66: D3_TC_M13_DP24_SL10_TD01__DMI_1_RXP__TXP | C66: A49 | D66: J1509.DS8 | E66: J1509PIN010 | F66: LC356.1 | G66: LC356.2 | P66: 250.0647 | Q66: 105.7815 | R66: =IF(AND(P66="",Q66=""),"",SUM(P66:Q66)) -> 355.8462 | S66: L28_HSIO5/L24_HSIO3 | T66: 63 | U66: DMI_1_TXP | V66: A49 | W66: -9301.3 | X66: -11190 | Y66: IO | Z66: Bottom | AA66: DM800 | AC66: 0 | AG66: DP25 | AH66: 2.5 | AI66: 85 | AJ66: M13 | AK66: 10 | AM66: SL10 | AP66: Gen4 16G (DC Coupled) - 1.2uH | AQ66: Refer to the "HSIO" Tab
A67: 64 | B67: D3_TC_M13_DP26_SL11_TD01__DMI_2_RXN__TXN | C67: G42 | D67: J1506.DS2 | E67: J1506PIN020 | F67: LC357.1 | G67: LC357.2 | P67: 250.0449 | Q67: 105.782 | R67: =IF(AND(P67="",Q67=""),"",SUM(P67:Q67)) -> 355.8269 | S67: L20_HSIO1/L22_HSIO2 | T67: 64 | U67: DMI_2_RXN | V67: G42 | W67: -6283.6 | X67: -8418.6 | Y67: IO | Z67: Bottom | AA67: DM800 | AC67: 1 | AD67: TD01 | AF67: 1100 | AG67: DP26 | AH67: 2.5 | AI67: 85 | AJ67: M13 | AK67: 10 | AM67: SL11 | AP67: Gen4 16G (DC Coupled) - 1.2uH | AQ67: Refer to the "HSIO" Tab
A68: 65 | B68: D3_TC_M13_DP26_SL12_TD01__DMI_2_RXP__TXP | C68: F42 | D68: J1506.DS3 | E68: J1506PIN018 | F68: LC358.1 | G68: LC358.2 | P68: 250.0429 | Q68: 105.7862 | R68: =IF(AND(P68="",Q68=""),"",SUM(P68:Q68)) -> 355.8291 | S68: L20_HSIO1/L22_HSIO2 | T68: 65 | U68: DMI_2_RXP | V68: F42 | W68: -6283.6 | X68: -9129.8 | Y68: IO | Z68: Bottom | AA68: DM800 | AC68: 1 | AD68: TD01 | AF68: 1100 | AG68: DP26 | AH68: 2.5 | AI68: 85 | AJ68: M13 | AK68: 10 | AM68: SL12 | AP68: Gen4 16G (DC Coupled) - 1.2uH | AQ68: Refer to the "HSIO" Tab
A69: 66 | B69: D3_TC_M13_DP26_SL11_TD01__DMI_2_RXN__TXN | C69: C48 | D69: J1506.DS2 | E69: J1506PIN020 | F69: LC357.1 | G69: LC357.2 | P69: 250.0449 | Q69: 105.782 | R69: =IF(AND(P69="",Q69=""),"",SUM(P69:Q69)) -> 355.8269 | S69: L20_HSIO1/L22_HSIO2 | T69: 66 | U69: DMI_2_TXN | V69: C48 | W69: -9119.5 | X69: -10380.6 | Y69: IO | Z69: Bottom | AA69: DM800 | AC69: 0 | AG69: DP27 | AH69: 2.5 | AI69: 85 | AJ69: M13 | AK69: 10 | AM69: SL11 | AP69: Gen4 16G (DC Coupled) - 1.2uH | AQ69: Refer to the "HSIO" Tab
A70: 67 | B70: D3_TC_M13_DP26_SL12_TD01__DMI_2_RXP__TXP | C70: C47 | D70: J1506.DS3 | E70: J1506PIN018 | F70: LC358.1 | G70: LC358.2 | P70: 250.0429 | Q70: 105.7862 | R70: =IF(AND(P70="",Q70=""),"",SUM(P70:Q70)) -> 355.8291 | S70: L20_HSIO1/L22_HSIO2 | T70: 67 | U70: DMI_2_TXP | V70: C47 | W70: -8618.9 | X70: -10380.6 | Y70: IO | Z70: Bottom | AA70: DM800 | AC70: 0 | AG70: DP27 | AH70: 2.5 | AI70: 85 | AJ70: M13 | AK70: 10 | AM70: SL12 | AP70: Gen4 16G (DC Coupled) - 1.2uH | AQ70: Refer to the "HSIO" Tab
A71: 68 | B71: D3_TC_M13_DP28_SL13_TD01__DMI_3_RXN__TXN | C71: K42 | D71: J1506.BS5 | E71: J1506PIN029 | F71: LC359.1 | G71: LC359.2 | P71: 250.0261 | Q71: 105.7977 | R71: =IF(AND(P71="",Q71=""),"",SUM(P71:Q71)) -> 355.8238 | S71: L28_HSIO5/L20_HSIO1 | T71: 68 | U71: DMI_3_RXN | V71: K42 | W71: -6283.6 | X71: -6996.2 | Y71: IO | Z71: Bottom | AA71: DM800 | AC71: 1 | AD71: TD01 | AF71: 1100 | AG71: DP28 | AH71: 2.5 | AI71: 85 | AJ71: M13 | AK71: 10 | AM71: SL13 | AP71: Gen4 16G (DC Coupled) - 1.2uH | AQ71: Refer to the "HSIO" Tab
A72: 69 | B72: D3_TC_M13_DP28_SL14_TD01__DMI_3_RXP__TXP | C72: M42 | D72: J1506.BS4 | E72: J1506PIN027 | F72: LC360.1 | G72: LC360.2 | P72: 250.0202 | Q72: 105.7969 | R72: =IF(AND(P72="",Q72=""),"",SUM(P72:Q72)) -> 355.8171 | S72: L28_HSIO5/L20_HSIO1 | T72: 69 | U72: DMI_3_RXP | V72: M42 | W72: -6283.6 | X72: -6285 | Y72: IO | Z72: Bottom | AA72: DM800 | AC72: 1 | AD72: TD01 | AF72: 1100 | AG72: DP28 | AH72: 2.5 | AI72: 85 | AJ72: M13 | AK72: 10 | AM72: SL14 | AP72: Gen4 16G (DC Coupled) - 1.2uH | AQ72: Refer to the "HSIO" Tab
A73: 70 | B73: D3_TC_M13_DP28_SL13_TD01__DMI_3_RXN__TXN | C73: A47 | D73: J1506.BS5 | E73: J1506PIN029 | F73: LC359.1 | G73: LC359.2 | P73: 250.0261 | Q73: 105.7977 | R73: =IF(AND(P73="",Q73=""),"",SUM(P73:Q73)) -> 355.8238 | S73: L28_HSIO5/L20_HSIO1 | T73: 70 | U73: DMI_3_TXN | V73: A47 | W73: -8437.2 | X73: -11190 | Y73: IO | Z73: Bottom | AA73: DM800 | AC73: 0 | AG73: DP29 | AH73: 2.5 | AI73: 85 | AJ73: M13 | AK73: 10 | AM73: SL13 | AP73: Gen4 16G (DC Coupled) - 1.2uH | AQ73: Refer to the "HSIO" Tab
A74: 71 | B74: D3_TC_M13_DP28_SL14_TD01__DMI_3_RXP__TXP | C74: A46 | D74: J1506.BS4 | E74: J1506PIN027 | F74: LC360.1 | G74: LC360.2 | P74: 250.0202 | Q74: 105.7969 | R74: =IF(AND(P74="",Q74=""),"",SUM(P74:Q74)) -> 355.8171 | S74: L28_HSIO5/L20_HSIO1 | T74: 71 | U74: DMI_3_TXP | V74: A46 | W74: -7936.8 | X74: -11190 | Y74: IO | Z74: Bottom | AA74: DM800 | AC74: 0 | AG74: DP29 | AH74: 2.5 | AI74: 85 | AJ74: M13 | AK74: 10 | AM74: SL14 | AP74: Gen4 16G (DC Coupled) - 1.2uH | AQ74: Refer to the "HSIO" Tab
A75: 72 | B75: D3_TC_M13_DP30_SL15_TD01__DMI_4_RXN__TXN | C75: F39 | D75: J1509.AS4 | E75: J1509PIN028 | F75: LC361.1 | G75: LC361.2 | P75: 250.0989 | Q75: 105.7846 | R75: =IF(AND(P75="",Q75=""),"",SUM(P75:Q75)) -> 355.8835 | S75: L28_HSIO5/L26_HSIO4 | T75: 72 | U75: DMI_4_RXN | V75: F39 | W75: -4911.9 | X75: -9129.8 | Y75: IO | Z75: Bottom | AA75: DM800 | AC75: 1 | AD75: TD01 | AF75: 1100 | AG75: DP30 | AH75: 2.5 | AI75: 85 | AJ75: M13 | AK75: 10 | AM75: SL15 | AP75: Gen4 16G (DC Coupled) - 1.2uH | AQ75: Refer to the "HSIO" Tab
A76: 73 | B76: D3_TC_M13_DP30_SL16_TD01__DMI_4_RXP__TXP | C76: G39 | D76: J1509.AS5 | E76: J1509PIN030 | F76: LC362.1 | G76: LC362.2 | P76: 250.093 | Q76: 105.7869 | R76: =IF(AND(P76="",Q76=""),"",SUM(P76:Q76)) -> 355.8799 | S76: L28_HSIO5/L26_HSIO4 | T76: 73 | U76: DMI_4_RXP | V76: G39 | W76: -4911.9 | X76: -8418.6 | Y76: IO | Z76: Bottom | AA76: DM800 | AC76: 1 | AD76: TD01 | AF76: 1100 | AG76: DP30 | AH76: 2.5 | AI76: 85 | AJ76: M13 | AK76: 10 | AM76: SL16 | AP76: Gen4 16G (DC Coupled) - 1.2uH | AQ76: Refer to the "HSIO" Tab
A77: 74 | B77: D3_TC_M13_DP30_SL15_TD01__DMI_4_RXN__TXN | C77: C45 | D77: J1509.AS4 | E77: J1509PIN028 | F77: LC361.1 | G77: LC361.2 | P77: 250.0989 | Q77: 105.7846 | R77: =IF(AND(P77="",Q77=""),"",SUM(P77:Q77)) -> 355.8835 | S77: L28_HSIO5/L26_HSIO4 | T77: 74 | U77: DMI_4_TXN | V77: C45 | W77: -7755 | X77: -10380.6 | Y77: IO | Z77: Bottom | AA77: DM800 | AC77: 0 | AG77: DP31 | AH77: 2.5 | AI77: 85 | AJ77: M13 | AK77: 10 | AM77: SL15 | AP77: Gen4 16G (DC Coupled) - 1.2uH | AQ77: Refer to the "HSIO" Tab
A78: 75 | B78: D3_TC_M13_DP30_SL16_TD01__DMI_4_RXP__TXP | C78: C44 | D78: J1509.AS5 | E78: J1509PIN030 | F78: LC362.1 | G78: LC362.2 | P78: 250.093 | Q78: 105.7869 | R78: =IF(AND(P78="",Q78=""),"",SUM(P78:Q78)) -> 355.8799 | S78: L28_HSIO5/L26_HSIO4 | T78: 75 | U78: DMI_4_TXP | V78: C44 | W78: -7254.4 | X78: -10380.6 | Y78: IO | Z78: Bottom | AA78: DM800 | AC78: 0 | AG78: DP31 | AH78: 2.5 | AI78: 85 | AJ78: M13 | AK78: 10 | AM78: SL16 | AP78: Gen4 16G (DC Coupled) - 1.2uH | AQ78: Refer to the "HSIO" Tab
A79: 76 | B79: D3_TC_M13_DP32_SL17_TD01__DMI_5_RXN__TXN | C79: K39 | D79: J1506.BS6 | E79: J1506PIN031 | F79: LC363.1 | G79: LC363.2 | P79: 249.992 | Q79: 105.7871 | R79: =IF(AND(P79="",Q79=""),"",SUM(P79:Q79)) -> 355.7791 | S79: L20_HSIO1/L22_HSIO2 | T79: 76 | U79: DMI_5_RXN | V79: K39 | W79: -4911.9 | X79: -6996.2 | Y79: IO | Z79: Bottom | AA79: DM800 | AC79: 1 | AD79: TD01 | AF79: 1100 | AG79: DP32 | AH79: 2.5 | AI79: 85 | AJ79: M13 | AK79: 10 | AM79: SL17 | AP79: Gen4 16G (DC Coupled) - 1.2uH | AQ79: Refer to the "HSIO" Tab
A80: 77 | B80: D3_TC_M13_DP32_SL18_TD01__DMI_5_RXP__TXP | C80: M39 | D80: J1506.BS7 | E80: J1506PIN033 | F80: LC364.1 | G80: LC364.2 | P80: 250.0241 | Q80: 105.7913 | R80: =IF(AND(P80="",Q80=""),"",SUM(P80:Q80)) -> 355.8154 | S80: L20_HSIO1/L22_HSIO2 | T80: 77 | U80: DMI_5_RXP | V80: M39 | W80: -4911.9 | X80: -6285 | Y80: IO | Z80: Bottom | AA80: DM800 | AC80: 1 | AD80: TD01 | AF80: 1100 | AG80: DP32 | AH80: 2.5 | AI80: 85 | AJ80: M13 | AK80: 10 | AM80: SL18 | AP80: Gen4 16G (DC Coupled) - 1.2uH | AQ80: Refer to the "HSIO" Tab
A81: 78 | B81: D3_TC_M13_DP32_SL17_TD01__DMI_5_RXN__TXN | C81: A44 | D81: J1506.BS6 | E81: J1506PIN031 | F81: LC363.1 | G81: LC363.2 | P81: 249.992 | Q81: 105.7871 | R81: =IF(AND(P81="",Q81=""),"",SUM(P81:Q81)) -> 355.7791 | S81: L20_HSIO1/L22_HSIO2 | T81: 78 | U81: DMI_5_TXN | V81: A44 | W81: -7072.7 | X81: -11190 | Y81: IO | Z81: Bottom | AA81: DM800 | AC81: 0 | AG81: DP33 | AH81: 2.5 | AI81: 85 | AJ81: M13 | AK81: 10 | AM81: SL17 | AP81: Gen4 16G (DC Coupled) - 1.2uH | AQ81: Refer to the "HSIO" Tab
A82: 79 | B82: D3_TC_M13_DP32_SL18_TD01__DMI_5_RXP__TXP | C82: A43 | D82: J1506.BS7 | E82: J1506PIN033 | F82: LC364.1 | G82: LC364.2 | P82: 250.0241 | Q82: 105.7913 | R82: =IF(AND(P82="",Q82=""),"",SUM(P82:Q82)) -> 355.8154 | S82: L20_HSIO1/L22_HSIO2 | T82: 79 | U82: DMI_5_TXP | V82: A43 | W82: -6572.3 | X82: -11190 | Y82: IO | Z82: Bottom | AA82: DM800 | AC82: 0 | AG82: DP33 | AH82: 2.5 | AI82: 85 | AJ82: M13 | AK82: 10 | AM82: SL18 | AP82: Gen4 16G (DC Coupled) - 1.2uH | AQ82: Refer to the "HSIO" Tab
A83: 80 | B83: D3_TC_M13_DP34_SL19_TD01__DMI_6_RXN__TXN | C83: J36 | D83: J1509.BS9 | E83: J1509PIN037 | F83: LC365.1 | G83: LC365.2 | P83: 250.0693 | Q83: 105.7867 | R83: =IF(AND(P83="",Q83=""),"",SUM(P83:Q83)) -> 355.856 | S83: L28_HSIO5/L24_HSIO3 | T83: 80 | U83: DMI_6_RXN | V83: J36 | W83: -3554.6 | X83: -7707.4 | Y83: IO | Z83: Bottom | AA83: DM800 | AC83: 1 | AD83: TD01 | AF83: 1100 | AG83: DP34 | AH83: 2.5 | AI83: 85 | AJ83: M13 | AK83: 10 | AM83: SL19 | AP83: Gen4 16G (DC Coupled) - 1.2uH | AQ83: Refer to the "HSIO" Tab
A84: 81 | B84: D3_TC_M13_DP34_SL20_TD01__DMI_6_RXP__TXP | C84: K36 | D84: J1509.BS8 | E84: J1509PIN035 | F84: LC366.1 | G84: LC366.2 | P84: 250.0754 | Q84: 105.7882 | R84: =IF(AND(P84="",Q84=""),"",SUM(P84:Q84)) -> 355.8636 | S84: L28_HSIO5/L24_HSIO3 | T84: 81 | U84: DMI_6_RXP | V84: K36 | W84: -3554.6 | X84: -6996.2 | Y84: IO | Z84: Bottom | AA84: DM800 | AC84: 1 | AD84: TD01 | AF84: 1100 | AG84: DP34 | AH84: 2.5 | AI84: 85 | AJ84: M13 | AK84: 10 | AM84: SL20 | AP84: Gen4 16G (DC Coupled) - 1.2uH | AQ84: Refer to the "HSIO" Tab
A85: 82 | B85: D3_TC_M13_DP34_SL19_TD01__DMI_6_RXN__TXN | C85: C42 | D85: J1509.BS9 | E85: J1509PIN037 | F85: LC365.1 | G85: LC365.2 | P85: 250.0693 | Q85: 105.7867 | R85: =IF(AND(P85="",Q85=""),"",SUM(P85:Q85)) -> 355.856 | S85: L28_HSIO5/L24_HSIO3 | T85: 82 | U85: DMI_6_TXN | V85: C42 | W85: -6390.5 | X85: -10380.6 | Y85: IO | Z85: Bottom | AA85: DM800 | AC85: 0 | AG85: DP35 | AH85: 2.5 | AI85: 85 | AJ85: M13 | AK85: 10 | AM85: SL19 | AP85: Gen4 16G (DC Coupled) - 1.2uH | AQ85: Refer to the "HSIO" Tab
A86: 83 | B86: D3_TC_M13_DP34_SL20_TD01__DMI_6_RXP__TXP | C86: C41 | D86: J1509.BS8 | E86: J1509PIN035 | F86: LC366.1 | G86: LC366.2 | P86: 250.0754 | Q86: 105.7882 | R86: =IF(AND(P86="",Q86=""),"",SUM(P86:Q86)) -> 355.8636 | S86: L28_HSIO5/L24_HSIO3 | T86: 83 | U86: DMI_6_TXP | V86: C41 | W86: -5889.9 | X86: -10380.6 | Y86: IO | Z86: Bottom | AA86: DM800 | AC86: 0 | AG86: DP35 | AH86: 2.5 | AI86: 85 | AJ86: M13 | AK86: 10 | AM86: SL20 | AP86: Gen4 16G (DC Coupled) - 1.2uH | AQ86: Refer to the "HSIO" Tab
A87: 84 | B87: D3_TC_M13_DP36_SL21_TD01__DMI_7_RXN__TXN | C87: N36 | D87: J1507.DS2 | E87: J1507PIN108 | F87: LC367.1 | G87: LC367.2 | P87: 250.0701 | Q87: 105.7919 | R87: =IF(AND(P87="",Q87=""),"",SUM(P87:Q87)) -> 355.862 | S87: L28_HSIO5/L20_HSIO1 | T87: 84 | U87: DMI_7_RXN | V87: N36 | W87: -3554.6 | X87: -5573.8 | Y87: IO | Z87: Bottom | AA87: DM800 | AC87: 1 | AD87: TD01 | AF87: 1100 | AG87: DP36 | AH87: 2.5 | AI87: 85 | AJ87: M13 | AK87: 10 | AM87: SL21 | AP87: Gen4 16G (DC Coupled) - 1.2uH | AQ87: Refer to the "HSIO" Tab
A88: 85 | B88: D3_TC_M13_DP36_SL22_TD01__DMI_7_RXP__TXP | C88: R36 | D88: J1507.DS1 | E88: J1507PIN110 | F88: LC368.1 | G88: LC368.2 | P88: 250.0795 | Q88: 105.793 | R88: =IF(AND(P88="",Q88=""),"",SUM(P88:Q88)) -> 355.8725 | S88: L28_HSIO5/L20_HSIO1 | T88: 85 | U88: DMI_7_RXP | V88: R36 | W88: -3554.6 | X88: -4862.6 | Y88: IO | Z88: Bottom | AA88: DM800 | AC88: 1 | AD88: TD01 | AF88: 1100 | AG88: DP36 | AH88: 2.5 | AI88: 85 | AJ88: M13 | AK88: 10 | AM88: SL22 | AP88: Gen4 16G (DC Coupled) - 1.2uH | AQ88: Refer to the "HSIO" Tab
A89: 86 | B89: D3_TC_M13_DP36_SL21_TD01__DMI_7_RXN__TXN | C89: A41 | D89: J1507.DS2 | E89: J1507PIN108 | F89: LC367.1 | G89: LC367.2 | P89: 250.0701 | Q89: 105.7919 | R89: =IF(AND(P89="",Q89=""),"",SUM(P89:Q89)) -> 355.862 | S89: L28_HSIO5/L20_HSIO1 | T89: 86 | U89: DMI_7_TXN | V89: A41 | W89: -5708.2 | X89: -11190 | Y89: IO | Z89: Bottom | AA89: DM800 | AC89: 0 | AG89: DP37 | AH89: 2.5 | AI89: 85 | AJ89: M13 | AK89: 10 | AM89: SL21 | AP89: Gen4 16G (DC Coupled) - 1.2uH | AQ89: Refer to the "HSIO" Tab
A90: 87 | B90: D3_TC_M13_DP36_SL22_TD01__DMI_7_RXP__TXP | C90: A40 | D90: J1507.DS1 | E90: J1507PIN110 | F90: LC368.1 | G90: LC368.2 | P90: 250.0795 | Q90: 105.793 | R90: =IF(AND(P90="",Q90=""),"",SUM(P90:Q90)) -> 355.8725 | S90: L28_HSIO5/L20_HSIO1 | T90: 87 | U90: DMI_7_TXP | V90: A40 | W90: -5207.8 | X90: -11190 | Y90: IO | Z90: Bottom | AA90: DM800 | AC90: 0 | AG90: DP37 | AH90: 2.5 | AI90: 85 | AJ90: M13 | AK90: 10 | AM90: SL22 | AP90: Gen4 16G (DC Coupled) - 1.2uH | AQ90: Refer to the "HSIO" Tab
A91: 88 | B91: D3_TC_TD01__DMI_CLKREQB | C91: G51 | D91: J1509.CS10 | E91: J1509PIN005 | Q91: 254.0831 | R91: =IF(AND(P91="",Q91=""),"",SUM(P91:Q91)) -> 254.0831 | S91: L15_INT4 | T91: 88 | U91: DMI_CLKREQB | V91: G51 | W91: -10633.2 | X91: -8765.7 | Y91: IO | Z91: Bottom | AA91: DM800 | AC91: 1 | AD91: TD01 | AQ91: direct route to TC
A92: 89 | B92: D3_TC_TD01__DMI_PERSTB | C92: E53 | D92: J1507.DS14 | E92: J1507PIN086 | Q92: 204.3839 | R92: =IF(AND(P92="",Q92=""),"",SUM(P92:Q92)) -> 204.3839 | S92: L13_INT3 | T92: 89 | U92: DMI_PERSTB | V92: E53 | W92: -11374.8 | X92: -9478.2 | Y92: IO | Z92: Bottom | AA92: DM800 | AC92: 1 | AD92: TD01 | AQ92: direct route to TC
A93: 90 | B93: D3_Z__DMI_RCOMP | C93: B32 | D93: - | E93: - | F93: RC135.2 | Q93: 4.2365 | R93: =IF(AND(P93="",Q93=""),"",SUM(P93:Q93)) -> 4.2365 | S93: L11_INT2 | T93: 90 | U93: DMI_RCOMP | V93: B32 | W93: -1364.5 | X93: -10736.6 | Y93: IO | Z93: Bottom | AQ93: DUT to GND through 200 Ohm resistor, see RCOMP tab
A94: 91 | B94: D3_TC_DP38_TD01__DMI_REFCLKN | C94: R28 | D94: J1504.CS1 | E94: J1504PIN109 | Q94: 209.2253 | R94: =IF(AND(P94="",Q94=""),"",SUM(P94:Q94)) -> 209.2253 | S94: L9_INT1 | T94: 91 | U94: DMI_REFCLKN | V94: R28 | W94: 546.1 | X94: -4862.6 | Y94: IO | Z94: Bottom | AA94: DM800 | AC94: 1 | AD94: TD01 | AG94: DP38 | AH94: 2.5 | AI94: 85 | AQ94: direct route to TC
A95: 92 | B95: D3_TC_DP38_TD01__DMI_REFCLKP | C95: T28 | D95: J1504.CS2 | E95: J1504PIN107 | Q95: 209.2416 | R95: =IF(AND(P95="",Q95=""),"",SUM(P95:Q95)) -> 209.2416 | S95: L9_INT1 | T95: 92 | U95: DMI_REFCLKP | V95: T28 | W95: 546.1 | X95: -4151.4 | Y95: IO | Z95: Bottom | AA95: DM800 | AC95: 1 | AD95: TD01 | AG95: DP38 | AH95: 2.5 | AI95: 85 | AQ95: direct route to TC
A96: 93 | B96: D3_TC_TD01__DSW_PWROK | C96: AH5 | D96: J1501.CS4 | E96: J1501PIN103 | Q96: 232.1674 | R96: =IF(AND(P96="",Q96=""),"",SUM(P96:Q96)) -> 232.1674 | S96: L24_HSIO3 | T96: 93 | U96: DSW_PWROK | V96: AH5 | W96: 11455.4 | X96: 1601.5 | Y96: IO | Z96: Bottom | AA96: DM800 | AC96: 1 | AD96: TD01 | AQ96: direct route to TC
A97: 94 | B97: D3_TC_TD01_TP__EDM1 | C97: Y17 | D97: J1805.DS14 | E97: J1805PIN042 | F97: RC524.1 | G97: TPC610.1 | H97: JC3.1 | I97: JC3.2 | J97: RC524.2 | P97: 74.5265 | Q97: 195.6556 | R97: =IF(AND(P97="",Q97=""),"",SUM(P97:Q97)) -> 270.1821 | S97: L24_HSIO3/L28_HSIO5/L11_INT2/L30_HSIO6 | T97: 94 | U97: EDM1 | V97: Y17 | W97: 5503.1 | X97: -2344.5 | Y97: IO | Z97: Bottom | AA97: DM800 | AC97: 1 | AD97: TD01 | AO97: TP | AQ97: See EDM1 Tab for EDM1 Header Config
A98: 95 | B98: D3_TC_TD01_TP__EDM2 | C98: Y19 | D98: J1806.DS14 | E98: J1806PIN086 | F98: TPC609.1 | Q98: 261.5114 | R98: =IF(AND(P98="",Q98=""),"",SUM(P98:Q98)) -> 261.5114 | S98: L11_INT2/L30_HSIO6 | T98: 95 | U98: EDM2 | V98: Y19 | W98: 4779.2 | X98: -2344.5 | Y98: IO | Z98: Bottom | AA98: DM800 | AC98: 1 | AD98: TD01 | AO98: TP | AQ98: direct route to TC with TP
A99: 96 | B99: D3_TC_DP39_TD01_TP__EXT_INJ_PHY_N_PAD | C99: E2 | D99: J1805.CS4 | E99: J1805PIN059 | F99: TPC608.1 | Q99: 209.2981 | R99: =IF(AND(P99="",Q99=""),"",SUM(P99:Q99)) -> 209.2981 | S99: L15_INT4 | T99: 96 | U99: EXT_INJ_PHY_N_PAD | V99: E2 | W99: 12922 | X99: -9407.2 | Y99: IO | Z99: Bottom | AA99: DM800 | AC99: 1 | AD99: TD01 | AG99: DP39 | AH99: 5 | AI99: 100 | AO99: TP | AQ99: Match lengths between P and N. Direct route to TC with TP, see Component Debug Tab
A100: 503 | B100: D3_TC_M14_DP77_TD01__USB2P_8 | C100: C9 | D100: J1805.DS2 | E100: J1805PIN064 | Q100: 232.6754 | R100: =IF(AND(P100="",Q100=""),"",SUM(P100:Q100)) -> 232.6754 | S100: L15_INT4 | T100: 503 | U100: USB2P_8 | V100: C9 | W100: 12547 | X100: -8975.4 | Y100: IO | Z100: Bottom | AA100: DM800 | AC100: 1 | AD100: TD01 | AG100: DP39 | AH100: 5 | AI100: 100 | AO100: TP | AQ100: Match lengths between P and N. Direct route to TC with TP, see Component Debug Tab
A101: 98 | B101: D3_TC_TD01__FBRK_OUT_N | C101: AE3 | D101: J1803.DS9 | E101: J1803PIN096 | Q101: 143.961 | R101: =IF(AND(P101="",Q101=""),"",SUM(P101:Q101)) -> 143.961 | S101: L15_INT4 | T101: 98 | U101: FBRK_OUT_N | V101: AE3 | W101: 12397.7 | X101: 0 | Y101: IO | Z101: Bottom | AA101: DM800 | AC101: 1 | AD101: TD01 | AQ101: direct route to TC
A102: 99 | B102: D3_P__VLC7_1_FOLD | C102: ZZZ5 | D102: - | E102: - | R102: =IF(AND(P102="",Q102=""),"",SUM(P102:Q102)) | T102: 99 | U102: Fold Circuit | V102: ZZZ5 | Y102: Power | AA102: DPS150 | AQ102: DPS150_3_LCDPS_5
A103: 100 | B103: D3_TC_TD01__GPD_0_BATLOWB | C103: AM13 | D103: J1501.AS7 | E103: J1501PIN122 | Q103: 142.3308 | R103: =IF(AND(P103="",Q103=""),"",SUM(P103:Q103)) -> 142.3308 | S103: L11_INT2 | T103: 100 | U103: GPD_0_BATLOWB | V103: AM13 | W103: 7674.8 | X103: 3335.2 | Y103: IO | Z103: Bottom | AA103: DM800 | AC103: 1 | AD103: TD01 | AQ103: direct route to TC
...

Sheet CNV_M10
B1: =SITE1!B1 -> ITTO-620-0190 Meteor Lake PCH X4 | K1: 44635
B2: CNV
K4: DUT to SW | M4: Loopback Diff pair | R4: Total | T4: Jconnector Diff pair
K5: max | L5: =MAX(K14:L25) -> 29.9366 | M5: max | N5: =MAX(M14:N25) -> 0.0454 | R5: max | S5: =MAX(R14:S25) -> 305.255 | T5: max | U5: =MAX(T14:U25) -> 0.1001
K6: min | L6: =MIN(K14:L25) -> 29.586 | R6: min | S6: =MIN(R14:S25) -> 304.7293
K7: Diff. | L7: =L5-L6 -> 0.3506 | R7: Diff. | S7: =S5-S6 -> 0.5257
K8: Less than | L8: =I14*2 -> 40 | M8: Less than | N8: 5 | R8: Less than | S8: =I14*2 -> 40 | T8: Less than | U8: 5
L9: =L8*0.0254 -> 1.016 | N9: =N8*0.0254 -> 0.127 | S9: =S8*0.0254 -> 1.016 | U9: =U8*0.0254 -> 0.127
L10: =IF(L7>L9,"Wrong","OK") -> OK | N10: =IF(N5>N9,"Wrong","OK") -> OK | S10: =IF(S7>S9,"Wrong","OK") -> OK | U10: =IF(U5>U9,"Wrong","OK") -> OK
K12: DUT to SW (MM) | M12: Diff pair (MM) | P12: SW to Jconnector (MM) | R12: Total (MM) | T12: Diff pair (MM)
B13: Pin Name | C13: Pin Location | D13: Min Trace Length (mils) | E13: Max Trace Length (mils) | F13: Diff pair number | G13: Diff phase tolerance (+/- mils) | H13: Match Group | I13: Match Group tolerance (+/- mils) | J13: Loop back | K13: SITE1 | L13: SITE3 | M13: SITE1 | N13: SITE3 | P13: SITE1 | Q13: SITE3 | R13: SITE1 | S13: SITE3 | T13: SITE1 | U13: SITE3
B14: CNV_WR_CLKN | C14: BB15 | F14: DP16 | G14: 5 | H14: M10 | I14: 20 | J14: L88 | K14: 29.741 | L14: 29.741 | M14: =ABS(K14-K15) -> 0.0071 | N14: =ABS(L14-L15) -> 0.0071 | P14: 275.3538 | Q14: 275.3538 | R14: =SUM(K14,P14) -> 305.0948 | S14: =SUM(L14,Q14) -> 305.0948 | T14: =ABS(R14-R15) -> 0.0051 | U14: =ABS(S14-S15) -> 0.0051
B15: CNV_WR_CLKP | C15: BC15 | F15: DP16 | G15: 5 | H15: M10 | I15: 20 | J15: L87 | K15: 29.7481 | L15: 29.7481 | P15: 275.3518 | Q15: 275.3518 | R15: =SUM(K15,P15) -> 305.0999 | S15: =SUM(L15,Q15) -> 305.0999
B16: CNV_WR_D0N | C16: AV16 | F16: DP17 | G16: 5 | H16: M10 | I16: 20 | J16: L90 | K16: 29.8219 | L16: 29.8219 | M16: =ABS(K16-K17) -> 0.008 | N16: =ABS(L16-L17) -> 0.008 | P16: 275.3158 | Q16: 275.3158 | R16: =SUM(K16,P16) -> 305.1377 | S16: =SUM(L16,Q16) -> 305.1377 | T16: =ABS(R16-R17) -> 0.0065 | U16: =ABS(S16-S17) -> 0.0065
B17: CNV_WR_D0P | C17: BA16 | F17: DP17 | G17: 5 | H17: M10 | I17: 20 | J17: L89 | K17: 29.8299 | L17: 29.8299 | P17: 275.3143 | Q17: 275.3143 | R17: =SUM(K17,P17) -> 305.1442 | S17: =SUM(L17,Q17) -> 305.1442
B18: CNV_WR_D1N | C18: BA14 | F18: DP18 | G18: 5 | H18: M10 | I18: 20 | J18: L92 | K18: 29.6363 | L18: 29.6363 | M18: =ABS(K18-K19) -> 0.0454 | N18: =ABS(L18-L19) -> 0.0454 | P18: 275.3224 | Q18: 275.3224 | R18: =SUM(K18,P18) -> 304.9587 | S18: =SUM(L18,Q18) -> 304.9587 | T18: =ABS(R18-R19) -> 0.051 | U18: =ABS(S18-S19) -> 0.051
B19: CNV_WR_D1P | C19: BB13 | F19: DP18 | G19: 5 | H19: M10 | I19: 20 | J19: L91 | K19: 29.5909 | L19: 29.5909 | P19: 275.3168 | Q19: 275.3168 | R19: =SUM(K19,P19) -> 304.9077 | S19: =SUM(L19,Q19) -> 304.9077
B20: CNV_WT_CLKN | C20: BF14 | F20: DP19 | G20: 5 | H20: M10 | I20: 20 | J20: L88 | K20: 29.8394 | L20: 29.8394 | M20: =ABS(K20-K21) -> 0.0024 | N20: =ABS(L20-L21) -> 0.0024 | P20: 275.4156 | Q20: 275.4156 | R20: =SUM(K20,P20) -> 305.255 | S20: =SUM(L20,Q20) -> 305.255 | T20: =ABS(R20-R21) -> 0.0174 | U20: =ABS(S20-S21) -> 0.0174
B21: CNV_WT_CLKP | C21: BG14 | F21: DP19 | G21: 5 | H21: M10 | I21: 20 | J21: L87 | K21: 29.837 | L21: 29.837 | P21: 275.4006 | Q21: 275.4006 | R21: =SUM(K21,P21) -> 305.2376 | S21: =SUM(L21,Q21) -> 305.2376
B22: CNV_WT_D0N | C22: BF16 | F22: DP20 | G22: 5 | H22: M10 | I22: 20 | J22: L90 | K22: 29.9333 | L22: 29.9333 | M22: =ABS(K22-K23) -> 0.0033 | N22: =ABS(L22-L23) -> 0.0033 | P22: 275.2182 | Q22: 275.2182 | R22: =SUM(K22,P22) -> 305.1515 | S22: =SUM(L22,Q22) -> 305.1515 | T22: =ABS(R22-R23) -> 0.0471 | U22: =ABS(S22-S23) -> 0.0471
B23: CNV_WT_D0P | C23: BG16 | F23: DP20 | G23: 5 | H23: M10 | I23: 20 | J23: L89 | K23: 29.9366 | L23: 29.9366 | P23: 275.1678 | Q23: 275.1678 | R23: =SUM(K23,P23) -> 305.1044 | S23: =SUM(L23,Q23) -> 305.1044
B24: CNV_WT_D1N | C24: BE15 | F24: DP21 | G24: 5 | H24: M10 | I24: 20 | J24: L92 | K24: 29.6142 | L24: 29.6142 | M24: =ABS(K24-K25) -> 0.0282 | N24: =ABS(L24-L25) -> 0.0282 | P24: 275.2152 | Q24: 275.2152 | R24: =SUM(K24,P24) -> 304.8294 | S24: =SUM(L24,Q24) -> 304.8294 | T24: =ABS(R24-R25) -> 0.1001 | U24: =ABS(S24-S25) -> 0.1001
B25: CNV_WT_D1P | C25: BF15 | F25: DP21 | G25: 5 | H25: M10 | I25: 20 | J25: L91 | K25: 29.586 | L25: 29.586 | P25: 275.1433 | Q25: 275.1433 | R25: =SUM(K25,P25) -> 304.7293 | S25: =SUM(L25,Q25) -> 304.7293

Sheet PCIE_USB31M01
B1: =SITE1!B1 -> ITTO-620-0190 Meteor Lake PCH X4 | K1: 44635
B2: PCIE,USB31
M4: Loopback | O4: Loopback Diff pair | V4: Total | X4: Jconnector Diff pair
M5: max | N5: =MAX(M14:N149) -> 110.0189 | O5: max | P5: =MAX(O14:P149) -> 0.0609 | V5: max | W5: =MAX(V14:W154) -> 312.3965 | X5: max | Y5: =MAX(X14:Y149) -> 0.0673
M6: min | N6: =MIN(M14:N129) -> 108.8937 | V6: min | W6: =MIN(V14:W154) -> 310.409
M7: Diff. | N7: =N5-N6 -> 1.1252 | V7: Diff. | W7: =W5-W6 -> 1.9875
M8: Less than | N8: =I14*2 -> 200 | O8: Less than | P8: 5 | V8: Less than | W8: =I14*2 -> 200 | X8: Less than | Y8: 5
N9: =N8*0.0254 -> 5.08 | P9: =P8*0.0254 -> 0.127 | W9: =W8*0.0254 -> 5.08 | Y9: =Y8*0.0254 -> 0.127
N10: =IF(N7>N9,"Wrong","OK") -> OK | P10: =IF(P5>P9,"Wrong","OK") -> OK | W10: =IF(W7>W9,"Wrong","OK") -> OK | Y10: =IF(Y5>Y9,"Wrong","OK") -> OK
K12: DUT to Capacitor (MM) | M12: Loopback (MM) | O12: Diff pair (MM) | R12: DUT to Inductor (MM) | T12: Inductor to Jconnector (MM) | V12: Total (MM) | X12: Diff pair (MM)
B13: Pin Name | C13: Pin Location | D13: Min Trace Length (mils) | E13: Max Trace Length (mils) | F13: Diff pair number | G13: Diff phase tolerance (+/- mils) | H13: Match Group | I13: Match Group tolerance (+/- mils) | J13: Loop back | K13: SITE1 | L13: SITE3 | M13: SITE1 | N13: SITE3 | O13: SITE1 | P13: SITE3 | R13: SITE1 | S13: SITE3 | T13: SITE1 | U13: SITE3 | V13: SITE1 | W13: SITE3 | X13: SITE1 | Y13: SITE3
B14: PCIE_1_TXN | C14: BJ17 | F14: DP40 | G14: 5 | H14: M01 | I14: 100 | J14: L11 | K14: 54.6769 | L14: 54.6769 | M14: =SUM(K14:K15) -> 110.0114 | N14: =SUM(L14:L15) -> 110.0114 | O14: =ABS(M14-M16) -> 0.0075 | P14: =ABS(N14-N16) -> 0.0075 | R14: 52.6412 | S14: 52.6412 | T14: 258.0383 | U14: 258.0383 | V14: =SUM(R14,T14) -> 310.6795 | W14: =SUM(S14,U14) -> 310.6795 | X14: =ABS(V14-V16) -> 0.0114 | Y14: =ABS(W14-W16) -> 0.0114
B15: PCIE_1_RXN | C15: BC19 | F15: DP40 | G15: 5 | H15: M01 | I15: 100 | J15: L11 | K15: 55.3345 | L15: 55.3345 | R15: 53.2988 | S15: 53.2988 | T15: 258.0479 | U15: 258.0479 | V15: =SUM(R15,T15) -> 311.3467 | W15: =SUM(S15,U15) -> 311.3467 | X15: =ABS(V15-V17) -> 0.0059 | Y15: =ABS(W15-W17) -> 0.0059
B16: PCIE_1_TXP | C16: BJ18 | F16: DP40 | G16: 5 | H16: M01 | I16: 100 | J16: L12 | K16: 54.6886 | L16: 54.6886 | M16: =SUM(K16:K17) -> 110.0189 | N16: =SUM(L16:L17) -> 110.0189 | R16: 52.6529 | S16: 52.6529 | T16: 258.0152 | U16: 258.0152 | V16: =SUM(R16,T16) -> 310.6681 | W16: =SUM(S16,U16) -> 310.6681
B17: PCIE_1_RXP | C17: BD19 | F17: DP40 | G17: 5 | H17: M01 | I17: 100 | J17: L12 | K17: 55.3303 | L17: 55.3303 | R17: 53.2946 | S17: 53.2946 | T17: 258.0462 | U17: 258.0462 | V17: =SUM(R17,T17) -> 311.3408 | W17: =SUM(S17,U17) -> 311.3408
B18: PCIE_2_TXN | C18: BG18 | F18: DP51 | G18: 5 | H18: M01 | I18: 100 | J18: L13 | K18: 54.4726 | L18: 54.4726 | M18: =SUM(K18:K19) -> 108.8937 | N18: =SUM(L18:L19) -> 108.8937 | O18: =ABS(M18-M20) -> 0.0134 | P18: =ABS(N18-N20) -> 0.0134 | R18: 52.4369 | S18: 52.4369 | T18: 258.0328 | U18: 258.0328 | V18: =SUM(R18,T18) -> 310.4697 | W18: =SUM(S18,U18) -> 310.4697 | X18: =ABS(V18-V20) -> 0.0047 | Y18: =ABS(W18-W20) -> 0.0047
B19: PCIE_2_RXN | C19: AR19 | F19: DP51 | G19: 5 | H19: M01 | I19: 100 | J19: L13 | K19: 54.4211 | L19: 54.4211 | R19: 52.3854 | S19: 52.3854 | T19: 258.0236 | U19: 258.0236 | V19: =SUM(R19,T19) -> 310.409 | W19: =SUM(S19,U19) -> 310.409 | X19: =ABS(V19-V21) -> 0.0187 | Y19: =ABS(W19-W21) -> 0.0187
B20: PCIE_2_TXP | C20: BG19 | F20: DP51 | G20: 5 | H20: M01 | I20: 100 | J20: L14 | K20: 54.4686 | L20: 54.4686 | M20: =SUM(K20:K21) -> 108.9071 | N20: =SUM(L20:L21) -> 108.9071 | R20: 52.4329 | S20: 52.4329 | T20: 258.0321 | U20: 258.0321 | V20: =SUM(R20,T20) -> 310.465 | W20: =SUM(S20,U20) -> 310.465
B21: PCIE_2_RXP | C21: AU19 | F21: DP51 | G21: 5 | H21: M01 | I21: 100 | J21: L14 | K21: 54.4385 | L21: 54.4385 | R21: 52.4028 | S21: 52.4028 | T21: 258.0249 | U21: 258.0249 | V21: =SUM(R21,T21) -> 310.4277 | W21: =SUM(S21,U21) -> 310.4277
B22: PCIE_7_LAN_0B_TXN | C22: BJ26 | F22: DP61 | G22: 5 | H22: M01 | I22: 100 | J22: L15 | K22: 54.5145 | L22: 54.5145 | M22: =SUM(K22:K23) -> 109.4025 | N22: =SUM(L22:L23) -> 109.4025 | O22: =ABS(M22-M24) -> 0.038 | P22: =ABS(N22-N24) -> 0.038 | R22: 52.4788 | S22: 52.4788 | T22: 258.0811 | U22: 258.0811 | V22: =SUM(R22,T22) -> 310.5599 | W22: =SUM(S22,U22) -> 310.5599 | X22: =ABS(V22-V24) -> 0.0673 | Y22: =ABS(W22-W24) -> 0.0673
B23: PCIE_7_LAN_0B_RXN | C23: AY27 | F23: DP61 | G23: 5 | H23: M01 | I23: 100 | J23: L15 | K23: 54.888 | L23: 54.888 | R23: 52.8523 | S23: 52.8523 | T23: 258.0518 | U23: 258.0518 | V23: =SUM(R23,T23) -> 310.9041 | W23: =SUM(S23,U23) -> 310.9041 | X23: =ABS(V23-V25) -> 0.0177 | Y23: =ABS(W23-W25) -> 0.0177
B24: PCIE_7_LAN_0B_TXP | C24: BJ27 | F24: DP61 | G24: 5 | H24: M01 | I24: 100 | J24: L16 | K24: 54.4935 | L24: 54.4935 | M24: =SUM(K24:K25) -> 109.3645 | N24: =SUM(L24:L25) -> 109.3645 | R24: 52.4578 | S24: 52.4578 | T24: 258.0348 | U24: 258.0348 | V24: =SUM(R24,T24) -> 310.4926 | W24: =SUM(S24,U24) -> 310.4926
B25: PCIE_7_LAN_0B_RXP | C25: BA27 | F25: DP61 | G25: 5 | H25: M01 | I25: 100 | J25: L16 | K25: 54.871 | L25: 54.871 | R25: 52.8353 | S25: 52.8353 | T25: 258.0511 | U25: 258.0511 | V25: =SUM(R25,T25) -> 310.8864 | W25: =SUM(S25,U25) -> 310.8864
B26: PCIE_8_TXN | C26: BG27 | F26: DP62 | G26: 5 | H26: M01 | I26: 100 | J26: L17 | K26: 54.4664 | L26: 54.4664 | M26: =SUM(K26:K27) -> 109.0832 | N26: =SUM(L26:L27) -> 109.0832 | O26: =ABS(M26-M28) -> 0.032 | P26: =ABS(N26-N28) -> 0.032 | R26: 52.4307 | S26: 52.4307 | T26: 258.0329 | U26: 258.0329 | V26: =SUM(R26,T26) -> 310.4636 | W26: =SUM(S26,U26) -> 310.4636 | X26: =ABS(V26-V28) -> 0.0224 | Y26: =ABS(W26-W28) -> 0.0224
B27: PCIE_8_RXN | C27: AR27 | F27: DP62 | G27: 5 | H27: M01 | I27: 100 | J27: L17 | K27: 54.6168 | L27: 54.6168 | R27: 52.5811 | S27: 52.5811 | T27: 258.0171 | U27: 258.0171 | V27: =SUM(R27,T27) -> 310.5982 | W27: =SUM(S27,U27) -> 310.5982 | X27: =ABS(V27-V29) -> 0.0142 | Y27: =ABS(W27-W29) -> 0.0142
B28: PCIE_8_TXP | C28: BG28 | F28: DP62 | G28: 5 | H28: M01 | I28: 100 | J28: L18 | K28: 54.4396 | L28: 54.4396 | M28: =SUM(K28:K29) -> 109.0512 | N28: =SUM(L28:L29) -> 109.0512 | R28: 52.4039 | S28: 52.4039 | T28: 258.0373 | U28: 258.0373 | V28: =SUM(R28,T28) -> 310.4412 | W28: =SUM(S28,U28) -> 310.4412
B29: PCIE_8_RXP | C29: AU27 | F29: DP62 | G29: 5 | H29: M01 | I29: 100 | J29: L18 | K29: 54.6116 | L29: 54.6116 | R29: 52.5759 | S29: 52.5759 | T29: 258.0081 | U29: 258.0081 | V29: =SUM(R29,T29) -> 310.584 | W29: =SUM(S29,U29) -> 310.584
B30: PCIE_9_TSN_0_TXN | C30: BJ28 | F30: DP63 | G30: 5 | H30: M01 | I30: 100 | J30: L19 | K30: 54.8339 | L30: 54.8339 | M30: =SUM(K30:K31) -> 109.602 | N30: =SUM(L30:L31) -> 109.602 | O30: =ABS(M30-M32) -> 0.0106 | P30: =ABS(N30-N32) -> 0.0106 | R30: 52.7982 | S30: 52.7982 | T30: 258.0516 | U30: 258.0516 | V30: =SUM(R30,T30) -> 310.8498 | W30: =SUM(S30,U30) -> 310.8498 | X30: =ABS(V30-V32) -> 0.0149 | Y30: =ABS(W30-W32) -> 0.0149
B31: PCIE_9_TSN_0_RXN | C31: BC30 | F31: DP63 | G31: 5 | H31: M01 | I31: 100 | J31: L19 | K31: 54.7681 | L31: 54.7681 | R31: 52.7324 | S31: 52.7324 | T31: 258.014 | U31: 258.014 | V31: =SUM(R31,T31) -> 310.7464 | W31: =SUM(S31,U31) -> 310.7464 | X31: =ABS(V31-V33) -> 0.0085 | Y31: =ABS(W31-W33) -> 0.0085
B32: PCIE_9_TSN_0_TXP | C32: BJ30 | F32: DP63 | G32: 5 | H32: M01 | I32: 100 | J32: L20 | K32: 54.815 | L32: 54.815 | M32: =SUM(K32:K33) -> 109.5914 | N32: =SUM(L32:L33) -> 109.5914 | R32: 52.7793 | S32: 52.7793 | T32: 258.0556 | U32: 258.0556 | V32: =SUM(R32,T32) -> 310.8349 | W32: =SUM(S32,U32) -> 310.8349
B33: PCIE_9_TSN_0_RXP | C33: BD30 | F33: DP63 | G33: 5 | H33: M01 | I33: 100 | J33: L20 | K33: 54.7764 | L33: 54.7764 | R33: 52.7407 | S33: 52.7407 | T33: 258.0142 | U33: 258.0142 | V33: =SUM(R33,T33) -> 310.7549 | W33: =SUM(S33,U33) -> 310.7549
B34: PCIE_10_TSN_1_TXN | C34: BG30 | F34: DP41 | G34: 5 | H34: M01 | I34: 100 | J34: L29 | K34: 54.6884 | L34: 54.6884 | M34: =SUM(K34:K35) -> 109.2993 | N34: =SUM(L34:L35) -> 109.2993 | O34: =ABS(M34-M36) -> 0.0417 | P34: =ABS(N34-N36) -> 0.0417 | R34: 52.6527 | S34: 52.6527 | T34: 258.0289 | U34: 258.0289 | V34: =SUM(R34,T34) -> 310.6816 | W34: =SUM(S34,U34) -> 310.6816 | X34: =ABS(V34-V36) -> 0.0087 | Y34: =ABS(W34-W36) -> 0.0087
B35: PCIE_10_TSN_1_RXN | C35: AV30 | F35: DP41 | G35: 5 | H35: M01 | I35: 100 | J35: L29 | K35: 54.6109 | L35: 54.6109 | R35: 52.5752 | S35: 52.5752 | T35: 258.0654 | U35: 258.0654 | V35: =SUM(R35,T35) -> 310.6406 | W35: =SUM(S35,U35) -> 310.6406 | X35: =ABS(V35-V37) -> 0.0464 | Y35: =ABS(W35-W37) -> 0.0464
B36: PCIE_10_TSN_1_TXP | C36: BG31 | F36: DP41 | G36: 5 | H36: M01 | I36: 100 | J36: L30 | K36: 54.7146 | L36: 54.7146 | M36: =SUM(K36:K37) -> 109.341 | N36: =SUM(L36:L37) -> 109.341 | R36: 52.6789 | S36: 52.6789 | T36: 258.0114 | U36: 258.0114 | V36: =SUM(R36,T36) -> 310.6903 | W36: =SUM(S36,U36) -> 310.6903
B37: PCIE_10_TSN_1_RXP | C37: AY30 | F37: DP41 | G37: 5 | H37: M01 | I37: 100 | J37: L30 | K37: 54.6264 | L37: 54.6264 | R37: 52.5907 | S37: 52.5907 | T37: 258.0963 | U37: 258.0963 | V37: =SUM(R37,T37) -> 310.687 | W37: =SUM(S37,U37) -> 310.687
B38: PCIE_11_TXN | C38: BJ31 | F38: DP42 | G38: 5 | H38: M01 | I38: 100 | J38: L31 | K38: 54.5305 | L38: 54.5305 | M38: =SUM(K38:K39) -> 109.2159 | N38: =SUM(L38:L39) -> 109.2159 | O38: =ABS(M38-M40) -> 0.0398 | P38: =ABS(N38-N40) -> 0.0398 | R38: 52.4948 | S38: 52.4948 | T38: 258.002 | U38: 258.002 | V38: =SUM(R38,T38) -> 310.4968 | W38: =SUM(S38,U38) -> 310.4968 | X38: =ABS(V38-V40) -> 0.0401 | Y38: =ABS(W38-W40) -> 0.0401
B39: PCIE_11_RXN | C39: AY33 | F39: DP42 | G39: 5 | H39: M01 | I39: 100 | J39: L31 | K39: 54.6854 | L39: 54.6854 | R39: 52.6497 | S39: 52.6497 | T39: 258.0038 | U39: 258.0038 | V39: =SUM(R39,T39) -> 310.6535 | W39: =SUM(S39,U39) -> 310.6535 | X39: =ABS(V39-V41) -> 0.0074 | Y39: =ABS(W39-W41) -> 0.0074
B40: PCIE_11_TXP | C40: BJ32 | F40: DP42 | G40: 5 | H40: M01 | I40: 100 | J40: L32 | K40: 54.4923 | L40: 54.4923 | M40: =SUM(K40:K41) -> 109.1761 | N40: =SUM(L40:L41) -> 109.1761 | R40: 52.4566 | S40: 52.4566 | T40: 258.0001 | U40: 258.0001 | V40: =SUM(R40,T40) -> 310.4567 | W40: =SUM(S40,U40) -> 310.4567
B41: PCIE_11_RXP | C41: BA33 | F41: DP42 | G41: 5 | H41: M01 | I41: 100 | J41: L32 | K41: 54.6838 | L41: 54.6838 | R41: 52.6481 | S41: 52.6481 | T41: 257.998 | U41: 257.998 | V41: =SUM(R41,T41) -> 310.6461 | W41: =SUM(S41,U41) -> 310.6461
B42: PCIE_12_TXN | C42: BG33 | F42: DP43 | G42: 5 | H42: M01 | I42: 100 | J42: L33 | K42: 54.6415 | L42: 54.6415 | M42: =SUM(K42:K43) -> 109.3314 | N42: =SUM(L42:L43) -> 109.3314 | O42: =ABS(M42-M44) -> 0.0049 | P42: =ABS(N42-N44) -> 0.0049 | R42: 52.6058 | S42: 52.6058 | T42: 258.0478 | U42: 258.0478 | V42: =SUM(R42,T42) -> 310.6536 | W42: =SUM(S42,U42) -> 310.6536 | X42: =ABS(V42-V44) -> 0.0048 | Y42: =ABS(W42-W44) -> 0.0048
B43: PCIE_12_RXN | C43: AR33 | F43: DP43 | G43: 5 | H43: M01 | I43: 100 | J43: L33 | K43: 54.6899 | L43: 54.6899 | R43: 52.6542 | S43: 52.6542 | T43: 258.0251 | U43: 258.0251 | V43: =SUM(R43,T43) -> 310.6793 | W43: =SUM(S43,U43) -> 310.6793 | X43: =ABS(V43-V45) -> 0.0023 | Y43: =ABS(W43-W45) -> 0.0023
B44: PCIE_12_TXP | C44: BG34 | F44: DP43 | G44: 5 | H44: M01 | I44: 100 | J44: L34 | K44: 54.6366 | L44: 54.6366 | M44: =SUM(K44:K45) -> 109.3265 | N44: =SUM(L44:L45) -> 109.3265 | R44: 52.6009 | S44: 52.6009 | T44: 258.0479 | U44: 258.0479 | V44: =SUM(R44,T44) -> 310.6488 | W44: =SUM(S44,U44) -> 310.6488
B45: PCIE_12_RXP | C45: AU33 | F45: DP43 | G45: 5 | H45: M01 | I45: 100 | J45: L34 | K45: 54.6899 | L45: 54.6899 | R45: 52.6542 | S45: 52.6542 | T45: 258.0228 | U45: 258.0228 | V45: =SUM(R45,T45) -> 310.677 | W45: =SUM(S45,U45) -> 310.677
B46: PCIE_13_SATA_0_TXN | C46: BJ34 | F46: DP44 | G46: 5 | H46: M01 | I46: 100 | J46: L35 | K46: 54.6527 | L46: 54.6527 | M46: =SUM(K46:K47) -> 109.3133 | N46: =SUM(L46:L47) -> 109.3133 | O46: =ABS(M46-M48) -> 0.0481 | P46: =ABS(N46-N48) -> 0.0481 | R46: 52.617 | S46: 52.617 | T46: 258.0751 | U46: 258.0751 | V46: =SUM(R46,T46) -> 310.6921 | W46: =SUM(S46,U46) -> 310.6921 | X46: =ABS(V46-V48) -> 0.0489 | Y46: =ABS(W46-W48) -> 0.0489
B47: PCIE_13_SATA_0_RXN | C47: BC36 | F47: DP44 | G47: 5 | H47: M01 | I47: 100 | J47: L35 | K47: 54.6606 | L47: 54.6606 | R47: 52.6249 | S47: 52.6249 | T47: 258.057 | U47: 258.057 | V47: =SUM(R47,T47) -> 310.6819 | W47: =SUM(S47,U47) -> 310.6819 | X47: =ABS(V47-V49) -> 0.0266 | Y47: =ABS(W47-W49) -> 0.0266
B48: PCIE_13_SATA_0_TXP | C48: BJ35 | F48: DP44 | G48: 5 | H48: M01 | I48: 100 | J48: L36 | K48: 54.6983 | L48: 54.6983 | M48: =SUM(K48:K49) -> 109.3614 | N48: =SUM(L48:L49) -> 109.3614 | R48: 52.6626 | S48: 52.6626 | T48: 258.0784 | U48: 258.0784 | V48: =SUM(R48,T48) -> 310.741 | W48: =SUM(S48,U48) -> 310.741
B49: PCIE_13_SATA_0_RXP | C49: BD36 | F49: DP44 | G49: 5 | H49: M01 | I49: 100 | J49: L36 | K49: 54.6631 | L49: 54.6631 | R49: 52.6274 | S49: 52.6274 | T49: 258.0279 | U49: 258.0279 | V49: =SUM(R49,T49) -> 310.6553 | W49: =SUM(S49,U49) -> 310.6553
B50: PCIE_14_SATA_1_TXN | C50: BG36 | F50: DP45 | G50: 5 | H50: M01 | I50: 100 | J50: L37 | K50: 54.6398 | L50: 54.6398 | M50: =SUM(K50:K51) -> 109.4809 | N50: =SUM(L50:L51) -> 109.4809 | O50: =ABS(M50-M52) -> 0.0547 | P50: =ABS(N50-N52) -> 0.0547 | R50: 52.6041 | S50: 52.6041 | T50: 258.0193 | U50: 258.0193 | V50: =SUM(R50,T50) -> 310.6234 | W50: =SUM(S50,U50) -> 310.6234 | X50: =ABS(V50-V52) -> 0.0184 | Y50: =ABS(W50-W52) -> 0.0184
B51: PCIE_14_SATA_1_RXN | C51: AV36 | F51: DP45 | G51: 5 | H51: M01 | I51: 100 | J51: L37 | K51: 54.8411 | L51: 54.8411 | R51: 52.8054 | S51: 52.8054 | T51: 258.0061 | U51: 258.0061 | V51: =SUM(R51,T51) -> 310.8115 | W51: =SUM(S51,U51) -> 310.8115 | X51: =ABS(V51-V53) -> 0.0058 | Y51: =ABS(W51-W53) -> 0.0058
B52: PCIE_14_SATA_1_TXP | C52: BG37 | F52: DP45 | G52: 5 | H52: M01 | I52: 100 | J52: L38 | K52: 54.5996 | L52: 54.5996 | M52: =SUM(K52:K53) -> 109.4262 | N52: =SUM(L52:L53) -> 109.4262 | R52: 52.5639 | S52: 52.5639 | T52: 258.0411 | U52: 258.0411 | V52: =SUM(R52,T52) -> 310.605 | W52: =SUM(S52,U52) -> 310.605
B53: PCIE_14_SATA_1_RXP | C53: AY36 | F53: DP45 | G53: 5 | H53: M01 | I53: 100 | J53: L38 | K53: 54.8266 | L53: 54.8266 | R53: 52.7909 | S53: 52.7909 | T53: 258.0148 | U53: 258.0148 | V53: =SUM(R53,T53) -> 310.8057 | W53: =SUM(S53,U53) -> 310.8057
B54: PCIE_15_SATA_2_LAN_0C_TXN | C54: BJ37 | F54: DP46 | G54: 5 | H54: M01 | I54: 100 | J54: L39 | K54: 54.787 | L54: 54.787 | M54: =SUM(K54:K55) -> 109.5596 | N54: =SUM(L54:L55) -> 109.5596 | O54: =ABS(M54-M56) -> 0.0102 | P54: =ABS(N54-N56) -> 0.0102 | R54: 52.7513 | S54: 52.7513 | T54: 257.9974 | U54: 257.9974 | V54: =SUM(R54,T54) -> 310.7487 | W54: =SUM(S54,U54) -> 310.7487 | X54: =ABS(V54-V56) -> 0.0054 | Y54: =ABS(W54-W56) -> 0.0054
B55: PCIE_15_SATA_2_LAN_0C_RXN | C55: AY39 | F55: DP46 | G55: 5 | H55: M01 | I55: 100 | J55: L39 | K55: 54.7726 | L55: 54.7726 | R55: 52.7369 | S55: 52.7369 | T55: 258.0615 | U55: 258.0615 | V55: =SUM(R55,T55) -> 310.7984 | W55: =SUM(S55,U55) -> 310.7984 | X55: =ABS(V55-V57) -> 0.0035 | Y55: =ABS(W55-W57) -> 0.0035
B56: PCIE_15_SATA_2_LAN_0C_TXP | C56: BJ38 | F56: DP46 | G56: 5 | H56: M01 | I56: 100 | J56: L40 | K56: 54.7708 | L56: 54.7708 | M56: =SUM(K56:K57) -> 109.5494 | N56: =SUM(L56:L57) -> 109.5494 | R56: 52.7351 | S56: 52.7351 | T56: 258.0082 | U56: 258.0082 | V56: =SUM(R56,T56) -> 310.7433 | W56: =SUM(S56,U56) -> 310.7433
B57: PCIE_15_SATA_2_LAN_0C_RXP | C57: BA39 | F57: DP46 | G57: 5 | H57: M01 | I57: 100 | J57: L40 | K57: 54.7786 | L57: 54.7786 | R57: 52.7429 | S57: 52.7429 | T57: 258.059 | U57: 258.059 | V57: =SUM(R57,T57) -> 310.8019 | W57: =SUM(S57,U57) -> 310.8019
B58: PCIE_16_SATA_3_TXN | C58: BG39 | F58: DP47 | G58: 5 | H58: M01 | I58: 100 | J58: L41 | K58: 54.6666 | L58: 54.6666 | M58: =SUM(K58:K59) -> 109.2162 | N58: =SUM(L58:L59) -> 109.2162 | O58: =ABS(M58-M60) -> 0.0134 | P58: =ABS(N58-N60) -> 0.0134 | R58: 52.6309 | S58: 52.6309 | T58: 258.0118 | U58: 258.0118 | V58: =SUM(R58,T58) -> 310.6427 | W58: =SUM(S58,U58) -> 310.6427 | X58: =ABS(V58-V60) -> 0.0165 | Y58: =ABS(W58-W60) -> 0.0165
B59: PCIE_16_SATA_3_RXN | C59: AR39 | F59: DP47 | G59: 5 | H59: M01 | I59: 100 | J59: L41 | K59: 54.5496 | L59: 54.5496 | R59: 52.5139 | S59: 52.5139 | T59: 258.0578 | U59: 258.0578 | V59: =SUM(R59,T59) -> 310.5717 | W59: =SUM(S59,U59) -> 310.5717 | X59: =ABS(V59-V61) -> 0.008 | Y59: =ABS(W59-W61) -> 0.008
B60: PCIE_16_SATA_3_TXP | C60: BG40 | F60: DP47 | G60: 5 | H60: M01 | I60: 100 | J60: L42 | K60: 54.676 | L60: 54.676 | M60: =SUM(K60:K61) -> 109.2296 | N60: =SUM(L60:L61) -> 109.2296 | R60: 52.6403 | S60: 52.6403 | T60: 258.0189 | U60: 258.0189 | V60: =SUM(R60,T60) -> 310.6592 | W60: =SUM(S60,U60) -> 310.6592
B61: PCIE_16_SATA_3_RXP | C61: AU39 | F61: DP47 | G61: 5 | H61: M01 | I61: 100 | J61: L42 | K61: 54.5536 | L61: 54.5536 | R61: 52.5179 | S61: 52.5179 | T61: 258.0618 | U61: 258.0618 | V61: =SUM(R61,T61) -> 310.5797 | W61: =SUM(S61,U61) -> 310.5797
B62: PCIE_17_SATA_4_TXN | C62: BJ40 | F62: DP48 | G62: 5 | H62: M01 | I62: 100 | J62: L43 | K62: 54.859 | L62: 54.859 | M62: =SUM(K62:K63) -> 109.3915 | N62: =SUM(L62:L63) -> 109.3915 | O62: =ABS(M62-M64) -> 0.003 | P62: =ABS(N62-N64) -> 0.003 | R62: 52.8233 | S62: 52.8233 | T62: 258.0045 | U62: 258.0045 | V62: =SUM(R62,T62) -> 310.8278 | W62: =SUM(S62,U62) -> 310.8278 | X62: =ABS(V62-V64) -> 0.0071 | Y62: =ABS(W62-W64) -> 0.0071
B63: PCIE_17_SATA_4_RXN | C63: BC42 | F63: DP48 | G63: 5 | H63: M01 | I63: 100 | J63: L43 | K63: 54.5325 | L63: 54.5325 | R63: 52.4968 | S63: 52.4968 | T63: 258.0745 | U63: 258.0745 | V63: =SUM(R63,T63) -> 310.5713 | W63: =SUM(S63,U63) -> 310.5713 | X63: =ABS(V63-V65) -> 0.0063 | Y63: =ABS(W63-W65) -> 0.0063
B64: PCIE_17_SATA_4_TXP | C64: BJ41 | F64: DP48 | G64: 5 | H64: M01 | I64: 100 | J64: L44 | K64: 54.8532 | L64: 54.8532 | M64: =SUM(K64:K65) -> 109.3885 | N64: =SUM(L64:L65) -> 109.3885 | R64: 52.8175 | S64: 52.8175 | T64: 258.0032 | U64: 258.0032 | V64: =SUM(R64,T64) -> 310.8207 | W64: =SUM(S64,U64) -> 310.8207
B65: PCIE_17_SATA_4_RXP | C65: BD42 | F65: DP48 | G65: 5 | H65: M01 | I65: 100 | J65: L44 | K65: 54.5353 | L65: 54.5353 | R65: 52.4996 | S65: 52.4996 | T65: 258.0654 | U65: 258.0654 | V65: =SUM(R65,T65) -> 310.565 | W65: =SUM(S65,U65) -> 310.565
B66: PCIE_18_SATA_5_TXN | C66: BG41 | F66: DP49 | G66: 5 | H66: M01 | I66: 100 | J66: L45 | K66: 54.5646 | L66: 54.5646 | M66: =SUM(K66:K67) -> 109.016 | N66: =SUM(L66:L67) -> 109.016 | O66: =ABS(M66-M68) -> 0.0116 | P66: =ABS(N66-N68) -> 0.0116 | R66: 52.5289 | S66: 52.5289 | T66: 258.044 | U66: 258.044 | V66: =SUM(R66,T66) -> 310.5729 | W66: =SUM(S66,U66) -> 310.5729 | X66: =ABS(V66-V68) -> 0.0009 | Y66: =ABS(W66-W68) -> 0.0009
B67: PCIE_18_SATA_5_RXN | C67: AV42 | F67: DP49 | G67: 5 | H67: M01 | I67: 100 | J67: L45 | K67: 54.4514 | L67: 54.4514 | R67: 52.4157 | S67: 52.4157 | T67: 258.0398 | U67: 258.0398 | V67: =SUM(R67,T67) -> 310.4555 | W67: =SUM(S67,U67) -> 310.4555 | X67: =ABS(V67-V69) -> 0.009 | Y67: =ABS(W67-W69) -> 0.009
B68: PCIE_18_SATA_5_TXP | C68: BG42 | F68: DP49 | G68: 5 | H68: M01 | I68: 100 | J68: L46 | K68: 54.5559 | L68: 54.5559 | M68: =SUM(K68:K69) -> 109.0276 | N68: =SUM(L68:L69) -> 109.0276 | R68: 52.5202 | S68: 52.5202 | T68: 258.0536 | U68: 258.0536 | V68: =SUM(R68,T68) -> 310.5738 | W68: =SUM(S68,U68) -> 310.5738
B69: PCIE_18_SATA_5_RXP | C69: AY42 | F69: DP49 | G69: 5 | H69: M01 | I69: 100 | J69: L46 | K69: 54.4717 | L69: 54.4717 | R69: 52.436 | S69: 52.436 | T69: 258.0105 | U69: 258.0105 | V69: =SUM(R69,T69) -> 310.4465 | W69: =SUM(S69,U69) -> 310.4465
B70: PCIE_19_SATA_6_TXN | C70: BJ43 | F70: DP50 | G70: 5 | H70: M01 | I70: 100 | J70: L47 | K70: 54.6797 | L70: 54.6797 | M70: =SUM(K70:K71) -> 109.3902 | N70: =SUM(L70:L71) -> 109.3902 | O70: =ABS(M70-M72) -> 0.0188 | P70: =ABS(N70-N72) -> 0.0188 | R70: 52.644 | S70: 52.644 | T70: 258.0072 | U70: 258.0072 | V70: =SUM(R70,T70) -> 310.6512 | W70: =SUM(S70,U70) -> 310.6512 | X70: =ABS(V70-V72) -> 0.0306 | Y70: =ABS(W70-W72) -> 0.0306
B71: PCIE_19_SATA_6_RXN | C71: AY44 | F71: DP50 | G71: 5 | H71: M01 | I71: 100 | J71: L47 | K71: 54.7105 | L71: 54.7105 | R71: 52.6748 | S71: 52.6748 | T71: 257.9811 | U71: 257.9811 | V71: =SUM(R71,T71) -> 310.6559 | W71: =SUM(S71,U71) -> 310.6559 | X71: =ABS(V71-V73) -> 0.0091 | Y71: =ABS(W71-W73) -> 0.0091
B72: PCIE_19_SATA_6_TXP | C72: BJ44 | F72: DP50 | G72: 5 | H72: M01 | I72: 100 | J72: L48 | K72: 54.6586 | L72: 54.6586 | M72: =SUM(K72:K73) -> 109.3714 | N72: =SUM(L72:L73) -> 109.3714 | R72: 52.6229 | S72: 52.6229 | T72: 257.9977 | U72: 257.9977 | V72: =SUM(R72,T72) -> 310.6206 | W72: =SUM(S72,U72) -> 310.6206
B73: PCIE_19_SATA_6_RXP | C73: BA44 | F73: DP50 | G73: 5 | H73: M01 | I73: 100 | J73: L48 | K73: 54.7128 | L73: 54.7128 | R73: 52.6771 | S73: 52.6771 | T73: 257.9879 | U73: 257.9879 | V73: =SUM(R73,T73) -> 310.665 | W73: =SUM(S73,U73) -> 310.665
B74: PCIE_20_SATA_7_TXN | C74: BG44 | F74: DP52 | G74: 5 | H74: M01 | I74: 100 | J74: L49 | K74: 54.7169 | L74: 54.7169 | M74: =SUM(K74:K75) -> 109.2401 | N74: =SUM(L74:L75) -> 109.2401 | O74: =ABS(M74-M76) -> 0.005 | P74: =ABS(N74-N76) -> 0.005 | R74: 52.6812 | S74: 52.6812 | T74: 258.0412 | U74: 258.0412 | V74: =SUM(R74,T74) -> 310.7224 | W74: =SUM(S74,U74) -> 310.7224 | X74: =ABS(V74-V76) -> 0.0084 | Y74: =ABS(W74-W76) -> 0.0084
B75: PCIE_20_SATA_7_RXN | C75: AR44 | F75: DP52 | G75: 5 | H75: M01 | I75: 100 | J75: L49 | K75: 54.5232 | L75: 54.5232 | R75: 52.4875 | S75: 52.4875 | T75: 258.0457 | U75: 258.0457 | V75: =SUM(R75,T75) -> 310.5332 | W75: =SUM(S75,U75) -> 310.5332 | X75: =ABS(V75-V77) -> 0.0004 | Y75: =ABS(W75-W77) -> 0.0004
B76: PCIE_20_SATA_7_TXP | C76: BG45 | F76: DP52 | G76: 5 | H76: M01 | I76: 100 | J76: L50 | K76: 54.7211 | L76: 54.7211 | M76: =SUM(K76:K77) -> 109.2451 | N76: =SUM(L76:L77) -> 109.2451 | R76: 52.6854 | S76: 52.6854 | T76: 258.0454 | U76: 258.0454 | V76: =SUM(R76,T76) -> 310.7308 | W76: =SUM(S76,U76) -> 310.7308
B77: PCIE_20_SATA_7_RXP | C77: AU44 | F77: DP52 | G77: 5 | H77: M01 | I77: 100 | J77: L50 | K77: 54.524 | L77: 54.524 | R77: 52.4883 | S77: 52.4883 | T77: 258.0453 | U77: 258.0453 | V77: =SUM(R77,T77) -> 310.5336 | W77: =SUM(S77,U77) -> 310.5336
B78: PCIE_21_TXN | C78: A35 | F78: DP53 | G78: 5 | H78: M01 | I78: 100 | J78: L51 | K78: 54.5761 | L78: 54.5761 | M78: =SUM(K78:K79) -> 109.2092 | N78: =SUM(L78:L79) -> 109.2092 | O78: =ABS(M78-M80) -> 0.0073 | P78: =ABS(N78-N80) -> 0.0073 | R78: 52.5404 | S78: 52.5404 | T78: 258.09 | U78: 258.09 | V78: =SUM(R78,T78) -> 310.6304 | W78: =SUM(S78,U78) -> 310.6304 | X78: =ABS(V78-V80) -> 0.0346 | Y78: =ABS(W78-W80) -> 0.0346
B79: PCIE_21_RXN | C79: N31 | F79: DP53 | G79: 5 | H79: M01 | I79: 100 | J79: L51 | K79: 54.6331 | L79: 54.6331 | R79: 52.5974 | S79: 52.5974 | T79: 258.005 | U79: 258.005 | V79: =SUM(R79,T79) -> 310.6024 | W79: =SUM(S79,U79) -> 310.6024 | X79: =ABS(V79-V81) -> 0.0042 | Y79: =ABS(W79-W81) -> 0.0042
B80: PCIE_21_TXP | C80: A34 | F80: DP53 | G80: 5 | H80: M01 | I80: 100 | J80: L52 | K80: 54.5843 | L80: 54.5843 | M80: =SUM(K80:K81) -> 109.2165 | N80: =SUM(L80:L81) -> 109.2165 | R80: 52.5486 | S80: 52.5486 | T80: 258.0472 | U80: 258.0472 | V80: =SUM(R80,T80) -> 310.5958 | W80: =SUM(S80,U80) -> 310.5958
B81: PCIE_21_RXP | C81: R31 | F81: DP53 | G81: 5 | H81: M01 | I81: 100 | J81: L52 | K81: 54.6322 | L81: 54.6322 | R81: 52.5965 | S81: 52.5965 | T81: 258.0101 | U81: 258.0101 | V81: =SUM(R81,T81) -> 310.6066 | W81: =SUM(S81,U81) -> 310.6066
B82: PCIE_22_TXN | C82: C37 | F82: DP54 | G82: 5 | H82: M01 | I82: 100 | J82: L53 | K82: 54.7966 | L82: 54.7966 | M82: =SUM(K82:K83) -> 109.501 | N82: =SUM(L82:L83) -> 109.501 | O82: =ABS(M82-M84) -> 0.0609 | P82: =ABS(N82-N84) -> 0.0609 | R82: 52.7609 | S82: 52.7609 | T82: 258.0053 | U82: 258.0053 | V82: =SUM(R82,T82) -> 310.7662 | W82: =SUM(S82,U82) -> 310.7662 | X82: =ABS(V82-V84) -> 0.049 | Y82: =ABS(W82-W84) -> 0.049
B83: PCIE_22_RXN | C83: J31 | F83: DP54 | G83: 5 | H83: M01 | I83: 100 | J83: L53 | K83: 54.7044 | L83: 54.7044 | R83: 52.6687 | S83: 52.6687 | T83: 257.9978 | U83: 257.9978 | V83: =SUM(R83,T83) -> 310.6665 | W83: =SUM(S83,U83) -> 310.6665 | X83: =ABS(V83-V85) -> 0.0211 | Y83: =ABS(W83-W85) -> 0.0211
B84: PCIE_22_TXP | C84: C36 | F84: DP54 | G84: 5 | H84: M01 | I84: 100 | J84: L54 | K84: 54.8454 | L84: 54.8454 | M84: =SUM(K84:K85) -> 109.5619 | N84: =SUM(L84:L85) -> 109.5619 | R84: 52.8097 | S84: 52.8097 | T84: 258.0055 | U84: 258.0055 | V84: =SUM(R84,T84) -> 310.8152 | W84: =SUM(S84,U84) -> 310.8152
B85: PCIE_22_RXP | C85: K31 | F85: DP54 | G85: 5 | H85: M01 | I85: 100 | J85: L54 | K85: 54.7165 | L85: 54.7165 | R85: 52.6808 | S85: 52.6808 | T85: 258.0068 | U85: 258.0068 | V85: =SUM(R85,T85) -> 310.6876 | W85: =SUM(S85,U85) -> 310.6876
B86: PCIE_23_TXN | C86: A38 | F86: DP55 | G86: 5 | H86: M01 | I86: 100 | J86: L55 | K86: 54.7429 | L86: 54.7429 | M86: =SUM(K86:K87) -> 109.5666 | N86: =SUM(L86:L87) -> 109.5666 | O86: =ABS(M86-M88) -> 0.0135 | P86: =ABS(N86-N88) -> 0.0135 | R86: 52.7072 | S86: 52.7072 | T86: 258.0708 | U86: 258.0708 | V86: =SUM(R86,T86) -> 310.778 | W86: =SUM(S86,U86) -> 310.778 | X86: =ABS(V86-V88) -> 0.0048 | Y86: =ABS(W86-W88) -> 0.0048
B87: PCIE_23_RXN | C87: K34 | F87: DP55 | G87: 5 | H87: M01 | I87: 100 | J87: L55 | K87: 54.8237 | L87: 54.8237 | R87: 52.788 | S87: 52.788 | T87: 258.0033 | U87: 258.0033 | V87: =SUM(R87,T87) -> 310.7913 | W87: =SUM(S87,U87) -> 310.7913 | X87: =ABS(V87-V89) -> 0.0018 | Y87: =ABS(W87-W89) -> 0.0018
B88: PCIE_23_TXP | C88: A37 | F88: DP55 | G88: 5 | H88: M01 | I88: 100 | J88: L56 | K88: 54.732 | L88: 54.732 | M88: =SUM(K88:K89) -> 109.5531 | N88: =SUM(L88:L89) -> 109.5531 | R88: 52.6963 | S88: 52.6963 | T88: 258.0769 | U88: 258.0769 | V88: =SUM(R88,T88) -> 310.7732 | W88: =SUM(S88,U88) -> 310.7732
B89: PCIE_23_RXP | C89: M34 | F89: DP55 | G89: 5 | H89: M01 | I89: 100 | J89: L56 | K89: 54.8211 | L89: 54.8211 | R89: 52.7854 | S89: 52.7854 | T89: 258.0041 | U89: 258.0041 | V89: =SUM(R89,T89) -> 310.7895 | W89: =SUM(S89,U89) -> 310.7895
B90: PCIE_24_TXN | C90: C40 | F90: DP56 | G90: 5 | H90: M01 | I90: 100 | J90: L57 | K90: 54.6487 | L90: 54.6487 | M90: =SUM(K90:K91) -> 109.2058 | N90: =SUM(L90:L91) -> 109.2058 | O90: =ABS(M90-M92) -> 0.0146 | P90: =ABS(N90-N92) -> 0.0146 | R90: 52.613 | S90: 52.613 | T90: 258.0007 | U90: 258.0007 | V90: =SUM(R90,T90) -> 310.6137 | W90: =SUM(S90,U90) -> 310.6137 | X90: =ABS(V90-V92) -> 0.001 | Y90: =ABS(W90-W92) -> 0.001
B91: PCIE_24_RXN | C91: F34 | F91: DP56 | G91: 5 | H91: M01 | I91: 100 | J91: L57 | K91: 54.5571 | L91: 54.5571 | R91: 52.5214 | S91: 52.5214 | T91: 258.0603 | U91: 258.0603 | V91: =SUM(R91,T91) -> 310.5817 | W91: =SUM(S91,U91) -> 310.5817 | X91: =ABS(V91-V93) -> 0.0012 | Y91: =ABS(W91-W93) -> 0.0012
B92: PCIE_24_TXP | C92: C39 | F92: DP56 | G92: 5 | H92: M01 | I92: 100 | J92: L58 | K92: 54.6412 | L92: 54.6412 | M92: =SUM(K92:K93) -> 109.1912 | N92: =SUM(L92:L93) -> 109.1912 | R92: 52.6055 | S92: 52.6055 | T92: 258.0072 | U92: 258.0072 | V92: =SUM(R92,T92) -> 310.6127 | W92: =SUM(S92,U92) -> 310.6127
B93: PCIE_24_RXP | C93: G34 | F93: DP56 | G93: 5 | H93: M01 | I93: 100 | J93: L58 | K93: 54.55 | L93: 54.55 | R93: 52.5143 | S93: 52.5143 | T93: 258.0662 | U93: 258.0662 | V93: =SUM(R93,T93) -> 310.5805 | W93: =SUM(S93,U93) -> 310.5805
B94: PCIE_3_LAN_0A_TXN | C94: BJ20 | F94: DP57 | G94: 5 | H94: M01 | I94: 100 | J94: L59 | K94: 54.5848 | L94: 54.5848 | M94: =SUM(K94:K95) -> 109.3808 | N94: =SUM(L94:L95) -> 109.3808 | O94: =ABS(M94-M96) -> 0.0096 | P94: =ABS(N94-N96) -> 0.0096 | R94: 52.5491 | S94: 52.5491 | T94: 258.0806 | U94: 258.0806 | V94: =SUM(R94,T94) -> 310.6297 | W94: =SUM(S94,U94) -> 310.6297 | X94: =ABS(V94-V96) -> 0.0118 | Y94: =ABS(W94-W96) -> 0.0118
B95: PCIE_3_LAN_0A_RXN | C95: AY22 | F95: DP57 | G95: 5 | H95: M01 | I95: 100 | J95: L59 | K95: 54.796 | L95: 54.796 | R95: 52.7603 | S95: 52.7603 | T95: 258.0037 | U95: 258.0037 | V95: =SUM(R95,T95) -> 310.764 | W95: =SUM(S95,U95) -> 310.764 | X95: =ABS(V95-V97) -> 0.0118 | Y95: =ABS(W95-W97) -> 0.0118
B96: PCIE_3_LAN_0A_TXP | C96: BJ21 | F96: DP57 | G96: 5 | H96: M01 | I96: 100 | J96: L60 | K96: 54.5826 | L96: 54.5826 | M96: =SUM(K96:K97) -> 109.3904 | N96: =SUM(L96:L97) -> 109.3904 | R96: 52.5469 | S96: 52.5469 | T96: 258.071 | U96: 258.071 | V96: =SUM(R96,T96) -> 310.6179 | W96: =SUM(S96,U96) -> 310.6179
B97: PCIE_3_LAN_0A_RXP | C97: BA22 | F97: DP57 | G97: 5 | H97: M01 | I97: 100 | J97: L60 | K97: 54.8078 | L97: 54.8078 | R97: 52.7721 | S97: 52.7721 | T97: 258.0037 | U97: 258.0037 | V97: =SUM(R97,T97) -> 310.7758 | W97: =SUM(S97,U97) -> 310.7758
B98: PCIE_4_TXN | C98: BG21 | F98: DP58 | G98: 5 | H98: M01 | I98: 100 | J98: L61 | K98: 54.5651 | L98: 54.5651 | M98: =SUM(K98:K99) -> 109.0305 | N98: =SUM(L98:L99) -> 109.0305 | O98: =ABS(M98-M100) -> 0.0538 | P98: =ABS(N98-N100) -> 0.0538 | R98: 52.5294 | S98: 52.5294 | T98: 258.0046 | U98: 258.0046 | V98: =SUM(R98,T98) -> 310.534 | W98: =SUM(S98,U98) -> 310.534 | X98: =ABS(V98-V100) -> 0.0409 | Y98: =ABS(W98-W100) -> 0.0409
B99: PCIE_4_RXN | C99: AR22 | F99: DP58 | G99: 5 | H99: M01 | I99: 100 | J99: L61 | K99: 54.4654 | L99: 54.4654 | R99: 52.4297 | S99: 52.4297 | T99: 258.0036 | U99: 258.0036 | V99: =SUM(R99,T99) -> 310.4333 | W99: =SUM(S99,U99) -> 310.4333 | X99: =ABS(V99-V101) -> 0.0096 | Y99: =ABS(W99-W101) -> 0.0096
B100: PCIE_4_TXP | C100: BG22 | F100: DP58 | G100: 5 | H100: M01 | I100: 100 | J100: L62 | K100: 54.5207 | L100: 54.5207 | M100: =SUM(K100:K101) -> 108.9767 | N100: =SUM(L100:L101) -> 108.9767 | R100: 52.485 | S100: 52.485 | T100: 258.0081 | U100: 258.0081 | V100: =SUM(R100,T100) -> 310.4931 | W100: =SUM(S100,U100) -> 310.4931
B101: PCIE_4_RXP | C101: AU22 | F101: DP58 | G101: 5 | H101: M01 | I101: 100 | J101: L62 | K101: 54.456 | L101: 54.456 | R101: 52.4203 | S101: 52.4203 | T101: 258.0034 | U101: 258.0034 | V101: =SUM(R101,T101) -> 310.4237 | W101: =SUM(S101,U101) -> 310.4237
B102: PCIE_5_TXN | C102: BJ23 | F102: DP59 | G102: 5 | H102: M01 | I102: 100 | J102: L63 | K102: 54.6737 | L102: 54.6737 | M102: =SUM(K102:K103) -> 109.3067 | N102: =SUM(L102:L103) -> 109.3067 | O102: =ABS(M102-M104) -> 0.0025 | P102: =ABS(N102-N104) -> 0.0025 | R102: 52.638 | S102: 52.638 | T102: 258.0032 | U102: 258.0032 | V102: =SUM(R102,T102) -> 310.6412 | W102: =SUM(S102,U102) -> 310.6412 | X102: =ABS(V102-V104) -> 0.004 | Y102: =ABS(W102-W104) -> 0.004
...

Sheet DMI_M13
B1: =SITE1!B1 -> ITTO-620-0190 Meteor Lake PCH X4 | K1: 44635
B2: DMI
K4: DUT to Capacitor | M4: DUT to Capacitor Diff pair | O4: Loopback | Q4: Loopback Diff pair | V4: Total | X4: Jconnector Diff pair
K5: max | L5: =MAX(K14:L45) -> 52.9036 | M5: max | N5: =MAX(M14:N45) -> 0.0096 | O5: max | P5: =MAX(O14:P45) -> 105.7977 | Q5: max | R5: =MAX(Q14:R45) -> 0.0042 | V5: max | W5: =MAX(V14:W45) -> 302.9932 | X5: max | Y5: =MAX(X14:Y45) -> 0.0417
K6: min | L6: =MIN(K14:L45) -> 52.8883 | V6: min | W6: =MIN(V14:W45) -> 302.8809
K7: Diff. | L7: =L5-L6 -> 0.0153 | V7: Diff. | W7: =W5-W6 -> 0.1123
K8: Less than | L8: =I14*2 -> 20 | M8: Less than | N8: =G14 -> 2.5 | O8: Less than | P8: =4200 -> 4200 | Q8: Less than | R8: 5 | S8: (2.5mil*2) | V8: Less than | W8: =I14 -> 10 | X8: Less than | Y8: 5
L9: =L8*0.0254 -> 0.508 | N9: =N8*0.0254 -> 0.0635 | P9: =P8*0.0254 -> 106.68 | R9: =R8*0.0254 -> 0.127 | W9: =W8*0.0254 -> 0.254 | Y9: =Y8*0.0254 -> 0.127
L10: =IF(L7>L9,"Wrong","OK") -> OK | N10: =IF(N5>N9,"Wrong","OK") -> OK | P10: =IF(P5>P9,"Wrong","OK") -> OK | R10: =IF(R5>R9,"Wrong","OK") -> OK | W10: =IF(W7>W9,"Wrong","OK") -> OK | Y10: =IF(Y5>Y9,"Wrong","OK") -> OK
K12: DUT to Capacitor (MM) | M12: DUT to Capacitor Diff pair(MM) | O12: Loopback (MM) | Q12: Diff pair (MM) | T12: Inductor to Jconnector (MM) | V12: Total (MM) | X12: Diff pair (MM)
B13: Pin Name | C13: Pin Location | D13: Min Trace Length (mils) | E13: Max Trace Length (mils) | F13: Diff pair number | G13: Diff phase tolerance (+/- mils) | H13: Match Group | I13: Match Group tolerance (+/- mils) | J13: Loop back | K13: SITE1 | L13: SITE3 | M13: SITE1 | N13: SITE3 | O13: SITE1 | P13: SITE3 | Q13: SITE1 | R13: SITE3 | T13: SITE1 | U13: SITE3 | V13: SITE1 | W13: SITE3 | X13: SITE1 | Y13: SITE3
B14: DMI_0_RXN | C14: E48 | E14: 1100 | F14: DP22 | G14: 2.5 | H14: M13 | I14: 10 | J14: SL07 | K14: 52.896 | L14: 52.896 | M14: =ABS(K14-K15) -> 0.0026 | N14: =ABS(L14-L15) -> 0.0026 | O14: =SUM(K14,K16) -> 105.7883 | P14: =SUM(L14,L16) -> 105.7883 | Q14: =ABS(O14-O15) -> 0.0032 | R14: =ABS(P14-P15) -> 0.0032 | T14: 250.0164 | U14: 250.0164 | V14: =SUM(K14,T14) -> 302.9124 | W14: =SUM(L14,U14) -> 302.9124 | X14: =ABS(V14-V15) -> 0.0013 | Y14: =ABS(W14-W15) -> 0.0013
B15: DMI_0_RXP | C15: G48 | E15: 1100 | F15: DP22 | G15: 2.5 | H15: M13 | I15: 10 | J15: SL08 | K15: 52.8934 | L15: 52.8934 | O15: =SUM(K15,K17) -> 105.7915 | P15: =SUM(L15,L17) -> 105.7915 | T15: 250.0203 | U15: 250.0203 | V15: =SUM(K15,T15) -> 302.9137 | W15: =SUM(L15,U15) -> 302.9137
B16: DMI_0_TXN | C16: C51 | F16: DP23 | G16: 2.5 | H16: M13 | I16: 10 | J16: SL07 | K16: 52.8923 | L16: 52.8923 | M16: =ABS(K16-K17) -> 0.0058 | N16: =ABS(L16-L17) -> 0.0058 | T16: 250.0164 | U16: 250.0164 | V16: =SUM(K16,T16) -> 302.9087 | W16: =SUM(L16,U16) -> 302.9087 | X16: =ABS(V16-V17) -> 0.0097 | Y16: =ABS(W16-W17) -> 0.0097
B17: DMI_0_TXP | C17: C50 | F17: DP23 | G17: 2.5 | H17: M13 | I17: 10 | J17: SL08 | K17: 52.8981 | L17: 52.8981 | T17: 250.0203 | U17: 250.0203 | V17: =SUM(K17,T17) -> 302.9184 | W17: =SUM(L17,U17) -> 302.9184
B18: DMI_1_RXN | C18: F45 | E18: 1100 | F18: DP24 | G18: 2.5 | H18: M13 | I18: 10 | J18: SL09 | K18: 52.8912 | L18: 52.8912 | M18: =ABS(K18-K19) -> 0.0027 | N18: =ABS(L18-L19) -> 0.0027 | O18: =SUM(K18,K20) -> 105.7842 | P18: =SUM(L18,L20) -> 105.7842 | Q18: =ABS(O18-O19) -> 0.0027 | R18: =ABS(P18-P19) -> 0.0027 | T18: 250.0634 | U18: 250.0634 | V18: =SUM(K18,T18) -> 302.9546 | W18: =SUM(L18,U18) -> 302.9546 | X18: =ABS(V18-V19) -> 0.0014 | Y18: =ABS(W18-W19) -> 0.0014
B19: DMI_1_RXP | C19: G45 | E19: 1100 | F19: DP24 | G19: 2.5 | H19: M13 | I19: 10 | J19: SL10 | K19: 52.8885 | L19: 52.8885 | O19: =SUM(K19,K21) -> 105.7815 | P19: =SUM(L19,L21) -> 105.7815 | T19: 250.0647 | U19: 250.0647 | V19: =SUM(K19,T19) -> 302.9532 | W19: =SUM(L19,U19) -> 302.9532
B20: DMI_1_TXN | C20: A50 | F20: DP25 | G20: 2.5 | H20: M13 | I20: 10 | J20: SL09 | K20: 52.893 | L20: 52.893 | M20: =ABS(K20-K21) -> 0 | N20: =ABS(L20-L21) -> 0 | T20: 250.0634 | U20: 250.0634 | V20: =SUM(K20,T20) -> 302.9564 | W20: =SUM(L20,U20) -> 302.9564 | X20: =ABS(V20-V21) -> 0.0013 | Y20: =ABS(W20-W21) -> 0.0013
B21: DMI_1_TXP | C21: A49 | F21: DP25 | G21: 2.5 | H21: M13 | I21: 10 | J21: SL10 | K21: 52.893 | L21: 52.893 | T21: 250.0647 | U21: 250.0647 | V21: =SUM(K21,T21) -> 302.9577 | W21: =SUM(L21,U21) -> 302.9577
B22: DMI_2_RXN | C22: G42 | E22: 1100 | F22: DP26 | G22: 2.5 | H22: M13 | I22: 10 | J22: SL11 | K22: 52.8886 | L22: 52.8886 | M22: =ABS(K22-K23) -> 0.0016 | N22: =ABS(L22-L23) -> 0.0016 | O22: =SUM(K22,K24) -> 105.782 | P22: =SUM(L22,L24) -> 105.782 | Q22: =ABS(O22-O23) -> 0.0042 | R22: =ABS(P22-P23) -> 0.0042 | T22: 250.0449 | U22: 250.0449 | V22: =SUM(K22,T22) -> 302.9335 | W22: =SUM(L22,U22) -> 302.9335 | X22: =ABS(V22-V23) -> 0.0004 | Y22: =ABS(W22-W23) -> 0.0004
B23: DMI_2_RXP | C23: F42 | E23: 1100 | F23: DP26 | G23: 2.5 | H23: M13 | I23: 10 | J23: SL12 | K23: 52.8902 | L23: 52.8902 | O23: =SUM(K23,K25) -> 105.7862 | P23: =SUM(L23,L25) -> 105.7862 | T23: 250.0429 | U23: 250.0429 | V23: =SUM(K23,T23) -> 302.9331 | W23: =SUM(L23,U23) -> 302.9331
B24: DMI_2_TXN | C24: C48 | F24: DP27 | G24: 2.5 | H24: M13 | I24: 10 | J24: SL11 | K24: 52.8934 | L24: 52.8934 | M24: =ABS(K24-K25) -> 0.0026 | N24: =ABS(L24-L25) -> 0.0026 | T24: 250.0449 | U24: 250.0449 | V24: =SUM(K24,T24) -> 302.9383 | W24: =SUM(L24,U24) -> 302.9383 | X24: =ABS(V24-V25) -> 0.0006 | Y24: =ABS(W24-W25) -> 0.0006
B25: DMI_2_TXP | C25: C47 | F25: DP27 | G25: 2.5 | H25: M13 | I25: 10 | J25: SL12 | K25: 52.896 | L25: 52.896 | T25: 250.0429 | U25: 250.0429 | V25: =SUM(K25,T25) -> 302.9389 | W25: =SUM(L25,U25) -> 302.9389
B26: DMI_3_RXN | C26: K42 | E26: 1100 | F26: DP28 | G26: 2.5 | H26: M13 | I26: 10 | J26: SL13 | K26: 52.9023 | L26: 52.9023 | M26: =ABS(K26-K27) -> 0.0024 | N26: =ABS(L26-L27) -> 0.0024 | O26: =SUM(K26,K28) -> 105.7977 | P26: =SUM(L26,L28) -> 105.7977 | Q26: =ABS(O26-O27) -> 0.0008 | R26: =ABS(P26-P27) -> 0.0008 | T26: 250.0261 | U26: 250.0261 | V26: =SUM(K26,T26) -> 302.9284 | W26: =SUM(L26,U26) -> 302.9284 | X26: =ABS(V26-V27) -> 0.0083 | Y26: =ABS(W26-W27) -> 0.0083
B27: DMI_3_RXP | C27: M42 | E27: 1100 | F27: DP28 | G27: 2.5 | H27: M13 | I27: 10 | J27: SL14 | K27: 52.8999 | L27: 52.8999 | O27: =SUM(K27,K29) -> 105.7969 | P27: =SUM(L27,L29) -> 105.7969 | T27: 250.0202 | U27: 250.0202 | V27: =SUM(K27,T27) -> 302.9201 | W27: =SUM(L27,U27) -> 302.9201
B28: DMI_3_TXN | C28: A47 | F28: DP29 | G28: 2.5 | H28: M13 | I28: 10 | J28: SL13 | K28: 52.8954 | L28: 52.8954 | M28: =ABS(K28-K29) -> 0.0016 | N28: =ABS(L28-L29) -> 0.0016 | T28: 250.0261 | U28: 250.0261 | V28: =SUM(K28,T28) -> 302.9215 | W28: =SUM(L28,U28) -> 302.9215 | X28: =ABS(V28-V29) -> 0.0043 | Y28: =ABS(W28-W29) -> 0.0043
B29: DMI_3_TXP | C29: A46 | F29: DP29 | G29: 2.5 | H29: M13 | I29: 10 | J29: SL14 | K29: 52.897 | L29: 52.897 | T29: 250.0202 | U29: 250.0202 | V29: =SUM(K29,T29) -> 302.9172 | W29: =SUM(L29,U29) -> 302.9172
B30: DMI_4_RXN | C30: F39 | E30: 1100 | F30: DP30 | G30: 2.5 | H30: M13 | I30: 10 | J30: SL15 | K30: 52.8943 | L30: 52.8943 | M30: =ABS(K30-K31) -> 0.0036 | N30: =ABS(L30-L31) -> 0.0036 | O30: =SUM(K30,K32) -> 105.7846 | P30: =SUM(L30,L32) -> 105.7846 | Q30: =ABS(O30-O31) -> 0.0023 | R30: =ABS(P30-P31) -> 0.0023 | T30: 250.0989 | U30: 250.0989 | V30: =SUM(K30,T30) -> 302.9932 | W30: =SUM(L30,U30) -> 302.9932 | X30: =ABS(V30-V31) -> 0.0023 | Y30: =ABS(W30-W31) -> 0.0023
B31: DMI_4_RXP | C31: G39 | E31: 1100 | F31: DP30 | G31: 2.5 | H31: M13 | I31: 10 | J31: SL16 | K31: 52.8979 | L31: 52.8979 | O31: =SUM(K31,K33) -> 105.7869 | P31: =SUM(L31,L33) -> 105.7869 | T31: 250.093 | U31: 250.093 | V31: =SUM(K31,T31) -> 302.9909 | W31: =SUM(L31,U31) -> 302.9909
B32: DMI_4_TXN | C32: C45 | F32: DP31 | G32: 2.5 | H32: M13 | I32: 10 | J32: SL15 | K32: 52.8903 | L32: 52.8903 | M32: =ABS(K32-K33) -> 0.0013 | N32: =ABS(L32-L33) -> 0.0013 | T32: 250.0989 | U32: 250.0989 | V32: =SUM(K32,T32) -> 302.9892 | W32: =SUM(L32,U32) -> 302.9892 | X32: =ABS(V32-V33) -> 0.0072 | Y32: =ABS(W32-W33) -> 0.0072
B33: DMI_4_TXP | C33: C44 | F33: DP31 | G33: 2.5 | H33: M13 | I33: 10 | J33: SL16 | K33: 52.889 | L33: 52.889 | T33: 250.093 | U33: 250.093 | V33: =SUM(K33,T33) -> 302.982 | W33: =SUM(L33,U33) -> 302.982
B34: DMI_5_RXN | C34: K39 | E34: 1100 | F34: DP32 | G34: 2.5 | H34: M13 | I34: 10 | J34: SL17 | K34: 52.8982 | L34: 52.8982 | M34: =ABS(K34-K35) -> 0.0054 | N34: =ABS(L34-L35) -> 0.0054 | O34: =SUM(K34,K36) -> 105.7871 | P34: =SUM(L34,L36) -> 105.7871 | Q34: =ABS(O34-O35) -> 0.0042 | R34: =ABS(P34-P35) -> 0.0042 | T34: 249.992 | U34: 249.992 | V34: =SUM(K34,T34) -> 302.8902 | W34: =SUM(L34,U34) -> 302.8902 | X34: =ABS(V34-V35) -> 0.0267 | Y34: =ABS(W34-W35) -> 0.0267
B35: DMI_5_RXP | C35: M39 | E35: 1100 | F35: DP32 | G35: 2.5 | H35: M13 | I35: 10 | J35: SL18 | K35: 52.8928 | L35: 52.8928 | O35: =SUM(K35,K37) -> 105.7913 | P35: =SUM(L35,L37) -> 105.7913 | T35: 250.0241 | U35: 250.0241 | V35: =SUM(K35,T35) -> 302.9169 | W35: =SUM(L35,U35) -> 302.9169
B36: DMI_5_TXN | C36: A44 | F36: DP33 | G36: 2.5 | H36: M13 | I36: 10 | J36: SL17 | K36: 52.8889 | L36: 52.8889 | M36: =ABS(K36-K37) -> 0.0096 | N36: =ABS(L36-L37) -> 0.0096 | T36: 249.992 | U36: 249.992 | V36: =SUM(K36,T36) -> 302.8809 | W36: =SUM(L36,U36) -> 302.8809 | X36: =ABS(V36-V37) -> 0.0417 | Y36: =ABS(W36-W37) -> 0.0417
B37: DMI_5_TXP | C37: A43 | F37: DP33 | G37: 2.5 | H37: M13 | I37: 10 | J37: SL18 | K37: 52.8985 | L37: 52.8985 | T37: 250.0241 | U37: 250.0241 | V37: =SUM(K37,T37) -> 302.9226 | W37: =SUM(L37,U37) -> 302.9226
B38: DMI_6_RXN | C38: J36 | E38: 1100 | F38: DP34 | G38: 2.5 | H38: M13 | I38: 10 | J38: SL19 | K38: 52.8892 | L38: 52.8892 | M38: =ABS(K38-K39) -> 0.0006 | N38: =ABS(L38-L39) -> 0.0006 | O38: =SUM(K38,K40) -> 105.7867 | P38: =SUM(L38,L40) -> 105.7867 | Q38: =ABS(O38-O39) -> 0.0015 | R38: =ABS(P38-P39) -> 0.0015 | T38: 250.0693 | U38: 250.0693 | V38: =SUM(K38,T38) -> 302.9585 | W38: =SUM(L38,U38) -> 302.9585 | X38: =ABS(V38-V39) -> 0.0067 | Y38: =ABS(W38-W39) -> 0.0067
B39: DMI_6_RXP | C39: K36 | E39: 1100 | F39: DP34 | G39: 2.5 | H39: M13 | I39: 10 | J39: SL20 | K39: 52.8898 | L39: 52.8898 | O39: =SUM(K39,K41) -> 105.7882 | P39: =SUM(L39,L41) -> 105.7882 | T39: 250.0754 | U39: 250.0754 | V39: =SUM(K39,T39) -> 302.9652 | W39: =SUM(L39,U39) -> 302.9652
B40: DMI_6_TXN | C40: C42 | F40: DP35 | G40: 2.5 | H40: M13 | I40: 10 | J40: SL19 | K40: 52.8975 | L40: 52.8975 | M40: =ABS(K40-K41) -> 0.0009 | N40: =ABS(L40-L41) -> 0.0009 | T40: 250.0693 | U40: 250.0693 | V40: =SUM(K40,T40) -> 302.9668 | W40: =SUM(L40,U40) -> 302.9668 | X40: =ABS(V40-V41) -> 0.007 | Y40: =ABS(W40-W41) -> 0.007
B41: DMI_6_TXP | C41: C41 | F41: DP35 | G41: 2.5 | H41: M13 | I41: 10 | J41: SL20 | K41: 52.8984 | L41: 52.8984 | T41: 250.0754 | U41: 250.0754 | V41: =SUM(K41,T41) -> 302.9738 | W41: =SUM(L41,U41) -> 302.9738
B42: DMI_7_RXN | C42: N36 | E42: 1100 | F42: DP36 | G42: 2.5 | H42: M13 | I42: 10 | J42: SL21 | K42: 52.9036 | L42: 52.9036 | M42: =ABS(K42-K43) -> 0.0002 | N42: =ABS(L42-L43) -> 0.0002 | O42: =SUM(K42,K44) -> 105.7919 | P42: =SUM(L42,L44) -> 105.7919 | Q42: =ABS(O42-O43) -> 0.0011 | R42: =ABS(P42-P43) -> 0.0011 | T42: 250.0701 | U42: 250.0701 | V42: =SUM(K42,T42) -> 302.9737 | W42: =SUM(L42,U42) -> 302.9737 | X42: =ABS(V42-V43) -> 0.0092 | Y42: =ABS(W42-W43) -> 0.0092
B43: DMI_7_RXP | C43: R36 | E43: 1100 | F43: DP36 | G43: 2.5 | H43: M13 | I43: 10 | J43: SL22 | K43: 52.9034 | L43: 52.9034 | O43: =SUM(K43,K45) -> 105.793 | P43: =SUM(L43,L45) -> 105.793 | T43: 250.0795 | U43: 250.0795 | V43: =SUM(K43,T43) -> 302.9829 | W43: =SUM(L43,U43) -> 302.9829
B44: DMI_7_TXN | C44: A41 | F44: DP37 | G44: 2.5 | H44: M13 | I44: 10 | J44: SL21 | K44: 52.8883 | L44: 52.8883 | M44: =ABS(K44-K45) -> 0.0013 | N44: =ABS(L44-L45) -> 0.0013 | T44: 250.0701 | U44: 250.0701 | V44: =SUM(K44,T44) -> 302.9584 | W44: =SUM(L44,U44) -> 302.9584 | X44: =ABS(V44-V45) -> 0.0107 | Y44: =ABS(W44-W45) -> 0.0107
B45: DMI_7_TXP | C45: A40 | F45: DP37 | G45: 2.5 | H45: M13 | I45: 10 | J45: SL22 | K45: 52.8896 | L45: 52.8896 | T45: 250.0795 | U45: 250.0795 | V45: =SUM(K45,T45) -> 302.9691 | W45: =SUM(L45,U45) -> 302.9691

Sheet CLKOUT_XTAL_M02
B1: =SITE1!B1 -> ITTO-620-0190 Meteor Lake PCH X4 | K1: 44635
B2: CLKOUT_XTAL
J4: DUT to Jconnector | L4: Diff pair
J5: max | K5: =MAX(J14:K15) -> 187.7767 | L5: max | M5: =MAX(L14:M15) -> 0.0124
J6: min | K6: =MIN(J14:K15) -> 187.7643
J7: Diff. | K7: =K5-K6 -> 0.0124
J8: Less than | K8: =I14 -> 5 | L8: Less than | M8: =G14 -> 5
K9: =K8*0.0254 -> 0.127 | M9: =M8*0.0254 -> 0.127
K10: =IF(K7>K9,"Wrong","OK") -> OK | M10: =IF(M5>M9,"Wrong","OK") -> OK
J12: DUT to Jconnector (MM) | L12: Diff pair (MM)
B13: Pin Name | C13: Pin Location | D13: Min Trace Length (mils) | E13: Max Trace Length (mils) | F13: Diff pair number | G13: Diff phase tolerance (+/- mils) | H13: Match Group | I13: Match Group tolerance (+/- mils) | J13: SITE1 | K13: SITE3 | L13: SITE1 | M13: SITE3
B14: CLKOUT_XTAL_N | C14: C7 | F14: DP15 | G14: 5 | H14: M02 | I14: 5 | J14: 187.7767 | K14: 187.7767 | L14: =ABS(J14-J15) -> 0.0124 | M14: =ABS(K14-K15) -> 0.0124
B15: CLKOUT_XTAL_P | C15: B6 | F15: DP15 | G15: 5 | H15: M02 | I15: 5 | J15: 187.7643 | K15: 187.7643

Sheet JTAG_M03
B1: =SITE1!B1 -> ITTO-620-0190 Meteor Lake PCH X4 | K1: 44635
B2: CLKOUT_XTAL
J4: DUT to Jconnector | L4: Less than
J5: max | K5: =MAX(J14:K20) -> 257.8972 | L5: =E14 -> 18000 | M5: =L5*0.0254 -> 457.2 | N5: =IF(K5>M5,"Wrong","OK") -> OK
J6: min | K6: =MIN(J14:K20) -> 257.8219
J7: Diff. | K7: =K5-K6 -> 0.0753 | L7: =I14*2 -> 500 | M7: =L7*0.0254 -> 12.7 | N7: =IF(K7>M7,"Wrong","OK") -> OK
J12: DUT to Jconnector (MM)
B13: Pin Name | C13: Pin Location | D13: Min Trace Length (mils) | E13: Max Trace Length (mils) | F13: Diff pair number | G13: Diff phase tolerance (+/- mils) | H13: Match Group | I13: Match Group tolerance (+/- mils) | J13: SITE1 | K13: SITE3
B14: JTAG_TCK | C14: AD2 | E14: 18000 | H14: M03 | I14: 250 | J14: 257.8599 | K14: 257.8599
B15: JTAG_TDI | C15: AB2 | E15: 18000 | H15: M03 | I15: 250 | J15: 257.8348 | K15: 257.8348
B16: JTAG_TDO | C16: AB3 | E16: 18000 | H16: M03 | I16: 250 | J16: 257.837 | K16: 257.837
B17: JTAG_TMS | C17: AD3 | E17: 18000 | H17: M03 | I17: 250 | J17: 257.8219 | K17: 257.8219
B18: JTAGX | C18: AE2 | E18: 18000 | H18: M03 | I18: 250 | J18: 257.8972 | K18: 257.8972
B19: PRDYB | C19: AF9 | E19: 18000 | H19: M03 | I19: 250 | J19: 257.8904 | K19: 257.8904
B20: PREQB | C20: AF7 | E20: 18000 | H20: M03 | I20: 250 | J20: 257.8626 | K20: 257.8626

Sheet CLKOUT_SRC_M04
B1: =SITE1!B1 -> ITTO-620-0190 Meteor Lake PCH X4 | K1: 44635
B2: CLKOUT_SRC
J4: DUT to Jconnector | L4: Diff pair
J5: max | K5: =MAX(J14:K41) -> 222.8692 | L5: max | M5: =MAX(L14:M41) -> 0.0484
J6: min | K6: =MIN(J14:K41) -> 222.7855
J7: Diff. | K7: =K5-K6 -> 0.0837
J8: Less than | K8: =I14*2 -> 10 | L8: Less than | M8: =G14 -> 5
K9: =K8*0.0254 -> 0.254 | M9: =M8*0.0254 -> 0.127
K10: =IF(K7>K9,"Wrong","OK") -> OK | M10: =IF(M5>M9,"Wrong","OK") -> OK
J12: DUT to Jconnector (MM) | L12: Diff pair(MM)
B13: Pin Name | C13: Pin Location | D13: Min Trace Length (mils) | E13: Max Trace Length (mils) | F13: Diff pair number | G13: Diff phase tolerance (+/- mils) | H13: Match Group | I13: Match Group tolerance (+/- mils) | J13: SITE1 | K13: SITE3 | L13: SITE1 | M13: SITE3
B14: CLKOUT_SRC_P_0 | C14: R12 | F14: DP01 | G14: 5 | H14: M04 | I14: 5 | J14: 222.8073 | K14: 222.8073 | L14: =ABS(J14-J15) -> 0.0013 | M14: =ABS(K14-K15) -> 0.0013
B15: CLKOUT_SRC_N_0 | C15: R10 | F15: DP01 | G15: 5 | H15: M04 | I15: 5 | J15: 222.806 | K15: 222.806
B16: CLKOUT_SRC_P_1 | C16: G2 | F16: DP02 | G16: 5 | H16: M04 | I16: 5 | J16: 222.8328 | K16: 222.8328 | L16: =ABS(J16-J17) -> 0.0188 | M16: =ABS(K16-K17) -> 0.0188
B17: CLKOUT_SRC_N_1 | C17: G3 | F17: DP02 | G17: 5 | H17: M04 | I17: 5 | J17: 222.8516 | K17: 222.8516
B18: CLKOUT_SRC_P_2 | C18: J3 | F18: DP07 | G18: 5 | H18: M04 | I18: 5 | J18: 222.788 | K18: 222.788 | L18: =ABS(J18-J19) -> 0.0044 | M18: =ABS(K18-K19) -> 0.0044
B19: CLKOUT_SRC_N_2 | C19: J2 | F19: DP07 | G19: 5 | H19: M04 | I19: 5 | J19: 222.7924 | K19: 222.7924
B20: CLKOUT_SRC_P_3 | C20: L3 | F20: DP08 | G20: 5 | H20: M04 | I20: 5 | J20: 222.7964 | K20: 222.7964 | L20: =ABS(J20-J21) -> 0.0058 | M20: =ABS(K20-K21) -> 0.0058
B21: CLKOUT_SRC_N_3 | C21: K2 | F21: DP08 | G21: 5 | H21: M04 | I21: 5 | J21: 222.7906 | K21: 222.7906
B22: CLKOUT_SRC_P_4 | C22: M2 | F22: DP09 | G22: 5 | H22: M04 | I22: 5 | J22: 222.8634 | K22: 222.8634 | L22: =ABS(J22-J23) -> 0.0058 | M22: =ABS(K22-K23) -> 0.0058
B23: CLKOUT_SRC_N_4 | C23: M3 | F23: DP09 | G23: 5 | H23: M04 | I23: 5 | J23: 222.8692 | K23: 222.8692
B24: CLKOUT_SRC_P_5 | C24: M5 | F24: DP10 | G24: 5 | H24: M04 | I24: 5 | J24: 222.8515 | K24: 222.8515 | L24: =ABS(J24-J25) -> 0.0254 | M24: =ABS(K24-K25) -> 0.0254
B25: CLKOUT_SRC_N_5 | C25: M4 | F25: DP10 | G25: 5 | H25: M04 | I25: 5 | J25: 222.8261 | K25: 222.8261
B26: CLKOUT_SRC_P_6 | C26: N2 | F26: DP11 | G26: 5 | H26: M04 | I26: 5 | J26: 222.8328 | K26: 222.8328 | L26: =ABS(J26-J27) -> 0.0473 | M26: =ABS(K26-K27) -> 0.0473
B27: CLKOUT_SRC_N_6 | C27: N3 | F27: DP11 | G27: 5 | H27: M04 | I27: 5 | J27: 222.7855 | K27: 222.7855
B28: CLKOUT_SRC_P_7 | C28: P3 | F28: DP12 | G28: 5 | H28: M04 | I28: 5 | J28: 222.8102 | K28: 222.8102 | L28: =ABS(J28-J29) -> 0.0004 | M28: =ABS(K28-K29) -> 0.0004
B29: CLKOUT_SRC_N_7 | C29: R2 | F29: DP12 | G29: 5 | H29: M04 | I29: 5 | J29: 222.8106 | K29: 222.8106
B30: CLKOUT_SRC_P_8 | C30: T3 | F30: DP13 | G30: 5 | H30: M04 | I30: 5 | J30: 222.81 | K30: 222.81 | L30: =ABS(J30-J31) -> 0.0072 | M30: =ABS(K30-K31) -> 0.0072
B31: CLKOUT_SRC_N_8 | C31: R3 | F31: DP13 | G31: 5 | H31: M04 | I31: 5 | J31: 222.8028 | K31: 222.8028
B32: CLKOUT_SRC_P_9 | C32: H6 | F32: DP14 | G32: 5 | H32: M04 | I32: 5 | J32: 222.8529 | K32: 222.8529 | L32: =ABS(J32-J33) -> 0.0451 | M32: =ABS(K32-K33) -> 0.0451
B33: CLKOUT_SRC_N_9 | C33: J7 | F33: DP14 | G33: 5 | H33: M04 | I33: 5 | J33: 222.8078 | K33: 222.8078
B34: CLKOUT_SRC_P_10 | C34: F5 | F34: DP03 | G34: 5 | H34: M04 | I34: 5 | J34: 222.799 | K34: 222.799 | L34: =ABS(J34-J35) -> 0.0005 | M34: =ABS(K34-K35) -> 0.0005
B35: CLKOUT_SRC_N_10 | C35: H5 | F35: DP03 | G35: 5 | H35: M04 | I35: 5 | J35: 222.7985 | K35: 222.7985
B36: CLKOUT_SRC_P_11 | C36: L7 | F36: DP04 | G36: 5 | H36: M04 | I36: 5 | J36: 222.8428 | K36: 222.8428 | L36: =ABS(J36-J37) -> 0.0335 | M36: =ABS(K36-K37) -> 0.0335
B37: CLKOUT_SRC_N_11 | C37: K6 | F37: DP04 | G37: 5 | H37: M04 | I37: 5 | J37: 222.8093 | K37: 222.8093
B38: CLKOUT_SRC_P_12 | C38: N7 | F38: DP05 | G38: 5 | H38: M04 | I38: 5 | J38: 222.8574 | K38: 222.8574 | L38: =ABS(J38-J39) -> 0.0484 | M38: =ABS(K38-K39) -> 0.0484
B39: CLKOUT_SRC_N_12 | C39: N6 | F39: DP05 | G39: 5 | H39: M04 | I39: 5 | J39: 222.809 | K39: 222.809
B40: CLKOUT_SRC_P_13 | C40: V12 | F40: DP06 | G40: 5 | H40: M04 | I40: 5 | J40: 222.8136 | K40: 222.8136 | L40: =ABS(J40-J41) -> 0.0006 | M40: =ABS(K40-K41) -> 0.0006
B41: CLKOUT_SRC_N_13 | C41: V10 | F41: DP06 | G41: 5 | H41: M04 | I41: 5 | J41: 222.813 | K41: 222.813

Sheet XTAL_M06
B1: =SITE1!B1 -> ITTO-620-0190 Meteor Lake PCH X4 | K1: 44635
B2: RTCX1/2
B3: XTAL_IN/OUT
J4: DUT to Jconnector
J5: max | K5: =MAX(J14:K15) -> 161.4282
J6: min | K6: =MIN(J14:K15) -> 161.4138
J7: Diff. | K7: =K5-K6 -> 0.0144
J8: Less than | K8: =I14 -> 10
K9: =K8*0.0254 -> 0.254
K10: =IF(K7>K9,"Wrong","OK") -> OK
J12: DUT to Jconnector (MM)
B13: Pin Name | C13: Pin Location | D13: Min Trace Length (mils) | E13: Max Trace Length (mils) | F13: Diff pair number | G13: Diff phase tolerance (+/- mils) | H13: Match Group | I13: Match Group tolerance (+/- mils) | J13: SITE1 | K13: SITE3
B14: RTCX1 | C14: BB5 | H14: M06 | I14: 10 | J14: 161.4282 | K14: 161.4282
B15: RTCX2 | C15: BC4 | H15: M06 | I15: 10 | J15: 161.4138 | K15: 161.4138
N17: Total
N18: max | O18: =MAX(N27:O28) -> 169.9355
N19: min | O19: =MIN(N27:O28) -> 168.1808
N20: Diff. | O20: =O18-O19 -> 1.7547
N21: Less than | O21: 200
O22: =O21*0.0254 -> 5.08
O23: =IF(O20>O22,"Wrong","OK") -> OK
J25: DUT to Jconnector or Resistor(MM) | L25: Resistor to Jconnector (MM) | N25: Total (MM)
B26: Pin Name | C26: Pin Location | D26: Min Trace Length (mils) | E26: Max Trace Length (mils) | F26: Diff pair number | G26: Diff phase tolerance (+/- mils) | H26: Match Group | I26: Match Group tolerance (+/- mils) | J26: SITE1 | K26: SITE3 | L26: SITE1 | M26: SITE3 | N26: SITE1 | O26: SITE3
B27: XTAL_IN | C27: Y6 | J27: 67.6918 | K27: 67.6918 | L27: 102.2437 | M27: 102.2437 | N27: =SUM(J27,L27) -> 169.9355 | O27: =SUM(K27,M27) -> 169.9355
B28: XTAL_OUT | C28: Y7 | J28: 168.1808 | K28: 168.1808 | L28: - | M28: - | N28: =SUM(J28,L28) -> 168.1808 | O28: =SUM(K28,M28) -> 168.1808

Sheet GPP_E_F_M07
B1: =SITE1!B1 -> ITTO-620-0190 Meteor Lake PCH X4 | K1: 44635
B2: GPP_E/GPP_F
J4: DUT to Jconnector
J5: max | K5: =MAX(J14:K47) -> 194.8531
J6: min | K6: =MIN(J14:K47) -> 165.0433
J7: Diff. | K7: =K5-K6 -> 29.8098
J8: Less than | K8: =I14*2 -> 3000
K9: =K8*0.0254 -> 76.2
K10: =IF(K7>K9,"Wrong","OK") -> OK
J12: DUT to Jconnector (MM)
B13: Pin Name | C13: Pin Location | D13: Min Trace Length (mils) | E13: Max Trace Length (mils) | F13: Diff pair number | G13: Diff phase tolerance (+/- mils) | H13: Match Group | I13: Match Group tolerance (+/- mils) | J13: SITE1 | K13: SITE3
B14: GPP_E_0_SATAXPCIE_0_SATAGP_0 | C14: BC54 | H14: M07 | I14: 1500 | J14: 184.4147 | K14: 184.4147
B15: GPP_E_1_SATAXPCIE_1_SATAGP_1 | C15: BB48 | H15: M07 | I15: 1500 | J15: 173.7006 | K15: 173.7006
B16: GPP_E_10_SRCCLKREQB_13 | C16: BC48 | H16: M07 | I16: 1500 | J16: 171.9416 | K16: 171.9416
B17: GPP_E_11_ISH_GP_9 | C17: BF51 | H17: M07 | I17: 1500 | J17: 175.5478 | K17: 175.5478
B18: GPP_E_12_ISH_GP_10 | C18: BG50 | H18: M07 | I18: 1500 | J18: 165.3777 | K18: 165.3777
B19: GPP_E_13_THC0_SPI1_CSB | C19: BE53 | H19: M07 | I19: 1500 | J19: 172.8919 | K19: 172.8919
B20: GPP_E_14_THC0_SPI1_CLK | C20: BG53 | H20: M07 | I20: 1500 | J20: 169.0789 | K20: 169.0789
B21: GPP_E_15_THC0_SPI1_IO_1 | C21: BB50 | H21: M07 | I21: 1500 | J21: 194.8531 | K21: 194.8531
B22: GPP_E_16_THC0_SPI1_IO_0 | C22: BD53 | H22: M07 | I22: 1500 | J22: 181.3702 | K22: 181.3702
B23: GPP_E_18_THC0_SPI1_IO_3 | C23: AV48 | H23: M07 | I23: 1500 | J23: 165.0433 | K23: 165.0433
B24: GPP_E_19_THC0_SPI1_RSTB | C24: BH52 | H24: M07 | I24: 1500 | J24: 176.5249 | K24: 176.5249
B25: GPP_E_2_SATAXPCIE_2_SATAGP_2 | C25: BA46 | H25: M07 | I25: 1500 | J25: 171.4503 | K25: 171.4503
... B47: GPP_F_9_SATA_DEVSLP_7_DIR_ESPI_SMI | C47: AU55 | H47: M07 | I47: 1500 | J47: 173.7852 | K47: 173.7852

Sheet GPP_C_H_M08
B1: =SITE1!B1 -> ITTO-620-0190 Meteor Lake PCH X4 | K1: 44635
B2: GPP_C/GPP_H
J4: DUT to Jconnector
J5: max | K5: =MAX(J14:K47) -> 214.6976
J6: min | K6: =MIN(J14:K47) -> 185.2544
J7: Diff. | K7: =K5-K6 -> 29.4432
J8: Less than | K8: =I14*2 -> 3000
K9: =K8*0.0254 -> 76.2
K10: =IF(K7>K9,"Wrong","OK") -> OK
J12: DUT to Jconnector (MM)
B13: Pin Name | C13: Pin Location | D13: Min Trace Length (mils) | E13: Max Trace Length (mils) | F13: Diff pair number | G13: Diff phase tolerance (+/- mils) | H13: Match Group | I13: Match Group tolerance (+/- mils) | J13: SITE1 | K13: SITE3
B14: GPP_C_10_UART0_RTSB | C14: Y49 | H14: M08 | I14: 1500 | J14: 187.335 | K14: 187.335
B15: GPP_C_11_UART0_CTSB | C15: Y51 | H15: M08 | I15: 1500 | J15: 210.3272 | K15: 210.3272
B16: GPP_C_12_UART1_RXD_ISH_UART1_RXD | C16: AB55 | H16: M08 | I16: 1500 | J16: 187.7267 | K16: 187.7267
B17: GPP_C_13_UART1_TXD_ISH_UART1_TXD | C17: AB56 | H17: M08 | I17: 1500 | J17: 186.2404 | K17: 186.2404
B18: GPP_C_14_UART1_RTSB_ISH_UART1_RTSB | C18: AB53 | H18: M08 | I18: 1500 | J18: 198.4003 | K18: 198.4003
B19: GPP_C_15_UART1_CTSB_ISH_UART1_CTSB | C19: AA54 | H19: M08 | I19: 1500 | J19: 198.1865 | K19: 198.1865
B20: GPP_C_16_USB2_OCB_4_I2C4_SDA | C20: AA56 | H20: M08 | I20: 1500 | J20: 187.6825 | K20: 187.6825
B21: GPP_C_17_USB2_OCB_5_I2C4_SCL | C21: AA55 | H21: M08 | I21: 1500 | J21: 190.9577 | K21: 190.9577
B22: GPP_C_18_USB2_OCB_6_I2C5_SDA | C22: Y55 | H22: M08 | I22: 1500 | J22: 187.7056 | K22: 187.7056
B23: GPP_C_19_USB2_OCB_7_I2C5_SCL | C23: Y54 | H23: M08 | I23: 1500 | J23: 207.9285 | K23: 207.9285
B24: GPP_C_20_UART2_RXD_CNV_MFUART0_RXD | C24: AD48 | H24: M08 | I24: 1500 | J24: 187.0646 | K24: 187.0646
B25: GPP_C_21_UART2_TXD_CNV_MFUART0_TXD | C25: AD49 | H25: M08 | I25: 1500 | J25: 186.0728 | K25: 186.0728
... B47: GPP_H_9_SML2CLK | C47: AK55 | H47: M08 | I47: 1500 | J47: 193.6157 | K47: 193.6157

Sheet USB2
B1: =SITE1!B1 -> ITTO-620-0190 Meteor Lake PCH X4 | K1: 44635
B2: USB2
J4: DUT to Jconnector | L4: Diff pair
J5: max | K5: =MAX(J14:K41) -> 232.9015 | L5: max | M5: =MAX(L14:M41) -> 0.0998
J6: min | K6: =MIN(J14:K41) -> 232.5219
J7: Diff. | K7: =K5-K6 -> 0.3796
J8: Less than | K8: =I14*2 -> 40 | L8: Less than | M8: =G14 -> 5
K9: =K8*0.0254 -> 1.016 | M9: =M8*0.0254 -> 0.127
K10: =IF(K7>K9,"Wrong","OK") -> OK | M10: =IF(M5>M9,"Wrong","OK") -> OK
J12: DUT to Jconnector (MM) | L12: Diff pair(MM)
B13: Pin Name | C13: Pin Location | D13: Min Trace Length (mils) | E13: Max Trace Length (mils) | F13: Diff pair number | G13: Diff phase tolerance (+/- mils) | H13: Match Group | I13: Match Group tolerance (+/- mils) | J13: SITE1 | K13: SITE3 | L13: SITE1 | M13: SITE3
B14: USB2P_1 | C14: C16 | F14: DP65 | G14: 5 | H14: Match across all USB2 lanes | I14: 20 | J14: 232.5219 | K14: 232.5219 | L14: =ABS(J14-J15) -> 0.0817 | M14: =ABS(K14-K15) -> 0.0817
B15: USB2N_1 | C15: D16 | F15: DP65 | G15: 5 | H15: Match across all USB2 lanes | I15: 20 | J15: 232.6036 | K15: 232.6036
B16: USB2P_2 | C16: D15 | F16: DP71 | G16: 5 | H16: Match across all USB2 lanes | I16: 20 | J16: 232.6422 | K16: 232.6422 | L16: =ABS(J16-J17) -> 0.0858 | M16: =ABS(K16-K17) -> 0.0858
B17: USB2N_2 | C17: E15 | F17: DP71 | G17: 5 | H17: Match across all USB2 lanes | I17: 20 | J17: 232.5564 | K17: 232.5564
B18: USB2P_3 | C18: C14 | F18: DP72 | G18: 5 | H18: Match across all USB2 lanes | I18: 20 | J18: 232.7489 | K18: 232.7489 | L18: =ABS(J18-J19) -> 0.007 | M18: =ABS(K18-K19) -> 0.007
B19: USB2N_3 | C19: D14 | F19: DP72 | G19: 5 | H19: Match across all USB2 lanes | I19: 20 | J19: 232.7559 | K19: 232.7559
B20: USB2P_4 | C20: D13 | F20: DP73 | G20: 5 | H20: Match across all USB2 lanes | I20: 20 | J20: 232.7425 | K20: 232.7425 | L20: =ABS(J20-J21) -> 0.0231 | M20: =ABS(K20-K21) -> 0.0231
B21: USB2N_4 | C21: C13 | F21: DP73 | G21: 5 | H21: Match across all USB2 lanes | I21: 20 | J21: 232.7194 | K21: 232.7194
B22: USB2P_5 | C22: F12 | F22: DP74 | G22: 5 | H22: Match across all USB2 lanes | I22: 20 | J22: 232.9015 | K22: 232.9015 | L22: =ABS(J22-J23) -> 0.0251 | M22: =ABS(K22-K23) -> 0.0251
B23: USB2N_5 | C23: E11 | F23: DP74 | G23: 5 | H23: Match across all USB2 lanes | I23: 20 | J23: 232.8764 | K23: 232.8764
B24: USB2P_6 | C24: C11 | F24: DP75 | G24: 5 | H24: Match across all USB2 lanes | I24: 20 | J24: 232.7485 | K24: 232.7485 | L24: =ABS(J24-J25) -> 0.0184 | M24: =ABS(K24-K25) -> 0.0184
B25: USB2N_6 | C25: D11 | F25: DP75 | G25: 5 | H25: Match across all USB2 lanes | I25: 20 | J25: 232.7669 | K25: 232.7669
B26: USB2P_7 | C26: D4 | F26: DP76 | G26: 5 | H26: Match across all USB2 lanes | I26: 20 | J26: 232.5798 | K26: 232.5798 | L26: =ABS(J26-J27) -> 0.0015 | M26: =ABS(K26-K27) -> 0.0015
B27: USB2N_7 | C27: E5 | F27: DP76 | G27: 5 | H27: Match across all USB2 lanes | I27: 20 | J27: 232.5783 | K27: 232.5783
B28: USB2P_8 | C28: C9 | F28: DP77 | G28: 5 | H28: Match across all USB2 lanes | I28: 20 | J28: 232.6754 | K28: 232.6754 | L28: =ABS(J28-J29) -> 0.0998 | M28: =ABS(K28-K29) -> 0.0998
B29: USB2N_8 | C29: D9 | F29: DP77 | G29: 5 | H29: Match across all USB2 lanes | I29: 20 | J29: 232.5756 | K29: 232.5756
B30: USB2P_9 | C30: G15 | F30: DP78 | G30: 5 | H30: Match across all USB2 lanes | I30: 20 | J30: 232.6978 | K30: 232.6978 | L30: =ABS(J30-J31) -> 0.0011 | M30: =ABS(K30-K31) -> 0.0011
B31: USB2N_9 | C31: H15 | F31: DP78 | G31: 5 | H31: Match across all USB2 lanes | I31: 20 | J31: 232.6989 | K31: 232.6989
B32: USB2P_10 | C32: L14 | F32: DP66 | G32: 5 | H32: Match across all USB2 lanes | I32: 20 | J32: 232.7574 | K32: 232.7574 | L32: =ABS(J32-J33) -> 0.0924 | M32: =ABS(K32-K33) -> 0.0924
B33: USB2N_10 | C33: J14 | F33: DP66 | G33: 5 | H33: Match across all USB2 lanes | I33: 20 | J33: 232.665 | K33: 232.665
B34: USB2P_11 | C34: G12 | F34: DP67 | G34: 5 | H34: Match across all USB2 lanes | I34: 20 | J34: 232.6904 | K34: 232.6904 | L34: =ABS(J34-J35) -> 0.0047 | M34: =ABS(K34-K35) -> 0.0047
B35: USB2N_11 | C35: H13 | F35: DP67 | G35: 5 | H35: Match across all USB2 lanes | I35: 20 | J35: 232.6857 | K35: 232.6857
B36: USB2P_12 | C36: H10 | F36: DP68 | G36: 5 | H36: Match across all USB2 lanes | I36: 20 | J36: 232.8681 | K36: 232.8681 | L36: =ABS(J36-J37) -> 0.0394 | M36: =ABS(K36-K37) -> 0.0394
B37: USB2N_12 | C37: G10 | F37: DP68 | G37: 5 | H37: Match across all USB2 lanes | I37: 20 | J37: 232.8287 | K37: 232.8287
B38: USB2P_13 | C38: D10 | F38: DP69 | G38: 5 | H38: Match across all USB2 lanes | I38: 20 | J38: 232.6605 | K38: 232.6605 | L38: =ABS(J38-J39) -> 0.0049 | M38: =ABS(K38-K39) -> 0.0049
B39: USB2N_13 | C39: E10 | F39: DP69 | G39: 5 | H39: Match across all USB2 lanes | I39: 20 | J39: 232.6654 | K39: 232.6654
B40: USB2P_14 | C40: M10 | F40: DP70 | G40: 5 | H40: Match across all USB2 lanes | I40: 20 | J40: 232.6486 | K40: 232.6486 | L40: =ABS(J40-J41) -> 0.0083 | M40: =ABS(K40-K41) -> 0.0083
B41: USB2N_14 | C41: M12 | F41: DP70 | G41: 5 | H41: Match across all USB2 lanes | I41: 20 | J41: 232.6569 | K41: 232.6569

Sheet DP
B1: =SITE1!B1 -> ITTO-620-0190 Meteor Lake PCH X4 | K1: 44635
B2: DP
L4: Diff pair | N4: Less than
L5: max | M5: =MAX(L14:M15) -> 0.0163 | N5: =G14 -> 2.5 | O5: =N5*0.0254 -> 0.0635 | P5: =IF(M5>O5,"Wrong","OK") -> OK
L7: Diff pair | N7: Less than
L8: max | M8: =MAX(L18:M21) -> 0.0057 | N8: =G16 -> 5 | O8: =N8*0.0254 -> 0.127 | P8: =IF(M8>O8,"Wrong","OK") -> OK
J12: DUT to Jconnector (MM) | L12: Diff pair(MM)
B13: Pin Name | C13: Pin Location | D13: Min Trace Length (mils) | E13: Max Trace Length (mils) | F13: Diff pair number | G13: Diff phase tolerance (+/- mils) | H13: Match Group | I13: Match Group tolerance (+/- mils) | J13: SITE1 | K13: SITE3 | L13: SITE1 | M13: SITE3
B14: DMI_REFCLKN | C14: R28 | F14: DP38 | G14: 2.5 | J14: 209.2253 | K14: 209.2253 | L14: =ABS(J14-J15) -> 0.0163 | M14: =ABS(K14-K15) -> 0.0163
B15: DMI_REFCLKP | C15: T28 | F15: DP38 | G15: 2.5 | J15: 209.2416 | K15: 209.2416
B16: EXT_INJ_PHY_N_PAD | C16: E2 | F16: DP39 | G16: 5 | J16: 209.2981 | K16: 209.2981 | L16: =ABS(J16-J17) -> 0.0855 | M16: =ABS(K16-K17) -> 0.0855
B17: EXT_INJ_PHY_P_PAD | C17: F3 | F17: DP39 | G17: 5 | J17: 209.2126 | K17: 209.2126
B18: TSN_EXTREFCLKN | C18: AP24 | F18: DP91 | G18: 5 | J18: 209.2877 | K18: 209.2877 | L18: =ABS(J18-J19) -> 0.0049 | M18: =ABS(K18-K19) -> 0.0049
B19: TSN_EXTREFCLKP | C19: AR24 | F19: DP91 | G19: 5 | J19: 209.2828 | K19: 209.2828
B20: XCKPLL_MON_N | C20: Y14 | F20: DP90 | G20: 5 | J20: 209.2561 | K20: 209.2561 | L20: =ABS(J20-J21) -> 0.0057 | M20: =ABS(K20-K21) -> 0.0057
B21: XCKPLL_MON_P | C21: Y16 | F21: DP90 | G21: 5 | J21: 209.2504 | K21: 209.2504

Sheet Thermal
B1: =SITE1!B1 -> ITTO-620-0190 Meteor Lake PCH X4 | K1: 44637
B2: Thermal
N4: DUT to TCI
N5: max | O5: =MAX(N14:O17) -> 402.67101
N6: min | O6: =MIN(N14:O17) -> 402.03059
N7: Diff. | O7: =O5-O6 -> 0.640419
N8: Less than | O8: =1000 -> 1000
O9: =O8*0.0254 -> 25.4
O10: =IF(O7>O9,"Wrong","OK") -> OK
B12: DUT to TCI | J12: DUT to Resistor (MM) | L12: Resistor to TCI (MM) | N12: Total (MM)
B13: Pin Name | C13: Pin Location | D13: Min Trace Length (mils) | E13: Max Trace Length (mils) | F13: Diff pair number | G13: Diff phase tolerance (+/- mils) | H13: Match Group | I13: Match Group tolerance (+/- mils) | J13: SITE1 | K13: SITE3 | L13: SITE1 | M13: SITE3 | N13: SITE1 | O13: SITE3
A14: F+ | B14: TD_ANODE | C14: T34 | J14: 29.747913 | K14: 29.747913 | L14: 372.9231 | M14: 372.4133 | N14: =SUM(J14,L14) -> 402.67101 | O14: =SUM(K14,M14) -> 402.16121 | P14: R1TD2VP
A15: S+ | J15: 29.548294 | K15: 29.548294 | L15: 372.9953 | M15: 372.4823 | N15: =SUM(J15,L15) -> 402.54359 | O15: =SUM(K15,M15) -> 402.03059 | P15: R1TD2IP
A16: S- | B16: TD_CATHODE | C16: R34 | J16: 29.609206 | K16: 29.609206 | L16: 372.9402 | M16: 372.4314 | N16: =SUM(J16,L16) -> 402.54941 | O16: =SUM(K16,M16) -> 402.04061 | P16: R1TD2IM
A17: F- | J17: 29.661181 | K17: 29.661181 | L17: 372.9153 | M17: 372.4064 | N17: =SUM(J17,L17) -> 402.57648 | O17: =SUM(K17,M17) -> 402.06758 | P17: R1TD2VM
J19: DUT to Resistor | L19: Resistor to Jconnector | N19: DUT to Jconnector
J20: max | K20: =MAX(J29:K32) -> 29.747913 | L20: max | M20: =MAX(L29:M32) -> 207.3732 | N20: max | O20: =MAX(N29:O32) -> 237.03438
J21: min | K21: =MIN(J29:K32) -> 29.548294 | L21: min | M21: =MIN(L29:M32) -> 207.068 | N21: min | O21: =MIN(N29:O32) -> 236.81591
J22: Diff. | K22: =K20-K21 -> 0.199619 | L22: Diff. | M22: =M20-M21 -> 0.3052 | N22: Diff. | O22: =O20-O21 -> 0.218468
J23: Less than | K23: 100 | L23: Less than | M23: 100 | N23: Less than | O23: =SUM(K23,M23) -> 200
K24: =K23*0.0254 -> 2.54 | M24: =M23*0.0254 -> 2.54 | O24: =O23*0.0254 -> 5.08
K25: =IF(K22>K24,"Wrong","OK") -> OK | M25: =IF(M22>M24,"Wrong","OK") -> OK | O25: =IF(O22>O24,"Wrong","OK") -> OK
B27: DUT to Jconnector | J27: DUT to Resistor (MM) | L27: Resistor to Jconnector (MM) | N27: Total (MM)
B28: Pin Name | C28: Pin Location | D28: Min Trace Length (mils) | E28: Max Trace Length (mils) | F28: Diff pair number | G28: Diff phase tolerance (+/- mils) | H28: Match Group | I28: Match Group tolerance (+/- mils) | J28: SITE1 | K28: SITE3 | L28: SITE1 | M28: SITE3 | N28: SITE1 | O28: SITE3
A29: F+ | B29: TD_ANODE | C29: T34 | J29: 29.747913 | K29: 29.747913 | L29: 207.068 | M29: 207.068 | N29: =SUM(J29,L29) -> 236.81591 | O29: =SUM(K29,M29) -> 236.81591
A30: S+ | J30: 29.548294 | K30: 29.548294 | L30: 207.3052 | M30: 207.3052 | N30: =SUM(J30,L30) -> 236.85349 | O30: =SUM(K30,M30) -> 236.85349
A31: S- | B31: TD_CATHODE | C31: R34 | J31: 29.609206 | K31: 29.609206 | L31: 207.2677 | M31: 207.2677 | N31: =SUM(J31,L31) -> 236.87691 | O31: =SUM(K31,M31) -> 236.87691
A32: F- | J32: 29.661181 | K32: 29.661181 | L32: 207.3732 | M32: 207.3732 | N32: =SUM(J32,L32) -> 237.03438 | O32: =SUM(K32,M32) -> 237.03438

Sheet SYNC
B1: =SITE1!B1 -> ITTO-620-0190 Meteor Lake PCH X4 | K1: 44635
B2: SYNC
D5: SMA to Jconnector (MM)
B6: Match Loop and SYNC Signals | C6: Time Domain | D6: SITE1 | E6: SITE3
B7: Matchloop | C7: TD02 | D7: 79.7766 | E7: 79.7766 | G7: max | H7: =MAX(D7:E8) -> 79.7766
B8: Sync 1 | C8: TD01 | D8: 79.7585 | E8: 79.7585 | G8: min | H8: =MIN(D7:E8) -> 79.7585
G9: Diff. | H9: =H7-H8 -> 0.0181
G10: Less than | H10: 20
H11: =H10*0.0254 -> 0.508
H12: =IF(H9>H11,"Wrong","OK") -> OK
B14: Power Follwing Signals Routing
C15: SITE1 | D15: SITE3
B16: R1PF1IP | C16: 182.6538 | D16: 182.4794 | G16: max | H16: =MAX(C16:D19) -> 182.6538
B17: R1PF1IM | C17: 182.5831 | D17: 182.6075 | G17: min | H17: =MIN(C16:D19) -> 182.1984
B18: R1PF1VP | C18: 182.414 | D18: 182.529 | G18: Diff. | H18: =H16-H17 -> 0.4554
B19: R1PF1VM | C19: 182.1984 | D19: 182.4856 | G19: Less than | H19: 100
H20: =H19*0.0254 -> 2.54
H21: =IF(H18>H20,"Wrong","OK") -> OK

Sheet TRIGGER
B1: ITTO-620-0190 Meteor Lake PCH X4 | K1: 44635
B2: Trigger
B7: SITE1 | D7: SITE3
B8: 800MDM | C8: DPS150A | D8: 800MDM | E8: DPS150A
B9: J1604_PMDTRG0 | C9: J1208_LVBMP0 | D9: J1804_PMDTRG0 | E9: J1408_LVBMP0
C10: J1204_LVBMP0 | E10: J1404_LVBMP0
C11: J1301_LVBMP0 | E11: J1101_LVBMP0
C12: J1305_LVBMP0 | E12: J1105_LVBMP0
B13: J1604_PMDTRG1 | C13: J1208_LVBMP1 | D13: J1804_PMDTRG1 | E13: J1408_LVBMP1
C14: J1204_LVBMP1 | E14: J1404_LVBMP1
C15: J1301_LVBMP1 | E15: J1101_LVBMP1
C16: J1305_LVBMP1 | E16: J1105_LVBMP1
B17: J1604_PMDTRG2 | C17: J1208_LIMTRG | D17: J1804_PMDTRG2 | E17: J1408_LIMTRG
C18: J1204_LIMTRG | E18: J1404_LIMTRG
C19: J1301_LIMTRG | E19: J1101_LIMTRG
C20: J1305_LIMTRG | E20: J1105_LIMTRG
B21: J1601_PMDTRG0 | C21: J1205_HVBMP0 | D21: J1801_PMDTRG0 | E21: J1405_HVBMP0
C22: J1201_HVBMP0 | E22: J1401_HVBMP0
B23: J1601_PMDTRG1 | C23: J1205_HVBMP1 | D23: J1801_PMDTRG1 | E23: J1405_HVBMP1
C24: J1201_HVBMP1 | E24: J1401_HVBMP1
B25: J1601_PMDTRG2 | C25: J1206_HIMTRG | D25: J1801_PMDTRG2 | E25: J1406_HIMTRG
C26: J1202_HIMTRG | E26: J1402_HIMTRG

Sheet POWER
B1: ITTO-620-0190 Meteor Lake PCH X4 | F1: 44635
B2: POWER
C6: Parallel | E6: DPS150A | I6: TP DPS# | M6: Layer
B7: Power Rail Name | C7: HCDPS | D7: LCDPS | E7: SITE1 | F7: SITE1 Master ch | G7: SITE3 | H7: SITE3 Master ch | I7: SITE1 | J7: SITE1 Master ch | K7: SITE3 | L7: SITE3 Master ch | M7: SITE1 | N7: SITE3
B8: VCCA_MPHYPLL_1P8 | C8: 1 | D8: - | E8: J1207_HDP5F | F8: J1207_HDP5F | G8: J1407_HDP5F | H8: J1407_HDP5F | I8: 1207.13 | J8: 1207.13 | K8: 1407.13 | L8: 1407.13 | M8: L3_HC/LC | N8: L3_HC/LC
B9: VCCA_CNVI_PLL_1P8 | C9: 1 | D9: - | E9: J1206_HDP4F | F9: J1206_HDP4F | G9: J1406_HDP4F | H9: J1406_HDP4F | I9: 1206.12 | J9: 1206.12 | K9: 1406.12 | L9: 1406.12 | M9: L5_HC/LC | N9: L5_HC/LC
B10: VCCPFUSE_1P8 | C10: 1 | D10: - | E10: J1206_HDP3F | F10: J1206_HDP3F | G10: J1406_HDP3F | H10: J1406_HDP3F | I10: 1206.11 | J10: 1206.11 | K10: 1406.11 | L10: 1406.11 | M10: L3_HC/LC | N10: L3_HC/LC
B11: VCCPUSB_1P8 | C11: 1 | D11: - | E11: J1207_HDP6F | F11: J1207_HDP6F | G11: J1407_HDP6F | H11: J1407_HDP6F | I11: 1207.14 | J11: 1207.14 | K11: 1407.14 | L11: 1407.14 | M11: L5_HC/LC | N11: L5_HC/LC
B12: VCCPGPPEFHK | C12: 1 | D12: - | E12: J1205_HDP1F | F12: J1205_HDP1F | G12: J1405_HDP1F | H12: J1405_HDP1F | I12: 1205.9 | J12: 1205.9 | K12: 1405.9 | L12: 1405.9 | M12: L3_HC/LC | N12: L3_HC/LC
B13: VCCGPIO_JTAGCPU | C13: 1 | D13: - | E13: J1208_HDP8F | F13: J1208_HDP8F | G13: J1408_HDP8F | H13: J1408_HDP8F | I13: 1208.16 | J13: 1208.16 | K13: 1408.16 | L13: 1408.16 | M13: L5_HC/LC | N13: L5_HC/LC
B14: VCCPDSW_3P3 | C14: 1 | D14: - | E14: J1203_HDP6F | F14: J1203_HDP6F | G14: J1403_HDP6F | H14: J1403_HDP6F | I14: 1203.14 | J14: 1203.14 | K14: 1403.14 | L14: 1403.14 | M14: L5_HC/LC | N14: L5_HC/LC
B15: VCCPRIM_CORE | C15: 2 | D15: - | E15: J1201_HDP2F,J1202_HDP4F | F15: J1201_HDP2F | G15: J1401_HDP2F,J1402_HDP4F | H15: J1401_HDP2F | I15: 1201.10,1202.12 | J15: 1201.10 | K15: 1401.10,1402.12 | L15: 1401.10 | M15: L3_HC/LC | N15: L3_HC/LC
B16: VCCMPHY_0P82 | C16: 1 | D16: - | E16: J1201_HDP1F | F16: J1201_HDP1F | G16: J1401_HDP1F | H16: J1401_HDP1F | I16: 1201.9 | J16: 1201.9 | K16: 1401.9 | L16: 1401.9 | M16: L5_HC/LC | N16: L5_HC/LC
B17: VCCA_CNV_0P82 | C17: 1 | D17: - | E17: J1204_HDP7F | F17: J1204_HDP7F | G17: J1404_HDP7F | H17: J1404_HDP7F | I17: 1204.15 | J17: 1204.15 | K17: 1404.15 | L17: 1404.15 | M17: L5_HC/LC | N17: L5_HC/LC
B18: VCCPGPPI | C18: 1 | D18: - | E18: J1208_HDP7F | F18: J1208_HDP7F | G18: J1408_HDP7F | H18: J1408_HDP7F | I18: 1208.15 | J18: 1208.15 | K18: 1408.15 | L18: 1408.15 | M18: L3_HC/LC | N18: L3_HC/LC
B19: VCCPUSB_3P3 | C19: 1 | D19: - | E19: J1202_HDP3F | F19: J1202_HDP3F | G19: J1402_HDP3F | H19: J1402_HDP3F | I19: 1202.11 | J19: 1202.11 | K19: 1402.11 | L19: 1402.11 | M19: L5_HC/LC | N19: L5_HC/LC
B20: VCCA_SRC_GEN4_0P82 | C20: - | D20: 1 | E20: J1207_LDP6F | F20: J1207_LDP6F | G20: J1407_LDP6F | H20: J1407_LDP6F | I20: 1207.6 | J20: 1207.6 | K20: 1407.6 | L20: 1407.6 | M20: L7_HC/LC | N20: L7_HC/LC
B21: VCCA_SRC_GEN5_0P82 | C21: - | D21: 1 | E21: J1208_LDP7F | F21: J1208_LDP7F | G21: J1408_LDP7F | H21: J1408_LDP7F | I21: 1208.7 | J21: 1208.7 | K21: 1408.7 | L21: 1408.7 | M21: L17_HC/LC | N21: L17_HC/LC
B22: VCCA_DIG_0P82 | C22: - | D22: 1 | E22: J1206_LDP3F | F22: J1206_LDP3F | G22: J1406_LDP3F | H22: J1406_LDP3F | I22: 1206.3 | J22: 1206.3 | K22: 1406.3 | L22: 1406.3 | M22: L17_HC/LC | N22: L17_HC/LC
B23: VCCA_CLKPLL_0P82 | C23: - | D23: 1 | E23: J1206_LDP4F | F23: J1206_LDP4F | G23: J1406_LDP4F | H23: J1406_LDP4F | I23: 1206.4 | J23: 1206.4 | K23: 1406.4 | L23: 1406.4 | M23: L7_HC/LC | N23: L7_HC/LC
B24: VCCA_REFPLL_0P82 | C24: - | D24: 1 | E24: J1208_LDP8F | F24: J1208_LDP8F | G24: J1408_LDP8F | H24: J1408_LDP8F | I24: 1208.8 | J24: 1208.8 | K24: 1408.8 | L24: 1408.8 | M24: L3_HC/LC | N24: L3_HC/LC
B25: VCCA_XTAL_0P82 | C25: - | D25: 1 | E25: J1207_LDP5F | F25: J1207_LDP5F | G25: J1407_LDP5F | H25: J1407_LDP5F | I25: 1207.5 | J25: 1207.5 | K25: 1407.5 | L25: 1407.5 | M25: L17_HC/LC | N25: L17_HC/LC
B26: VCCDUSB_0P82 | C26: - | D26: 1 | E26: J1304_LDP1F | F26: J1304_LDP1F | G26: J1104_LDP1F | H26: J1104_LDP1F | I26: 1304.1 | J26: 1304.1 | K26: 1104.1 | L26: 1104.1 | M26: L17_HC/LC | N26: L17_HC/LC
B27: VCCFUSE_0P82 | C27: - | D27: 1 | E27: J1204_LDP8F | F27: J1204_LDP8F | G27: J1404_LDP8F | H27: J1404_LDP8F | I27: 1204.8 | J27: 1204.8 | K27: 1404.8 | L27: 1404.8 | M27: L17_HC/LC | N27: L17_HC/LC
B28: VCCA_CLKPLL_1P8 | C28: - | D28: 1 | E28: J1204_LDP7F | F28: J1204_LDP7F | G28: J1404_LDP7F | H28: J1404_LDP7F | I28: 1204.7 | J28: 1204.7 | K28: 1404.7 | L28: 1404.7 | M28: L7_HC/LC | N28: L7_HC/LC
B29: VCCA_REFPLL_1P8 | C29: - | D29: 1 | E29: J1202_LDP3F | F29: J1202_LDP3F | G29: J1402_LDP3F | H29: J1402_LDP3F | I29: 1202.3 | J29: 1202.3 | K29: 1402.3 | L29: 1402.3 | M29: L7_HC/LC | N29: L7_HC/LC
B30: VCCA_XTAL_1P8 | C30: - | D30: 1 | E30: J1203_LDP5F | F30: J1203_LDP5F | G30: J1403_LDP5F | H30: J1403_LDP5F | I30: 1203.5 | J30: 1203.5 | K30: 1403.5 | L30: 1403.5 | M30: L7_HC/LC | N30: L7_HC/LC
B31: VCCPRIM_1P8 | C31: - | D31: 1 | E31: J1201_LDP1F | F31: J1201_LDP1F | G31: J1401_LDP1F | H31: J1401_LDP1F | I31: 1201.1 | J31: 1201.1 | K31: 1401.1 | L31: 1401.1 | M31: L7_HC/LC | N31: L7_HC/LC
... B45: VLC7_1_FOLD | C45: - | D45: 1 | E45: J1301_LDP7F | F45: J1301_LDP7F | G45: J1101_LDP7F | H45: J1101_LDP7F | I45: 1301.7 | J45: 1301.7 | K45: 1101.7 | L45: 1101.7 | M45: L3_HC/LC | N45: L3_HC/LC

Sheet CHLINK
B1: ITTO-620-0190 Meteor Lake PCH X4 | I1: 44635
B2: Ch LINK Assignment (Reorder based on Tch)
B6: SITE3 | G6: SITE3 | L6: SITE3 | Q6: SITE1 | V6: SITE1 | AA6: SITE1 | AF6: SITE1 | AK6: SITE1 | AP6: SITE1 | AU6: SITE3 | AZ6: SITE3 | BE6: SITE3
B7: J No. | C7: PIN | D7: Assigned Sig. Name | E7: Ball# | G7: J No. | H7: PIN | I7: Assigned Sig. Name | J7: Ball# | L7: J No. | M7: PIN | N7: Assigned Sig. Name | O7: Ball# | Q7: J No. | R7: PIN | S7: Assigned Sig. Name | T7: Ball# | V7: J No. | W7: PIN | X7: Assigned Sig. Name | Y7: Ball# | AA7: J No. | AB7: PIN | AC7: Assigned Sig. Name | AD7: Ball# | AF7: J No. | AG7: PIN | AH7: Assigned Sig. Name | AI7: Ball# | AK7: J No. | AL7: PIN | AM7: Assigned Sig. Name | AN7: Ball# | AP7: J No. | AQ7: PIN | AR7: Assigned Sig. Name | AS7: Ball# | AU7: J No. | AV7: PIN | AW7: Assigned Sig. Name | AX7: Ball# | AZ7: J No. | BA7: PIN | BB7: Assigned Sig. Name | BC7: Ball# | BE7: J No. | BF7: PIN | BG7: Assigned Sig. Name | BH7: Ball#
B8: 1503 | C8: 1 | G8: 1506 | H8: 1 | L8: 1509 | M8: 1 | Q8: 1601 | R8: 1 | V8: 1604 | W8: 1 | AA8: 1607 | AB8: 1 | AF8: 1703 | AG8: 1 | AK8: 1706 | AL8: 1 | AP8: 1709 | AQ8: 1 | AU8: 1801 | AV8: 1 | AZ8: 1804 | BA8: 1 | BE8: 1807 | BF8: 1
B9: 1503 | C9: 2 | G9: 1506 | H9: 2 | L9: 1509 | M9: 2 | Q9: 1601 | R9: 2 | V9: 1604 | W9: 2 | AA9: 1607 | AB9: 2 | AF9: 1703 | AG9: 2 | AK9: 1706 | AL9: 2 | AP9: 1709 | AQ9: 2 | AU9: 1801 | AV9: 2 | AZ9: 1804 | BA9: 2 | BE9: 1807 | BF9: 2
B10: 1503 | C10: 3 | G10: 1506 | H10: 3 | L10: 1509 | M10: 3 | Q10: 1601 | R10: 3 | V10: 1604 | W10: 3 | AA10: 1607 | AB10: 3 | AF10: 1703 | AG10: 3 | AK10: 1706 | AL10: 3 | AP10: 1709 | AQ10: 3 | AU10: 1801 | AV10: 3 | AZ10: 1804 | BA10: 3 | BE10: 1807 | BF10: 3
B11: 1503 | C11: 4 | G11: 1506 | H11: 4 | L11: 1509 | M11: 4 | Q11: 1601 | R11: 4 | V11: 1604 | W11: 4 | AA11: 1607 | AB11: 4 | AF11: 1703 | AG11: 4 | AK11: 1706 | AL11: 4 | AP11: 1709 | AQ11: 4 | AU11: 1801 | AV11: 4 | AZ11: 1804 | BA11: 4 | BE11: 1807 | BF11: 4
B12: 1503 | C12: 5 | G12: 1506 | H12: 5 | I12: SC4:GPP_F_19_DNX_FORCE_RELOAD | J12: AY52 | L12: 1509 | M12: 5 | Q12: 1601 | R12: 5 | S12: SC4:GPP_E_4_SATA_DEVSLP_0 | T12: BE55 | V12: 1604 | W12: 5 | AA12: 1607 | AB12: 5 | AF12: 1703 | AG12: 5 | AK12: 1706 | AL12: 5 | AM12: SC4:GPP_F_19_DNX_FORCE_RELOAD | AN12: AY52 | AP12: 1709 | AQ12: 5 | AU12: 1801 | AV12: 5 | AW12: SC4:GPP_E_4_SATA_DEVSLP_0 | AX12: BE55 | AZ12: 1804 | BA12: 5 | BE12: 1807 | BF12: 5
B13: 1503 | C13: 6 | G13: 1506 | H13: 6 | I13: SC4:GPP_C_10_UART0_RTSB | J13: Y49 | L13: 1509 | M13: 6 | Q13: 1601 | R13: 6 | V13: 1604 | W13: 6 | AA13: 1607 | AB13: 6 | AF13: 1703 | AG13: 6 | AK13: 1706 | AL13: 6 | AM13: SC4:GPP_C_10_UART0_RTSB | AN13: Y49 | AP13: 1709 | AQ13: 6 | AU13: 1801 | AV13: 6 | AZ13: 1804 | BA13: 6 | BE13: 1807 | BF13: 6
B14: 1503 | C14: 7 | D14: SC4:GPP_F_15 | E14: AU52 | G14: 1506 | H14: 7 | I14: SC4:GPP_F_20_GMII_MDC_0 | J14: AV54 | L14: 1509 | M14: 7 | Q14: 1601 | R14: 7 | V14: 1604 | W14: 7 | AA14: 1607 | AB14: 7 | AF14: 1703 | AG14: 7 | AH14: SC4:GPP_F_15 | AI14: AU52 | AK14: 1706 | AL14: 7 | AM14: SC4:GPP_F_20_GMII_MDC_0 | AN14: AV54 | AP14: 1709 | AQ14: 7 | AU14: 1801 | AV14: 7 | AZ14: 1804 | BA14: 7 | BE14: 1807 | BF14: 7
B15: 1503 | C15: 8 | G15: 1506 | H15: 8 | L15: 1509 | M15: 8 | Q15: 1601 | R15: 8 | V15: 1604 | W15: 8 | AA15: 1607 | AB15: 8 | AF15: 1703 | AG15: 8 | AK15: 1706 | AL15: 8 | AP15: 1709 | AQ15: 8 | AU15: 1801 | AV15: 8 | AZ15: 1804 | BA15: 8 | BE15: 1807 | BF15: 8
B16: 1503 | C16: 9 | D16: SC4:GPP_F_10_SATA_SCLOCK_DIR_ESPI_NMI | E16: AP52 | G16: 1506 | H16: 9 | L16: 1509 | M16: 9 | Q16: 1601 | R16: 9 | V16: 1604 | W16: 9 | AA16: 1607 | AB16: 9 | AF16: 1703 | AG16: 9 | AH16: SC4:GPP_F_10_SATA_SCLOCK_DIR_ESPI_NMI | AI16: AP52 | AK16: 1706 | AL16: 9 | AP16: 1709 | AQ16: 9 | AU16: 1801 | AV16: 9 | AZ16: 1804 | BA16: 9 | BE16: 1807 | BF16: 9
B17: 1503 | C17: 10 | G17: 1506 | H17: 10 | L17: 1509 | M17: 10 | Q17: 1601 | R17: 10 | S17: SC4:GPP_H_1_SRCCLKREQB_8 | T17: AM45 | V17: 1604 | W17: 10 | AA17: 1607 | AB17: 10 | AF17: 1703 | AG17: 10 | AK17: 1706 | AL17: 10 | AP17: 1709 | AQ17: 10 | AU17: 1801 | AV17: 10 | AW17: SC4:GPP_H_1_SRCCLKREQB_8 | AX17: AM45 | AZ17: 1804 | BA17: 10 | BE17: 1807 | BF17: 10
B18: 1503 | C18: 11 | G18: 1506 | H18: 11 | L18: 1509 | M18: 11 | Q18: 1601 | R18: 11 | V18: 1604 | W18: 11 | AA18: 1607 | AB18: 11 | AF18: 1703 | AG18: 11 | AK18: 1706 | AL18: 11 | AP18: 1709 | AQ18: 11 | AU18: 1801 | AV18: 11 | AZ18: 1804 | BA18: 11 | BE18: 1807 | BF18: 11
B19: 1503 | C19: 12 | G19: 1506 | H19: 12 | L19: 1509 | M19: 12 | Q19: 1601 | R19: 12 | V19: 1604 | W19: 12 | AA19: 1607 | AB19: 12 | AF19: 1703 | AG19: 12 | AK19: 1706 | AL19: 12 | AP19: 1709 | AQ19: 12 | AU19: 1801 | AV19: 12 | AZ19: 1804 | BA19: 12 | BE19: 1807 | BF19: 12
B20: 1503 | C20: 13 | G20: 1506 | H20: 13 | L20: 1509 | M20: 13 | Q20: 1601 | R20: 13 | V20: 1604 | W20: 13 | AA20: 1607 | AB20: 13 | AF20: 1703 | AG20: 13 | AK20: 1706 | AL20: 13 | AP20: 1709 | AQ20: 13 | AU20: 1801 | AV20: 13 | AZ20: 1804 | BA20: 13 | BE20: 1807 | BF20: 13
B21: 1503 | C21: 14 | G21: 1506 | H21: 14 | L21: 1509 | M21: 14 | Q21: 1601 | R21: 14 | V21: 1604 | W21: 14 | AA21: 1607 | AB21: 14 | AF21: 1703 | AG21: 14 | AK21: 1706 | AL21: 14 | AP21: 1709 | AQ21: 14 | AU21: 1801 | AV21: 14 | AZ21: 1804 | BA21: 14 | BE21: 1807 | BF21: 14
B22: 1503 | C22: 15 | G22: 1506 | H22: 15 | L22: 1509 | M22: 15 | Q22: 1601 | R22: 15 | S22: SC4:GPP_F_11_SATA_SLOAD_DIR_ESPI_IRQ | T22: AU56 | V22: 1604 | W22: 15 | AA22: 1607 | AB22: 15 | AF22: 1703 | AG22: 15 | AK22: 1706 | AL22: 15 | AP22: 1709 | AQ22: 15 | AU22: 1801 | AV22: 15 | AW22: SC4:GPP_F_11_SATA_SLOAD_DIR_ESPI_IRQ | AX22: AU56 | AZ22: 1804 | BA22: 15 | BE22: 1807 | BF22: 15
B23: 1503 | C23: 16 | G23: 1506 | H23: 16 | L23: 1509 | M23: 16 | Q23: 1601 | R23: 16 | S23: SC4:GPP_F_14 | T23: AV56 | V23: 1604 | W23: 16 | AA23: 1607 | AB23: 16 | AF23: 1703 | AG23: 16 | AK23: 1706 | AL23: 16 | AP23: 1709 | AQ23: 16 | AU23: 1801 | AV23: 16 | AW23: SC4:GPP_F_14 | AX23: AV56 | AZ23: 1804 | BA23: 16 | BE23: 1807 | BF23: 16
B24: 1503 | C24: 17 | G24: 1506 | H24: 17 | L24: 1509 | M24: 17 | Q24: 1601 | R24: 17 | V24: 1604 | W24: 17 | AA24: 1607 | AB24: 17 | AF24: 1703 | AG24: 17 | AK24: 1706 | AL24: 17 | AP24: 1709 | AQ24: 17 | AU24: 1801 | AV24: 17 | AZ24: 1804 | BA24: 17 | BE24: 1807 | BF24: 17
B25: 1503 | C25: 18 | G25: 1506 | H25: 18 | L25: 1509 | M25: 18 | Q25: 1601 | R25: 18 | V25: 1604 | W25: 18 | AA25: 1607 | AB25: 18 | AF25: 1703 | AG25: 18 | AK25: 1706 | AL25: 18 | AP25: 1709 | AQ25: 18 | AU25: 1801 | AV25: 18 | AZ25: 1804 | BA25: 18 | BE25: 1807 | BF25: 18
B26: 1503 | C26: 19 | G26: 1506 | H26: 19 | L26: 1509 | M26: 19 | Q26: 1601 | R26: 19 | V26: 1604 | W26: 19 | AA26: 1607 | AB26: 19 | AF26: 1703 | AG26: 19 | AK26: 1706 | AL26: 19 | AP26: 1709 | AQ26: 19 | AU26: 1801 | AV26: 19 | AZ26: 1804 | BA26: 19 | BE26: 1807 | BF26: 19
B27: 1503 | C27: 20 | G27: 1506 | H27: 20 | L27: 1509 | M27: 20 | Q27: 1601 | R27: 20 | V27: 1604 | W27: 20 | AA27: 1607 | AB27: 20 | AF27: 1703 | AG27: 20 | AK27: 1706 | AL27: 20 | AP27: 1709 | AQ27: 20 | AU27: 1801 | AV27: 20 | AZ27: 1804 | BA27: 20 | BE27: 1807 | BF27: 20
B28: 1503 | C28: 21 | D28: SC4:GPP_C_17_USB2_OCB_5_I2C4_SCL | E28: AA55 | G28: 1506 | H28: 21 | L28: 1509 | M28: 21 | Q28: 1601 | R28: 21 | V28: 1604 | W28: 21 | AA28: 1607 | AB28: 21 | AF28: 1703 | AG28: 21 | AH28: SC4:GPP_C_17_USB2_OCB_5_I2C4_SCL | AI28: AA55 | AK28: 1706 | AL28: 21 | AP28: 1709 | AQ28: 21 | AU28: 1801 | AV28: 21 | AZ28: 1804 | BA28: 21 | BE28: 1807 | BF28: 21
B29: 1503 | C29: 22 | G29: 1506 | H29: 22 | L29: 1509 | M29: 22 | Q29: 1601 | R29: 22 | V29: 1604 | W29: 22 | AA29: 1607 | AB29: 22 | AF29: 1703 | AG29: 22 | AK29: 1706 | AL29: 22 | AP29: 1709 | AQ29: 22 | AU29: 1801 | AV29: 22 | AZ29: 1804 | BA29: 22 | BE29: 1807 | BF29: 22
B30: 1503 | C30: 23 | G30: 1506 | H30: 23 | L30: 1509 | M30: 23 | Q30: 1601 | R30: 23 | V30: 1604 | W30: 23 | AA30: 1607 | AB30: 23 | AF30: 1703 | AG30: 23 | AK30: 1706 | AL30: 23 | AP30: 1709 | AQ30: 23 | AU30: 1801 | AV30: 23 | AZ30: 1804 | BA30: 23 | BE30: 1807 | BF30: 23
B31: 1503 | C31: 24 | D31: SC4:GPP_H_17_SML4ALERTB | E31: AF55 | G31: 1506 | H31: 24 | I31: SC4:GPP_H_5_USB2_OCB_0 | J31: AM56 | L31: 1509 | M31: 24 | Q31: 1601 | R31: 24 | S31: SC4:GPP_F_17 | T31: AP56 | V31: 1604 | W31: 24 | AA31: 1607 | AB31: 24 | AF31: 1703 | AG31: 24 | AH31: SC4:GPP_H_17_SML4ALERTB | AI31: AF55 | AK31: 1706 | AL31: 24 | AM31: SC4:GPP_H_5_USB2_OCB_0 | AN31: AM56 | AP31: 1709 | AQ31: 24 | AU31: 1801 | AV31: 24 | AW31: SC4:GPP_F_17 | AX31: AP56 | AZ31: 1804 | BA31: 24 | BE31: 1807 | BF31: 24
B32: 1503 | C32: 25 | G32: 1506 | H32: 25 | L32: 1509 | M32: 25 | Q32: 1601 | R32: 25 | V32: 1604 | W32: 25 | AA32: 1607 | AB32: 25 | AF32: 1703 | AG32: 25 | AK32: 1706 | AL32: 25 | AP32: 1709 | AQ32: 25 | AU32: 1801 | AV32: 25 | AZ32: 1804 | BA32: 25 | BE32: 1807 | BF32: 25
B33: 1503 | C33: 26 | G33: 1506 | H33: 26 | L33: 1509 | M33: 26 | Q33: 1601 | R33: 26 | S33: SC4:GPP_H_8_USB2_OCB_3_GMII_MDIO_1 | T33: AL56 | V33: 1604 | W33: 26 | AA33: 1607 | AB33: 26 | AF33: 1703 | AG33: 26 | AK33: 1706 | AL33: 26 | AP33: 1709 | AQ33: 26 | AU33: 1801 | AV33: 26 | AW33: SC4:GPP_H_8_USB2_OCB_3_GMII_MDIO_1 | AX33: AL56 | AZ33: 1804 | BA33: 26 | BE33: 1807 | BF33: 26
B34: 1503 | C34: 27 | G34: 1506 | H34: 27 | L34: 1509 | M34: 27 | Q34: 1601 | R34: 27 | V34: 1604 | W34: 27 | AA34: 1607 | AB34: 27 | AF34: 1703 | AG34: 27 | AK34: 1706 | AL34: 27 | AP34: 1709 | AQ34: 27 | AU34: 1801 | AV34: 27 | AZ34: 1804 | BA34: 27 | BE34: 1807 | BF34: 27
B35: 1503 | C35: 28 | G35: 1506 | H35: 28 | I35: SC4:GPP_E_8_SATA_LEDB | J35: BF54 | L35: 1509 | M35: 28 | Q35: 1601 | R35: 28 | V35: 1604 | W35: 28 | AA35: 1607 | AB35: 28 | AF35: 1703 | AG35: 28 | AK35: 1706 | AL35: 28 | AM35: SC4:GPP_E_8_SATA_LEDB | AN35: BF54 | AP35: 1709 | AQ35: 28 | AU35: 1801 | AV35: 28 | AZ35: 1804 | BA35: 28 | BE35: 1807 | BF35: 28
B36: 1503 | C36: 29 | G36: 1506 | H36: 29 | L36: 1509 | M36: 29 | Q36: 1601 | R36: 29 | V36: 1604 | W36: 29 | AA36: 1607 | AB36: 29 | AF36: 1703 | AG36: 29 | AK36: 1706 | AL36: 29 | AP36: 1709 | AQ36: 29 | AU36: 1801 | AV36: 29 | AZ36: 1804 | BA36: 29 | BE36: 1807 | BF36: 29
B37: 1503 | C37: 30 | G37: 1506 | H37: 30 | I37: SC4:GPP_E_17_THC0_SPI1_IO_2 | J37: BD51 | L37: 1509 | M37: 30 | Q37: 1601 | R37: 30 | V37: 1604 | W37: 30 | AA37: 1607 | AB37: 30 | AF37: 1703 | AG37: 30 | AK37: 1706 | AL37: 30 | AM37: SC4:GPP_E_17_THC0_SPI1_IO_2 | AN37: BD51 | AP37: 1709 | AQ37: 30 | AU37: 1801 | AV37: 30 | AZ37: 1804 | BA37: 30 | BE37: 1807 | BF37: 30
B38: 1503 | C38: 31 | D38: SC4:GPP_H_0 | E38: AM48 | G38: 1506 | H38: 31 | L38: 1509 | M38: 31 | Q38: 1601 | R38: 31 | S38: SC4:GPP_E_10_SRCCLKREQB_13 | T38: BC48 | V38: 1604 | W38: 31 | AA38: 1607 | AB38: 31 | AF38: 1703 | AG38: 31 | AH38: SC4:GPP_H_0 | AI38: AM48 | AK38: 1706 | AL38: 31 | AP38: 1709 | AQ38: 31 | AU38: 1801 | AV38: 31 | AW38: SC4:GPP_E_10_SRCCLKREQB_13 | AX38: BC48 | AZ38: 1804 | BA38: 31 | BE38: 1807 | BF38: 31
B39: 1503 | C39: 32 | D39: SC4:GPP_H_7_USB2_OCB_2_GMII_MDC_1 | E39: AL55 | G39: 1506 | H39: 32 | L39: 1509 | M39: 32 | Q39: 1601 | R39: 32 | V39: 1604 | W39: 32 | AA39: 1607 | AB39: 32 | AF39: 1703 | AG39: 32 | AH39: SC4:GPP_H_7_USB2_OCB_2_GMII_MDC_1 | AI39: AL55 | AK39: 1706 | AL39: 32 | AP39: 1709 | AQ39: 32 | AU39: 1801 | AV39: 32 | AZ39: 1804 | BA39: 32 | BE39: 1807 | BF39: 32
B40: 1503 | C40: 33 | G40: 1506 | H40: 33 | L40: 1509 | M40: 33 | Q40: 1601 | R40: 33 | S40: SC4:GPP_E_19_THC0_SPI1_RSTB | T40: BH52 | V40: 1604 | W40: 33 | AA40: 1607 | AB40: 33 | AF40: 1703 | AG40: 33 | AK40: 1706 | AL40: 33 | AP40: 1709 | AQ40: 33 | AU40: 1801 | AV40: 33 | AW40: SC4:GPP_E_19_THC0_SPI1_RSTB | AX40: BH52 | AZ40: 1804 | BA40: 33 | BE40: 1807 | BF40: 33
B41: 1503 | C41: 34 | G41: 1506 | H41: 34 | L41: 1509 | M41: 34 | Q41: 1601 | R41: 34 | S41: SC4:GPP_H_12_SML3CLK | T41: AJ56 | V41: 1604 | W41: 34 | AA41: 1607 | AB41: 34 | AF41: 1703 | AG41: 34 | AK41: 1706 | AL41: 34 | AP41: 1709 | AQ41: 34 | AU41: 1801 | AV41: 34 | AW41: SC4:GPP_H_12_SML3CLK | AX41: AJ56 | AZ41: 1804 | BA41: 34 | BE41: 1807 | BF41: 34
B42: 1503 | C42: 35 | D42: SC4:GPP_H_10_SML2DATA | E42: AK54 | G42: 1506 | H42: 35 | I42: SC4:GPP_F_8_SATA_DEVSLP_6 | J42: AR55 | L42: 1509 | M42: 35 | Q42: 1601 | R42: 35 | S42: SC4:GPP_E_13_THC0_SPI1_CSB | T42: BE53 | V42: 1604 | W42: 35 | AA42: 1607 | AB42: 35 | AF42: 1703 | AG42: 35 | AH42: SC4:GPP_H_10_SML2DATA | AI42: AK54 | AK42: 1706 | AL42: 35 | AM42: SC4:GPP_F_8_SATA_DEVSLP_6 | AN42: AR55 | AP42: 1709 | AQ42: 35 | AU42: 1801 | AV42: 35 | AW42: SC4:GPP_E_13_THC0_SPI1_CSB | AX42: BE53 | AZ42: 1804 | BA42: 35 | BE42: 1807 | BF42: 35
B43: 1503 | C43: 36 | G43: 1506 | H43: 36 | L43: 1509 | M43: 36 | Q43: 1601 | R43: 36 | V43: 1604 | W43: 36 | AA43: 1607 | AB43: 36 | AF43: 1703 | AG43: 36 | AK43: 1706 | AL43: 36 | AP43: 1709 | AQ43: 36 | AU43: 1801 | AV43: 36 | AZ43: 1804 | BA43: 36 | BE43: 1807 | BF43: 36
B44: 1503 | C44: 37 | D44: SC4:GPP_F_16 | E44: AP54 | G44: 1506 | H44: 37 | L44: 1509 | M44: 37 | Q44: 1601 | R44: 37 | V44: 1604 | W44: 37 | AA44: 1607 | AB44: 37 | AF44: 1703 | AG44: 37 | AH44: SC4:GPP_F_16 | AI44: AP54 | AK44: 1706 | AL44: 37 | AP44: 1709 | AQ44: 37 | AU44: 1801 | AV44: 37 | AZ44: 1804 | BA44: 37 | BE44: 1807 | BF44: 37
B45: 1503 | C45: 38 | G45: 1506 | H45: 38 | L45: 1509 | M45: 38 | Q45: 1601 | R45: 38 | V45: 1604 | W45: 38 | AA45: 1607 | AB45: 38 | AF45: 1703 | AG45: 38 | AK45: 1706 | AL45: 38 | AP45: 1709 | AQ45: 38 | AU45: 1801 | AV45: 38 | AZ45: 1804 | BA45: 38 | BE45: 1807 | BF45: 38
B46: 1503 | C46: 39 | G46: 1506 | H46: 39 | L46: 1509 | M46: 39 | Q46: 1601 | R46: 39 | V46: 1604 | W46: 39 | AA46: 1607 | AB46: 39 | AF46: 1703 | AG46: 39 | AK46: 1706 | AL46: 39 | AP46: 1709 | AQ46: 39 | AU46: 1801 | AV46: 39 | AZ46: 1804 | BA46: 39 | BE46: 1807 | BF46: 39
B47: 1503 | C47: 40 | G47: 1506 | H47: 40 | L47: 1509 | M47: 40 | Q47: 1601 | R47: 40 | V47: 1604 | W47: 40 | AA47: 1607 | AB47: 40 | AF47: 1703 | AG47: 40 | AK47: 1706 | AL47: 40 | AP47: 1709 | AQ47: 40 | AU47: 1801 | AV47: 40 | AZ47: 1804 | BA47: 40 | BE47: 1807 | BF47: 40
B48: 1502 | C48: 41 | G48: 1505 | H48: 41 | L48: 1508 | M48: 41 | Q48: 1602 | R48: 41 | V48: 1605 | W48: 41 | AA48: 1608 | AB48: 41 | AF48: 1702 | AG48: 41 | AK48: 1705 | AL48: 41 | AP48: 1708 | AQ48: 41 | AU48: 1802 | AV48: 41 | AZ48: 1805 | BA48: 41 | BE48: 1808 | BF48: 41
B49: 1502 | C49: 42 | G49: 1505 | H49: 42 | L49: 1508 | M49: 42 | Q49: 1602 | R49: 42 | S49: SC4:GPP_H_4_SRCCLKREQB_11 | T49: AM44 | V49: 1605 | W49: 42 | AA49: 1608 | AB49: 42 | AF49: 1702 | AG49: 42 | AK49: 1705 | AL49: 42 | AP49: 1708 | AQ49: 42 | AU49: 1802 | AV49: 42 | AW49: SC4:GPP_H_4_SRCCLKREQB_11 | AX49: AM44 | AZ49: 1805 | BA49: 42 | BE49: 1808 | BF49: 42
B50: 1502 | C50: 43 | G50: 1505 | H50: 43 | L50: 1508 | M50: 43 | Q50: 1602 | R50: 43 | V50: 1605 | W50: 43 | AA50: 1608 | AB50: 43 | AF50: 1702 | AG50: 43 | AK50: 1705 | AL50: 43 | AP50: 1708 | AQ50: 43 | AU50: 1802 | AV50: 43 | AZ50: 1805 | BA50: 43 | BE50: 1808 | BF50: 43
B51: 1502 | C51: 44 | G51: 1505 | H51: 44 | L51: 1508 | M51: 44 | Q51: 1602 | R51: 44 | V51: 1605 | W51: 44 | AA51: 1608 | AB51: 44 | AF51: 1702 | AG51: 44 | AK51: 1705 | AL51: 44 | AP51: 1708 | AQ51: 44 | AU51: 1802 | AV51: 44 | AZ51: 1805 | BA51: 44 | BE51: 1808 | BF51: 44
B52: 1502 | C52: 45 | G52: 1505 | H52: 45 | L52: 1508 | M52: 45 | Q52: 1602 | R52: 45 | V52: 1605 | W52: 45 | AA52: 1608 | AB52: 45 | AF52: 1702 | AG52: 45 | AK52: 1705 | AL52: 45 | AP52: 1708 | AQ52: 45 | AU52: 1802 | AV52: 45 | AZ52: 1805 | BA52: 45 | BE52: 1808 | BF52: 45
