Workbook
Name ballout: [1]Ballout!$A$1:$BT$43

Sheet Sheet1
A1: A3 | B1: =_xlfn.XLOOKUP(A1,'Pinlist(S1)'!$Q$4:$Q$1362,'Pinlist(S1)'!$R$4:$R$1362,"") -> SATA_PLLOBSP | C1: {=_xlfn.TEXTJOIN(",",TRUE,_xlfn.UNIQUE(TRANSPOSE(_xlfn.MAP(_xlfn.XLOOKUP(A1,'Pinlist(S1)'!$C$4:$C$1362,'Pinlist(S1)'!$F$4:$K$1362,""),_xlfn.LAMBDA(_xlpm.x,IF(_xlpm.x<>"",TRIM(CLEAN(LEFT(_xlpm.x,FIND(".",_xlpm.x & ".")-1))),""))))))} | D1: 0.965 | E1: 0 | F1: =_xlfn.LET(_xlpm.raw,_xlfn.XLOOKUP(A1,'Pinlist(S1)'!$C$4:$C$1362,'Pinlist(S1)'!$E$4:$E$1362,""),_xlpm.cleanRaw,SUBSTITUTE(SUBSTITUTE(_xlpm.raw,"_PIN","."),"PIN","."),_xlpm.mainPart,MID(_xlpm.cleanRaw,2,FIND(".",_xlpm.cleanRaw & ".")-2),_xlpm.subPart,MID(_xlpm.cleanRaw,FIND(".",_xlpm.cleanRaw & ".")+1,99),_xlpm.result,RIGHT(_xlpm.mainPart,LEN(_xlpm.mainPart)-1)& TEXT(_xlpm.subPart,"000"),IF(OR(_xlpm.raw="",_xlpm.raw="-"),"",_xlpm.result)) | G1: =_xlfn.LET(_xlpm.raw,_xlfn.XLOOKUP(A1,'Pinlist(S3)'!$C$4:$C$1362,'Pinlist(S3)'!$E$4:$E$1362,""),_xlpm.cleanRaw,SUBSTITUTE(SUBSTITUTE(_xlpm.raw,"_PIN","."),"PIN","."),_xlpm.mainPart,MID(_xlpm.cleanRaw,2,FIND(".",_xlpm.cleanRaw & ".")-2),_xlpm.subPart,MID(_xlpm.cleanRaw,FIND(".",_xlpm.cleanRaw & ".")+1,99),_xlpm.result,RIGHT(_xlpm.mainPart,LEN(_xlpm.mainPart)-1)& TEXT(_xlpm.subPart,"000"),IF(OR(_xlpm.raw="",_xlpm.raw="-"),"",_xlpm.result)) | H1: =_xlfn.LET(_xlpm.raw,_xlfn.XLOOKUP(A1,'Pinlist(S5)'!$C$4:$C$1362,'Pinlist(S5)'!$E$4:$E$1362,""),_xlpm.cleanRaw,SUBSTITUTE(SUBSTITUTE(_xlpm.raw,"_PIN","."),"PIN","."),_xlpm.mainPart,MID(_xlpm.cleanRaw,2,FIND(".",_xlpm.cleanRaw & ".")-2),_xlpm.subPart,MID(_xlpm.cleanRaw,FIND(".",_xlpm.cleanRaw & ".")+1,99),_xlpm.result,RIGHT(_xlpm.mainPart,LEN(_xlpm.mainPart)-1)& TEXT(_xlpm.subPart,"000"),IF(OR(_xlpm.raw="",_xlpm.raw="-"),"",_xlpm.result)) | I1: ="" | J1: =A1&";"&B1&";"&C1&";"&D1&";"&E1&";"&F1&";"&G1&";"&H1&";"&I1 -> A3;SATA_PLLOBSP;;0.965000000000003;0;;;;
A2: A4 | B2: =_xlfn.XLOOKUP(A2,'Pinlist(S1)'!$Q$4:$Q$1362,'Pinlist(S1)'!$R$4:$R$1362,"") -> XCKPLL_MON_N | C2: {=_xlfn.TEXTJOIN(",",TRUE,_xlfn.UNIQUE(TRANSPOSE(_xlfn.MAP(_xlfn.XLOOKUP(A2,'Pinlist(S1)'!$C$4:$C$1362,'Pinlist(S1)'!$F$4:$K$1362,""),_xlfn.LAMBDA(_xlpm.x,IF(_xlpm.x<>"",TRIM(CLEAN(LEFT(_xlpm.x,FIND(".",_xlpm.x & ".")-1))),""))))))} | D2: 1.615 | E2: 0 | F2: =_xlfn.LET(_xlpm.raw,_xlfn.XLOOKUP(A2,'Pinlist(S1)'!$C$4:$C$1362,'Pinlist(S1)'!$E$4:$E$1362,""),_xlpm.cleanRaw,SUBSTITUTE(SUBSTITUTE(_xlpm.raw,"_PIN","."),"PIN","."),_xlpm.mainPart,MID(_xlpm.cleanRaw,2,FIND(".",_xlpm.cleanRaw & ".")-2),_xlpm.subPart,MID(_xlpm.cleanRaw,FIND(".",_xlpm.cleanRaw & ".")+1,99),_xlpm.result,RIGHT(_xlpm.mainPart,LEN(_xlpm.mainPart)-1)& TEXT(_xlpm.subPart,"000"),IF(OR(_xlpm.raw="",_xlpm.raw="-"),"",_xlpm.result)) | G2: =_xlfn.LET(_xlpm.raw,_xlfn.XLOOKUP(A2,'Pinlist(S3)'!$C$4:$C$1362,'Pinlist(S3)'!$E$4:$E$1362,""),_xlpm.cleanRaw,SUBSTITUTE(SUBSTITUTE(_xlpm.raw,"_PIN","."),"PIN","."),_xlpm.mainPart,MID(_xlpm.cleanRaw,2,FIND(".",_xlpm.cleanRaw & ".")-2),_xlpm.subPart,MID(_xlpm.cleanRaw,FIND(".",_xlpm.cleanRaw & ".")+1,99),_xlpm.result,RIGHT(_xlpm.mainPart,LEN(_xlpm.mainPart)-1)& TEXT(_xlpm.subPart,"000"),IF(OR(_xlpm.raw="",_xlpm.raw="-"),"",_xlpm.result)) | H2: =_xlfn.LET(_xlpm.raw,_xlfn.XLOOKUP(A2,'Pinlist(S5)'!$C$4:$C$1362,'Pinlist(S5)'!$E$4:$E$1362,""),_xlpm.cleanRaw,SUBSTITUTE(SUBSTITUTE(_xlpm.raw,"_PIN","."),"PIN","."),_xlpm.mainPart,MID(_xlpm.cleanRaw,2,FIND(".",_xlpm.cleanRaw & ".")-2),_xlpm.subPart,MID(_xlpm.cleanRaw,FIND(".",_xlpm.cleanRaw & ".")+1,99),_xlpm.result,RIGHT(_xlpm.mainPart,LEN(_xlpm.mainPart)-1)& TEXT(_xlpm.subPart,"000"),IF(OR(_xlpm.raw="",_xlpm.raw="-"),"",_xlpm.result)) | I2: ="" | J2: =A2&";"&B2&";"&C2&";"&D2&";"&E2&";"&F2&";"&G2&";"&H2&";"&I2 -> A4;XCKPLL_MON_N;;1.61499999999999;0;;;;
A3: A5 | B3: =_xlfn.XLOOKUP(A3,'Pinlist(S1)'!$Q$4:$Q$1362,'Pinlist(S1)'!$R$4:$R$1362,"") -> VSS | C3: {=_xlfn.TEXTJOIN(",",TRUE,_xlfn.UNIQUE(TRANSPOSE(_xlfn.MAP(_xlfn.XLOOKUP(A3,'Pinlist(S1)'!$C$4:$C$1362,'Pinlist(S1)'!$F$4:$K$1362,""),_xlfn.LAMBDA(_xlpm.x,IF(_xlpm.x<>"",TRIM(CLEAN(LEFT(_xlpm.x,FIND(".",_xlpm.x & ".")-1))),""))))))} | D3: 2.265 | E3: 0 | F3: =_xlfn.LET(_xlpm.raw,_xlfn.XLOOKUP(A3,'Pinlist(S1)'!$C$4:$C$1362,'Pinlist(S1)'!$E$4:$E$1362,""),_xlpm.cleanRaw,SUBSTITUTE(SUBSTITUTE(_xlpm.raw,"_PIN","."),"PIN","."),_xlpm.mainPart,MID(_xlpm.cleanRaw,2,FIND(".",_xlpm.cleanRaw & ".")-2),_xlpm.subPart,MID(_xlpm.cleanRaw,FIND(".",_xlpm.cleanRaw & ".")+1,99),_xlpm.result,RIGHT(_xlpm.mainPart,LEN(_xlpm.mainPart)-1)& TEXT(_xlpm.subPart,"000"),IF(OR(_xlpm.raw="",_xlpm.raw="-"),"",_xlpm.result)) | G3: =_xlfn.LET(_xlpm.raw,_xlfn.XLOOKUP(A3,'Pinlist(S3)'!$C$4:$C$1362,'Pinlist(S3)'!$E$4:$E$1362,""),_xlpm.cleanRaw,SUBSTITUTE(SUBSTITUTE(_xlpm.raw,"_PIN","."),"PIN","."),_xlpm.mainPart,MID(_xlpm.cleanRaw,2,FIND(".",_xlpm.cleanRaw & ".")-2),_xlpm.subPart,MID(_xlpm.cleanRaw,FIND(".",_xlpm.cleanRaw & ".")+1,99),_xlpm.result,RIGHT(_xlpm.mainPart,LEN(_xlpm.mainPart)-1)& TEXT(_xlpm.subPart,"000"),IF(OR(_xlpm.raw="",_xlpm.raw="-"),"",_xlpm.result)) | H3: =_xlfn.LET(_xlpm.raw,_xlfn.XLOOKUP(A3,'Pinlist(S5)'!$C$4:$C$1362,'Pinlist(S5)'!$E$4:$E$1362,""),_xlpm.cleanRaw,SUBSTITUTE(SUBSTITUTE(_xlpm.raw,"_PIN","."),"PIN","."),_xlpm.mainPart,MID(_xlpm.cleanRaw,2,FIND(".",_xlpm.cleanRaw & ".")-2),_xlpm.subPart,MID(_xlpm.cleanRaw,FIND(".",_xlpm.cleanRaw & ".")+1,99),_xlpm.result,RIGHT(_xlpm.mainPart,LEN(_xlpm.mainPart)-1)& TEXT(_xlpm.subPart,"000"),IF(OR(_xlpm.raw="",_xlpm.raw="-"),"",_xlpm.result)) | I3: ="" | J3: =A3&";"&B3&";"&C3&";"&D3&";"&E3&";"&F3&";"&G3&";"&H3&";"&I3 -> A5;VSS;;2.265;0;;;;
A4: A6 | B4: =_xlfn.XLOOKUP(A4,'Pinlist(S1)'!$Q$4:$Q$1362,'Pinlist(S1)'!$R$4:$R$1362,"") -> GPP_E_3_CPU_GP_0 | C4: {=_xlfn.TEXTJOIN(",",TRUE,_xlfn.UNIQUE(TRANSPOSE(_xlfn.MAP(_xlfn.XLOOKUP(A4,'Pinlist(S1)'!$C$4:$C$1362,'Pinlist(S1)'!$F$4:$K$1362,""),_xlfn.LAMBDA(_xlpm.x,IF(_xlpm.x<>"",TRIM(CLEAN(LEFT(_xlpm.x,FIND(".",_xlpm.x & ".")-1))),""))))))} | D4: 2.847 | E4: 0.325 | F4: =_xlfn.LET(_xlpm.raw,_xlfn.XLOOKUP(A4,'Pinlist(S1)'!$C$4:$C$1362,'Pinlist(S1)'!$E$4:$E$1362,""),_xlpm.cleanRaw,SUBSTITUTE(SUBSTITUTE(_xlpm.raw,"_PIN","."),"PIN","."),_xlpm.mainPart,MID(_xlpm.cleanRaw,2,FIND(".",_xlpm.cleanRaw & ".")-2),_xlpm.subPart,MID(_xlpm.cleanRaw,FIND(".",_xlpm.cleanRaw & ".")+1,99),_xlpm.result,RIGHT(_xlpm.mainPart,LEN(_xlpm.mainPart)-1)& TEXT(_xlpm.subPart,"000"),IF(OR(_xlpm.raw="",_xlpm.raw="-"),"",_xlpm.result)) -> 504123 | G4: =_xlfn.LET(_xlpm.raw,_xlfn.XLOOKUP(A4,'Pinlist(S3)'!$C$4:$C$1362,'Pinlist(S3)'!$E$4:$E$1362,""),_xlpm.cleanRaw,SUBSTITUTE(SUBSTITUTE(_xlpm.raw,"_PIN","."),"PIN","."),_xlpm.mainPart,MID(_xlpm.cleanRaw,2,FIND(".",_xlpm.cleanRaw & ".")-2),_xlpm.subPart,MID(_xlpm.cleanRaw,FIND(".",_xlpm.cleanRaw & ".")+1,99),_xlpm.result,RIGHT(_xlpm.mainPart,LEN(_xlpm.mainPart)-1)& TEXT(_xlpm.subPart,"000"),IF(OR(_xlpm.raw="",_xlpm.raw="-"),"",_xlpm.result)) -> 808060 | H4: =_xlfn.LET(_xlpm.raw,_xlfn.XLOOKUP(A4,'Pinlist(S5)'!$C$4:$C$1362,'Pinlist(S5)'!$E$4:$E$1362,""),_xlpm.cleanRaw,SUBSTITUTE(SUBSTITUTE(_xlpm.raw,"_PIN","."),"PIN","."),_xlpm.mainPart,MID(_xlpm.cleanRaw,2,FIND(".",_xlpm.cleanRaw & ".")-2),_xlpm.subPart,MID(_xlpm.cleanRaw,FIND(".",_xlpm.cleanRaw & ".")+1,99),_xlpm.result,RIGHT(_xlpm.mainPart,LEN(_xlpm.mainPart)-1)& TEXT(_xlpm.subPart,"000"),IF(OR(_xlpm.raw="",_xlpm.raw="-"),"",_xlpm.result)) -> 602076 | I4: ="" | J4: =A4&";"&B4&";"&C4&";"&D4&";"&E4&";"&F4&";"&G4&";"&H4&";"&I4 -> A6;GPP_E_3_CPU_GP_0;;2.847;0.324999999999999;504123;808060;602076;
A5: A7 | B5: =_xlfn.XLOOKUP(A5,'Pinlist(S1)'!$Q$4:$Q$1362,'Pinlist(S1)'!$R$4:$R$1362,"") -> GPP_E_7_CPU_GP_1 | C5: {=_xlfn.TEXTJOIN(",",TRUE,_xlfn.UNIQUE(TRANSPOSE(_xlfn.MAP(_xlfn.XLOOKUP(A5,'Pinlist(S1)'!$C$4:$C$1362,'Pinlist(S1)'!$F$4:$K$1362,""),_xlfn.LAMBDA(_xlpm.x,IF(_xlpm.x<>"",TRIM(CLEAN(LEFT(_xlpm.x,FIND(".",_xlpm.x & ".")-1))),""))))))} | D5: 3.523 | E5: 0 | F5: =_xlfn.LET(_xlpm.raw,_xlfn.XLOOKUP(A5,'Pinlist(S1)'!$C$4:$C$1362,'Pinlist(S1)'!$E$4:$E$1362,""),_xlpm.cleanRaw,SUBSTITUTE(SUBSTITUTE(_xlpm.raw,"_PIN","."),"PIN","."),_xlpm.mainPart,MID(_xlpm.cleanRaw,2,FIND(".",_xlpm.cleanRaw & ".")-2),_xlpm.subPart,MID(_xlpm.cleanRaw,FIND(".",_xlpm.cleanRaw & ".")+1,99),_xlpm.result,RIGHT(_xlpm.mainPart,LEN(_xlpm.mainPart)-1)& TEXT(_xlpm.subPart,"000"),IF(OR(_xlpm.raw="",_xlpm.raw="-"),"",_xlpm.result)) -> 504118 | G5: =_xlfn.LET(_xlpm.raw,_xlfn.XLOOKUP(A5,'Pinlist(S3)'!$C$4:$C$1362,'Pinlist(S3)'!$E$4:$E$1362,""),_xlpm.cleanRaw,SUBSTITUTE(SUBSTITUTE(_xlpm.raw,"_PIN","."),"PIN","."),_xlpm.mainPart,MID(_xlpm.cleanRaw,2,FIND(".",_xlpm.cleanRaw & ".")-2),_xlpm.subPart,MID(_xlpm.cleanRaw,FIND(".",_xlpm.cleanRaw & ".")+1,99),_xlpm.result,RIGHT(_xlpm.mainPart,LEN(_xlpm.mainPart)-1)& TEXT(_xlpm.subPart,"000"),IF(OR(_xlpm.raw="",_xlpm.raw="-"),"",_xlpm.result)) -> 807004 | H5: =_xlfn.LET(_xlpm.raw,_xlfn.XLOOKUP(A5,'Pinlist(S5)'!$C$4:$C$1362,'Pinlist(S5)'!$E$4:$E$1362,""),_xlpm.cleanRaw,SUBSTITUTE(SUBSTITUTE(_xlpm.raw,"_PIN","."),"PIN","."),_xlpm.mainPart,MID(_xlpm.cleanRaw,2,FIND(".",_xlpm.cleanRaw & ".")-2),_xlpm.subPart,MID(_xlpm.cleanRaw,FIND(".",_xlpm.cleanRaw & ".")+1,99),_xlpm.result,RIGHT(_xlpm.mainPart,LEN(_xlpm.mainPart)-1)& TEXT(_xlpm.subPart,"000"),IF(OR(_xlpm.raw="",_xlpm.raw="-"),"",_xlpm.result)) -> 602055 | I5: ="" | J5: =A5&";"&B5&";"&C5&";"&D5&";"&E5&";"&F5&";"&G5&";"&H5&";"&I5 -> A7;GPP_E_7_CPU_GP_1;;3.52299999999999;0;504118;807004;602055;
A6: A9 | B6: =_xlfn.XLOOKUP(A6,'Pinlist(S1)'!$Q$4:$Q$1362,'Pinlist(S1)'!$R$4:$R$1362,"") -> GPP_E_9_USB2_OCB_0 | C6: {=_xlfn.TEXTJOIN(",",TRUE,_xlfn.UNIQUE(TRANSPOSE(_xlfn.MAP(_xlfn.XLOOKUP(A6,'Pinlist(S1)'!$C$4:$C$1362,'Pinlist(S1)'!$F$4:$K$1362,""),_xlfn.LAMBDA(_xlpm.x,IF(_xlpm.x<>"",TRIM(CLEAN(LEFT(_xlpm.x,FIND(".",_xlpm.x & ".")-1))),""))))))} | D6: 4.65 | E6: 0 | F6: =_xlfn.LET(_xlpm.raw,_xlfn.XLOOKUP(A6,'Pinlist(S1)'!$C$4:$C$1362,'Pinlist(S1)'!$E$4:$E$1362,""),_xlpm.cleanRaw,SUBSTITUTE(SUBSTITUTE(_xlpm.raw,"_PIN","."),"PIN","."),_xlpm.mainPart,MID(_xlpm.cleanRaw,2,FIND(".",_xlpm.cleanRaw & ".")-2),_xlpm.subPart,MID(_xlpm.cleanRaw,FIND(".",_xlpm.cleanRaw & ".")+1,99),_xlpm.result,RIGHT(_xlpm.mainPart,LEN(_xlpm.mainPart)-1)& TEXT(_xlpm.subPart,"000"),IF(OR(_xlpm.raw="",_xlpm.raw="-"),"",_xlpm.result)) -> 504125 | G6: =_xlfn.LET(_xlpm.raw,_xlfn.XLOOKUP(A6,'Pinlist(S3)'!$C$4:$C$1362,'Pinlist(S3)'!$E$4:$E$1362,""),_xlpm.cleanRaw,SUBSTITUTE(SUBSTITUTE(_xlpm.raw,"_PIN","."),"PIN","."),_xlpm.mainPart,MID(_xlpm.cleanRaw,2,FIND(".",_xlpm.cleanRaw & ".")-2),_xlpm.subPart,MID(_xlpm.cleanRaw,FIND(".",_xlpm.cleanRaw & ".")+1,99),_xlpm.result,RIGHT(_xlpm.mainPart,LEN(_xlpm.mainPart)-1)& TEXT(_xlpm.subPart,"000"),IF(OR(_xlpm.raw="",_xlpm.raw="-"),"",_xlpm.result)) -> 808055 | H6: =_xlfn.LET(_xlpm.raw,_xlfn.XLOOKUP(A6,'Pinlist(S5)'!$C$4:$C$1362,'Pinlist(S5)'!$E$4:$E$1362,""),_xlpm.cleanRaw,SUBSTITUTE(SUBSTITUTE(_xlpm.raw,"_PIN","."),"PIN","."),_xlpm.mainPart,MID(_xlpm.cleanRaw,2,FIND(".",_xlpm.cleanRaw & ".")-2),_xlpm.subPart,MID(_xlpm.cleanRaw,FIND(".",_xlpm.cleanRaw & ".")+1,99),_xlpm.result,RIGHT(_xlpm.mainPart,LEN(_xlpm.mainPart)-1)& TEXT(_xlpm.subPart,"000"),IF(OR(_xlpm.raw="",_xlpm.raw="-"),"",_xlpm.result)) -> 602063 | I6: ="" | J6: =A6&";"&B6&";"&C6&";"&D6&";"&E6&";"&F6&";"&G6&";"&H6&";"&I6 -> A9;GPP_E_9_USB2_OCB_0;;4.64999999999999;0;504125;808055;602063;
A7: A10 | B7: =_xlfn.XLOOKUP(A7,'Pinlist(S1)'!$Q$4:$Q$1362,'Pinlist(S1)'!$R$4:$R$1362,"") -> VCC24TBT_1P0 | C7: {=_xlfn.TEXTJOIN(",",TRUE,_xlfn.UNIQUE(TRANSPOSE(_xlfn.MAP(_xlfn.XLOOKUP(A7,'Pinlist(S1)'!$C$4:$C$1362,'Pinlist(S1)'!$F$4:$K$1362,""),_xlfn.LAMBDA(_xlpm.x,IF(_xlpm.x<>"",TRIM(CLEAN(LEFT(_xlpm.x,FIND(".",_xlpm.x & ".")-1))),""))))))} | D7: 5.325 | E7: 0.325 | F7: =_xlfn.LET(_xlpm.raw,_xlfn.XLOOKUP(A7,'Pinlist(S1)'!$C$4:$C$1362,'Pinlist(S1)'!$E$4:$E$1362,""),_xlpm.cleanRaw,SUBSTITUTE(SUBSTITUTE(_xlpm.raw,"_PIN","."),"PIN","."),_xlpm.mainPart,MID(_xlpm.cleanRaw,2,FIND(".",_xlpm.cleanRaw & ".")-2),_xlpm.subPart,MID(_xlpm.cleanRaw,FIND(".",_xlpm.cleanRaw & ".")+1,99),_xlpm.result,RIGHT(_xlpm.mainPart,LEN(_xlpm.mainPart)-1)& TEXT(_xlpm.subPart,"000"),IF(OR(_xlpm.raw="",_xlpm.raw="-"),"",_xlpm.result)) | G7: =_xlfn.LET(_xlpm.raw,_xlfn.XLOOKUP(A7,'Pinlist(S3)'!$C$4:$C$1362,'Pinlist(S3)'!$E$4:$E$1362,""),_xlpm.cleanRaw,SUBSTITUTE(SUBSTITUTE(_xlpm.raw,"_PIN","."),"PIN","."),_xlpm.mainPart,MID(_xlpm.cleanRaw,2,FIND(".",_xlpm.cleanRaw & ".")-2),_xlpm.subPart,MID(_xlpm.cleanRaw,FIND(".",_xlpm.cleanRaw & ".")+1,99),_xlpm.result,RIGHT(_xlpm.mainPart,LEN(_xlpm.mainPart)-1)& TEXT(_xlpm.subPart,"000"),IF(OR(_xlpm.raw="",_xlpm.raw="-"),"",_xlpm.result)) | H7: =_xlfn.LET(_xlpm.raw,_xlfn.XLOOKUP(A7,'Pinlist(S5)'!$C$4:$C$1362,'Pinlist(S5)'!$E$4:$E$1362,""),_xlpm.cleanRaw,SUBSTITUTE(SUBSTITUTE(_xlpm.raw,"_PIN","."),"PIN","."),_xlpm.mainPart,MID(_xlpm.cleanRaw,2,FIND(".",_xlpm.cleanRaw & ".")-2),_xlpm.subPart,MID(_xlpm.cleanRaw,FIND(".",_xlpm.cleanRaw & ".")+1,99),_xlpm.result,RIGHT(_xlpm.mainPart,LEN(_xlpm.mainPart)-1)& TEXT(_xlpm.subPart,"000"),IF(OR(_xlpm.raw="",_xlpm.raw="-"),"",_xlpm.result)) | I7: ="" | J7: =A7&";"&B7&";"&C7&";"&D7&";"&E7&";"&F7&";"&G7&";"&H7&";"&I7 -> A10;VCC24TBT_1P0;;5.325;0.324999999999999;;;;
A8: A11 | B8: =_xlfn.XLOOKUP(A8,'Pinlist(S1)'!$Q$4:$Q$1362,'Pinlist(S1)'!$R$4:$R$1362,"") -> SPARE_13 | C8: {=_xlfn.TEXTJOIN(",",TRUE,_xlfn.UNIQUE(TRANSPOSE(_xlfn.MAP(_xlfn.XLOOKUP(A8,'Pinlist(S1)'!$C$4:$C$1362,'Pinlist(S1)'!$F$4:$K$1362,""),_xlfn.LAMBDA(_xlpm.x,IF(_xlpm.x<>"",TRIM(CLEAN(LEFT(_xlpm.x,FIND(".",_xlpm.x & ".")-1))),""))))))} | D8: 6.001 | E8: 0 | F8: =_xlfn.LET(_xlpm.raw,_xlfn.XLOOKUP(A8,'Pinlist(S1)'!$C$4:$C$1362,'Pinlist(S1)'!$E$4:$E$1362,""),_xlpm.cleanRaw,SUBSTITUTE(SUBSTITUTE(_xlpm.raw,"_PIN","."),"PIN","."),_xlpm.mainPart,MID(_xlpm.cleanRaw,2,FIND(".",_xlpm.cleanRaw & ".")-2),_xlpm.subPart,MID(_xlpm.cleanRaw,FIND(".",_xlpm.cleanRaw & ".")+1,99),_xlpm.result,RIGHT(_xlpm.mainPart,LEN(_xlpm.mainPart)-1)& TEXT(_xlpm.subPart,"000"),IF(OR(_xlpm.raw="",_xlpm.raw="-"),"",_xlpm.result)) | G8: =_xlfn.LET(_xlpm.raw,_xlfn.XLOOKUP(A8,'Pinlist(S3)'!$C$4:$C$1362,'Pinlist(S3)'!$E$4:$E$1362,""),_xlpm.cleanRaw,SUBSTITUTE(SUBSTITUTE(_xlpm.raw,"_PIN","."),"PIN","."),_xlpm.mainPart,MID(_xlpm.cleanRaw,2,FIND(".",_xlpm.cleanRaw & ".")-2),_xlpm.subPart,MID(_xlpm.cleanRaw,FIND(".",_xlpm.cleanRaw & ".")+1,99),_xlpm.result,RIGHT(_xlpm.mainPart,LEN(_xlpm.mainPart)-1)& TEXT(_xlpm.subPart,"000"),IF(OR(_xlpm.raw="",_xlpm.raw="-"),"",_xlpm.result)) | H8: =_xlfn.LET(_xlpm.raw,_xlfn.XLOOKUP(A8,'Pinlist(S5)'!$C$4:$C$1362,'Pinlist(S5)'!$E$4:$E$1362,""),_xlpm.cleanRaw,SUBSTITUTE(SUBSTITUTE(_xlpm.raw,"_PIN","."),"PIN","."),_xlpm.mainPart,MID(_xlpm.cleanRaw,2,FIND(".",_xlpm.cleanRaw & ".")-2),_xlpm.subPart,MID(_xlpm.cleanRaw,FIND(".",_xlpm.cleanRaw & ".")+1,99),_xlpm.result,RIGHT(_xlpm.mainPart,LEN(_xlpm.mainPart)-1)& TEXT(_xlpm.subPart,"000"),IF(OR(_xlpm.raw="",_xlpm.raw="-"),"",_xlpm.result)) | I8: ="" | J8: =A8&";"&B8&";"&C8&";"&D8&";"&E8&";"&F8&";"&G8&";"&H8&";"&I8 -> A11;SPARE_13;;6.00099999999999;0;;;;
A9: A13 | B9: =_xlfn.XLOOKUP(A9,'Pinlist(S1)'!$Q$4:$Q$1362,'Pinlist(S1)'!$R$4:$R$1362,"") -> USB3_2_SSIC_1_TXP | C9: {=_xlfn.TEXTJOIN(",",TRUE,_xlfn.UNIQUE(TRANSPOSE(_xlfn.MAP(_xlfn.XLOOKUP(A9,'Pinlist(S1)'!$C$4:$C$1362,'Pinlist(S1)'!$F$4:$K$1362,""),_xlfn.LAMBDA(_xlpm.x,IF(_xlpm.x<>"",TRIM(CLEAN(LEFT(_xlpm.x,FIND(".",_xlpm.x & ".")-1))),""))))))} -> LA528,CA528,KA514 | D9: 7.128 | E9: 0 | F9: =_xlfn.LET(_xlpm.raw,_xlfn.XLOOKUP(A9,'Pinlist(S1)'!$C$4:$C$1362,'Pinlist(S1)'!$E$4:$E$1362,""),_xlpm.cleanRaw,SUBSTITUTE(SUBSTITUTE(_xlpm.raw,"_PIN","."),"PIN","."),_xlpm.mainPart,MID(_xlpm.cleanRaw,2,FIND(".",_xlpm.cleanRaw & ".")-2),_xlpm.subPart,MID(_xlpm.cleanRaw,FIND(".",_xlpm.cleanRaw & ".")+1,99),_xlpm.result,RIGHT(_xlpm.mainPart,LEN(_xlpm.mainPart)-1)& TEXT(_xlpm.subPart,"000"),IF(OR(_xlpm.raw="",_xlpm.raw="-"),"",_xlpm.result)) -> 506031 | G9: =_xlfn.LET(_xlpm.raw,_xlfn.XLOOKUP(A9,'Pinlist(S3)'!$C$4:$C$1362,'Pinlist(S3)'!$E$4:$E$1362,""),_xlpm.cleanRaw,SUBSTITUTE(SUBSTITUTE(_xlpm.raw,"_PIN","."),"PIN","."),_xlpm.mainPart,MID(_xlpm.cleanRaw,2,FIND(".",_xlpm.cleanRaw & ".")-2),_xlpm.subPart,MID(_xlpm.cleanRaw,FIND(".",_xlpm.cleanRaw & ".")+1,99),_xlpm.result,RIGHT(_xlpm.mainPart,LEN(_xlpm.mainPart)-1)& TEXT(_xlpm.subPart,"000"),IF(OR(_xlpm.raw="",_xlpm.raw="-"),"",_xlpm.result)) -> 807027 | H9: =_xlfn.LET(_xlpm.raw,_xlfn.XLOOKUP(A9,'Pinlist(S5)'!$C$4:$C$1362,'Pinlist(S5)'!$E$4:$E$1362,""),_xlpm.cleanRaw,SUBSTITUTE(SUBSTITUTE(_xlpm.raw,"_PIN","."),"PIN","."),_xlpm.mainPart,MID(_xlpm.cleanRaw,2,FIND(".",_xlpm.cleanRaw & ".")-2),_xlpm.subPart,MID(_xlpm.cleanRaw,FIND(".",_xlpm.cleanRaw & ".")+1,99),_xlpm.result,RIGHT(_xlpm.mainPart,LEN(_xlpm.mainPart)-1)& TEXT(_xlpm.subPart,"000"),IF(OR(_xlpm.raw="",_xlpm.raw="-"),"",_xlpm.result)) -> 603096 | I9: ="" | J9: =A9&";"&B9&";"&C9&";"&D9&";"&E9&";"&F9&";"&G9&";"&H9&";"&I9 -> A13;USB3_2_SSIC_1_TXP;LA528,CA528,KA514;7.128;0;506031;807027;603096;
A10: A14 | B10: =_xlfn.XLOOKUP(A10,'Pinlist(S1)'!$Q$4:$Q$1362,'Pinlist(S1)'!$R$4:$R$1362,"") -> VCC19P2_1P0 | C10: {=_xlfn.TEXTJOIN(",",TRUE,_xlfn.UNIQUE(TRANSPOSE(_xlfn.MAP(_xlfn.XLOOKUP(A10,'Pinlist(S1)'!$C$4:$C$1362,'Pinlist(S1)'!$F$4:$K$1362,""),_xlfn.LAMBDA(_xlpm.x,IF(_xlpm.x<>"",TRIM(CLEAN(LEFT(_xlpm.x,FIND(".",_xlpm.x & ".")-1))),""))))))} | D10: 7.803 | E10: 0.325 | F10: =_xlfn.LET(_xlpm.raw,_xlfn.XLOOKUP(A10,'Pinlist(S1)'!$C$4:$C$1362,'Pinlist(S1)'!$E$4:$E$1362,""),_xlpm.cleanRaw,SUBSTITUTE(SUBSTITUTE(_xlpm.raw,"_PIN","."),"PIN","."),_xlpm.mainPart,MID(_xlpm.cleanRaw,2,FIND(".",_xlpm.cleanRaw & ".")-2),_xlpm.subPart,MID(_xlpm.cleanRaw,FIND(".",_xlpm.cleanRaw & ".")+1,99),_xlpm.result,RIGHT(_xlpm.mainPart,LEN(_xlpm.mainPart)-1)& TEXT(_xlpm.subPart,"000"),IF(OR(_xlpm.raw="",_xlpm.raw="-"),"",_xlpm.result)) | G10: =_xlfn.LET(_xlpm.raw,_xlfn.XLOOKUP(A10,'Pinlist(S3)'!$C$4:$C$1362,'Pinlist(S3)'!$E$4:$E$1362,""),_xlpm.cleanRaw,SUBSTITUTE(SUBSTITUTE(_xlpm.raw,"_PIN","."),"PIN","."),_xlpm.mainPart,MID(_xlpm.cleanRaw,2,FIND(".",_xlpm.cleanRaw & ".")-2),_xlpm.subPart,MID(_xlpm.cleanRaw,FIND(".",_xlpm.cleanRaw & ".")+1,99),_xlpm.result,RIGHT(_xlpm.mainPart,LEN(_xlpm.mainPart)-1)& TEXT(_xlpm.subPart,"000"),IF(OR(_xlpm.raw="",_xlpm.raw="-"),"",_xlpm.result)) | H10: =_xlfn.LET(_xlpm.raw,_xlfn.XLOOKUP(A10,'Pinlist(S5)'!$C$4:$C$1362,'Pinlist(S5)'!$E$4:$E$1362,""),_xlpm.cleanRaw,SUBSTITUTE(SUBSTITUTE(_xlpm.raw,"_PIN","."),"PIN","."),_xlpm.mainPart,MID(_xlpm.cleanRaw,2,FIND(".",_xlpm.cleanRaw & ".")-2),_xlpm.subPart,MID(_xlpm.cleanRaw,FIND(".",_xlpm.cleanRaw & ".")+1,99),_xlpm.result,RIGHT(_xlpm.mainPart,LEN(_xlpm.mainPart)-1)& TEXT(_xlpm.subPart,"000"),IF(OR(_xlpm.raw="",_xlpm.raw="-"),"",_xlpm.result)) | I10: ="" | J10: =A10&";"&B10&";"&C10&";"&D10&";"&E10&";"&F10&";"&G10&";"&H10&";"&I10 -> A14;VCC19P2_1P0;;7.80299999999999;0.324999999999999;;;;
A11: A15 | B11: =_xlfn.XLOOKUP(A11,'Pinlist(S1)'!$Q$4:$Q$1362,'Pinlist(S1)'!$R$4:$R$1362,"") -> USB3_3_SSIC_2_TXP | C11: {=_xlfn.TEXTJOIN(",",TRUE,_xlfn.UNIQUE(TRANSPOSE(_xlfn.MAP(_xlfn.XLOOKUP(A11,'Pinlist(S1)'!$C$4:$C$1362,'Pinlist(S1)'!$F$4:$K$1362,""),_xlfn.LAMBDA(_xlpm.x,IF(_xlpm.x<>"",TRIM(CLEAN(LEFT(_xlpm.x,FIND(".",_xlpm.x & ".")-1))),""))))))} -> LA530,CA530,KA515 | D11: 8.479 | E11: 0 | F11: =_xlfn.LET(_xlpm.raw,_xlfn.XLOOKUP(A11,'Pinlist(S1)'!$C$4:$C$1362,'Pinlist(S1)'!$E$4:$E$1362,""),_xlpm.cleanRaw,SUBSTITUTE(SUBSTITUTE(_xlpm.raw,"_PIN","."),"PIN","."),_xlpm.mainPart,MID(_xlpm.cleanRaw,2,FIND(".",_xlpm.cleanRaw & ".")-2),_xlpm.subPart,MID(_xlpm.cleanRaw,FIND(".",_xlpm.cleanRaw & ".")+1,99),_xlpm.result,RIGHT(_xlpm.mainPart,LEN(_xlpm.mainPart)-1)& TEXT(_xlpm.subPart,"000"),IF(OR(_xlpm.raw="",_xlpm.raw="-"),"",_xlpm.result)) -> 504092 | G11: =_xlfn.LET(_xlpm.raw,_xlfn.XLOOKUP(A11,'Pinlist(S3)'!$C$4:$C$1362,'Pinlist(S3)'!$E$4:$E$1362,""),_xlpm.cleanRaw,SUBSTITUTE(SUBSTITUTE(_xlpm.raw,"_PIN","."),"PIN","."),_xlpm.mainPart,MID(_xlpm.cleanRaw,2,FIND(".",_xlpm.cleanRaw & ".")-2),_xlpm.subPart,MID(_xlpm.cleanRaw,FIND(".",_xlpm.cleanRaw & ".")+1,99),_xlpm.result,RIGHT(_xlpm.mainPart,LEN(_xlpm.mainPart)-1)& TEXT(_xlpm.subPart,"000"),IF(OR(_xlpm.raw="",_xlpm.raw="-"),"",_xlpm.result)) -> 807039 | H11: =_xlfn.LET(_xlpm.raw,_xlfn.XLOOKUP(A11,'Pinlist(S5)'!$C$4:$C$1362,'Pinlist(S5)'!$E$4:$E$1362,""),_xlpm.cleanRaw,SUBSTITUTE(SUBSTITUTE(_xlpm.raw,"_PIN","."),"PIN","."),_xlpm.mainPart,MID(_xlpm.cleanRaw,2,FIND(".",_xlpm.cleanRaw & ".")-2),_xlpm.subPart,MID(_xlpm.cleanRaw,FIND(".",_xlpm.cleanRaw & ".")+1,99),_xlpm.result,RIGHT(_xlpm.mainPart,LEN(_xlpm.mainPart)-1)& TEXT(_xlpm.subPart,"000"),IF(OR(_xlpm.raw="",_xlpm.raw="-"),"",_xlpm.result)) -> 603101 | I11: ="" | J11: =A11&";"&B11&";"&C11&";"&D11&";"&E11&";"&F11&";"&G11&";"&H11&";"&I11 -> A15;USB3_3_SSIC_2_TXP;LA530,CA530,KA515;8.479;0;504092;807039;603101;
A12: A17 | B12: =_xlfn.XLOOKUP(A12,'Pinlist(S1)'!$Q$4:$Q$1362,'Pinlist(S1)'!$R$4:$R$1362,"") -> PCIE_1_USB3_5_TXP | C12: {=_xlfn.TEXTJOIN(",",TRUE,_xlfn.UNIQUE(TRANSPOSE(_xlfn.MAP(_xlfn.XLOOKUP(A12,'Pinlist(S1)'!$C$4:$C$1362,'Pinlist(S1)'!$F$4:$K$1362,""),_xlfn.LAMBDA(_xlpm.x,IF(_xlpm.x<>"",TRIM(CLEAN(LEFT(_xlpm.x,FIND(".",_xlpm.x & ".")-1))),""))))))} -> LA502,CA502,KA501 | D12: 9.606 | E12: 0 | F12: =_xlfn.LET(_xlpm.raw,_xlfn.XLOOKUP(A12,'Pinlist(S1)'!$C$4:$C$1362,'Pinlist(S1)'!$E$4:$E$1362,""),_xlpm.cleanRaw,SUBSTITUTE(SUBSTITUTE(_xlpm.raw,"_PIN","."),"PIN","."),_xlpm.mainPart,MID(_xlpm.cleanRaw,2,FIND(".",_xlpm.cleanRaw & ".")-2),_xlpm.subPart,MID(_xlpm.cleanRaw,FIND(".",_xlpm.cleanRaw & ".")+1,99),_xlpm.result,RIGHT(_xlpm.mainPart,LEN(_xlpm.mainPart)-1)& TEXT(_xlpm.subPart,"000"),IF(OR(_xlpm.raw="",_xlpm.raw="-"),"",_xlpm.result)) -> 506036 | G12: =_xlfn.LET(_xlpm.raw,_xlfn.XLOOKUP(A12,'Pinlist(S3)'!$C$4:$C$1362,'Pinlist(S3)'!$E$4:$E$1362,""),_xlpm.cleanRaw,SUBSTITUTE(SUBSTITUTE(_xlpm.raw,"_PIN","."),"PIN","."),_xlpm.mainPart,MID(_xlpm.cleanRaw,2,FIND(".",_xlpm.cleanRaw & ".")-2),_xlpm.subPart,MID(_xlpm.cleanRaw,FIND(".",_xlpm.cleanRaw & ".")+1,99),_xlpm.result,RIGHT(_xlpm.mainPart,LEN(_xlpm.mainPart)-1)& TEXT(_xlpm.subPart,"000"),IF(OR(_xlpm.raw="",_xlpm.raw="-"),"",_xlpm.result)) -> 807031 | H12: =_xlfn.LET(_xlpm.raw,_xlfn.XLOOKUP(A12,'Pinlist(S5)'!$C$4:$C$1362,'Pinlist(S5)'!$E$4:$E$1362,""),_xlpm.cleanRaw,SUBSTITUTE(SUBSTITUTE(_xlpm.raw,"_PIN","."),"PIN","."),_xlpm.mainPart,MID(_xlpm.cleanRaw,2,FIND(".",_xlpm.cleanRaw & ".")-2),_xlpm.subPart,MID(_xlpm.cleanRaw,FIND(".",_xlpm.cleanRaw & ".")+1,99),_xlpm.result,RIGHT(_xlpm.mainPart,LEN(_xlpm.mainPart)-1)& TEXT(_xlpm.subPart,"000"),IF(OR(_xlpm.raw="",_xlpm.raw="-"),"",_xlpm.result)) -> 603090 | I12: ="" | J12: =A12&";"&B12&";"&C12&";"&D12&";"&E12&";"&F12&";"&G12&";"&H12&";"&I12 -> A17;PCIE_1_USB3_5_TXP;LA502,CA502,KA501;9.606;0;506036;807031;603090;
... A1358: BB70 | B1358: =_xlfn.XLOOKUP(A1358,'Pinlist(S1)'!$Q$4:$Q$1362,'Pinlist(S1)'!$R$4:$R$1362,"") -> VSS | C1358: {=_xlfn.TEXTJOIN(",",TRUE,_xlfn.UNIQUE(TRANSPOSE(_xlfn.MAP(_xlfn.XLOOKUP(A1358,'Pinlist(S1)'!$C$4:$C$1362,'Pinlist(S1)'!$F$4:$K$1362,""),_xlfn.LAMBDA(_xlpm.x,IF(_xlpm.x<>"",TRIM(CLEAN(LEFT(_xlpm.x,FIND(".",_xlpm.x & ".")-1))),""))))))} | D1358: 40.166 | E1358: 22.628 | F1358: =_xlfn.LET(_xlpm.raw,_xlfn.XLOOKUP(A1358,'Pinlist(S1)'!$C$4:$C$1362,'Pinlist(S1)'!$E$4:$E$1362,""),_xlpm.cleanRaw,SUBSTITUTE(SUBSTITUTE(_xlpm.raw,"_PIN","."),"PIN","."),_xlpm.mainPart,MID(_xlpm.cleanRaw,2,FIND(".",_xlpm.cleanRaw & ".")-2),_xlpm.subPart,MID(_xlpm.cleanRaw,FIND(".",_xlpm.cleanRaw & ".")+1,99),_xlpm.result,RIGHT(_xlpm.mainPart,LEN(_xlpm.mainPart)-1)& TEXT(_xlpm.subPart,"000"),IF(OR(_xlpm.raw="",_xlpm.raw="-"),"",_xlpm.result)) | G1358: =_xlfn.LET(_xlpm.raw,_xlfn.XLOOKUP(A1358,'Pinlist(S3)'!$C$4:$C$1362,'Pinlist(S3)'!$E$4:$E$1362,""),_xlpm.cleanRaw,SUBSTITUTE(SUBSTITUTE(_xlpm.raw,"_PIN","."),"PIN","."),_xlpm.mainPart,MID(_xlpm.cleanRaw,2,FIND(".",_xlpm.cleanRaw & ".")-2),_xlpm.subPart,MID(_xlpm.cleanRaw,FIND(".",_xlpm.cleanRaw & ".")+1,99),_xlpm.result,RIGHT(_xlpm.mainPart,LEN(_xlpm.mainPart)-1)& TEXT(_xlpm.subPart,"000"),IF(OR(_xlpm.raw="",_xlpm.raw="-"),"",_xlpm.result)) | H1358: =_xlfn.LET(_xlpm.raw,_xlfn.XLOOKUP(A1358,'Pinlist(S5)'!$C$4:$C$1362,'Pinlist(S5)'!$E$4:$E$1362,""),_xlpm.cleanRaw,SUBSTITUTE(SUBSTITUTE(_xlpm.raw,"_PIN","."),"PIN","."),_xlpm.mainPart,MID(_xlpm.cleanRaw,2,FIND(".",_xlpm.cleanRaw & ".")-2),_xlpm.subPart,MID(_xlpm.cleanRaw,FIND(".",_xlpm.cleanRaw & ".")+1,99),_xlpm.result,RIGHT(_xlpm.mainPart,LEN(_xlpm.mainPart)-1)& TEXT(_xlpm.subPart,"000"),IF(OR(_xlpm.raw="",_xlpm.raw="-"),"",_xlpm.result)) | I1358: ="" | J1358: =A1358&";"&B1358&";"&C1358&";"&D1358&";"&E1358&";"&F1358&";"&G1358&";"&H1358&";"&I1358 -> BB70;VSS;;40.166;22.628;;;;

Sheet Pinlist(S1)
B1: ITTO-620-0089 SKL ULT 2+2 X6 | O1: 41787 | R1: ULT 2+2 | S1: Avaliable | U1: 192 | V1: 64 | W1: ULX | X1: 256
S2: Used | U2: 191 | V2: 64 | X2: 256 | Z2: 0
A3: Sort | B3: Function | C3: Land# | D3: Channel/Tester No | F3: Components | L3: Minor Length | M3: Major Length | N3: Total Length | O3: Trace Layer | P3: Sort | Q3: XY | R3: PIN NAME | S3: DIE | T3: Power supply | U3: DDR TD | V3: Legacy TD | W3: NET | X3: PCH | Z3: Coment
A4: 1 | B4: D1_TC_SH60_TD01__AZA_BCLK_SSP0_SCLK__GPP_F_14_EMMC_DATA1__TC | C4: AY22 | D4: J1509.DS8 | E4: J1509.010 | F4: KA142.6 | G4: KA142.8 | L4: 6664.2638 | M4: 12255.831 | N4: 18920.094 | O4: L13_INT2_HS2/L13_INT2_HS2 | P4: 1 | Q4: AY22 | R4: AZA_BCLK_SSP0_SCLK | S4: PCH | W4: AZA_BCLK_SSP0_SCLK | X4: 1 | Z4: PCH-PCH relay with GPP_F_14
A5: 2 | B5: - | C5: BA4 | P5: 2 | Q5: BA4 | R5: AZA_PLLMON_N | S5: PCH | W5: AZA_PLLMON_N | X5: 0
A6: 3 | B6: - | C6: BB4 | P6: 3 | Q6: BB4 | R6: AZA_PLLMON_P | S6: PCH | W6: AZA_PLLMON_P | X6: 0
A7: 4 | B7: D1_TC_SH64_TD01__AZA_RSTB_SSP1_SCLK__GPP_F_16_EMMC_DATA3__TC | C7: AW22 | D7: J1509.DS6 | E7: J1509.014 | F7: KA144.6 | G7: KA144.8 | L7: 7406.2323 | M7: 9841.185 | N7: 17247.417 | O7: L15_INT3_HS3/L13_INT2_HS2 | P7: 4 | Q7: AW22 | R7: AZA_RSTB_SSP1_SCLK | S7: PCH | W7: AZA_RSTB_SSP1_SCLK | X7: 1 | Z7: PCH-PCH relay with GPP_F_16
A8: 5 | B8: D1_TC_SH56_TD01__AZA_SDI_0_SSP0_RXD__GPP_F_12_EMMC_CMD__TC | C8: BA21 | D8: J1509.BS9 | E8: J1509.037 | F8: KA140.6 | G8: KA140.8 | L8: 6046.9409 | M8: 13203.13 | N8: 19250.071 | O8: L17_INT4_HS4/L13_INT2_HS2 | P8: 5 | Q8: BA21 | R8: AZA_SDI_0_SSP0_RXD | S8: PCH | W8: AZA_SDI_0_SSP0_RXD | X8: 1 | Z8: PCH-PCH relay with GPP_F_12
A9: 6 | B9: D1_TC_SH66_TD01__AZA_SDI_1_SSP1_RXD__GPP_G_2_SD_DATA1__TC | C9: AY21 | D9: J1508.CS10 | E9: J1508.049 | F9: KA145.6 | G9: KA145.8 | L9: 4256.0079 | M9: 10361.984 | N9: 14617.992 | O9: L13_INT2_HS2/L13_INT2_HS2 | P9: 6 | Q9: AY21 | R9: AZA_SDI_1_SSP1_RXD | S9: PCH | W9: AZA_SDI_1_SSP1_RXD | X9: 1 | Z9: PCH-PCH relay with GPP_G_2
A10: 7 | B10: D1_TC_SH58_TD01__AZA_SDO_SSP0_TXD__GPP_F_13_EMMC_DATA0__TC | C10: BB22 | D10: J1509.BS8 | E10: J1509.035 | F10: KA141.6 | G10: KA141.8 | L10: 3244.5787 | M10: 15883.736 | N10: 19128.315 | O10: L17_INT4_HS4/L17_INT4_HS4 | P10: 7 | Q10: BB22 | R10: AZA_SDO_SSP0_TXD | S10: PCH | W10: AZA_SDO_SSP0_TXD | X10: 1 | Z10: PCH-PCH relay with GPP_F_13
A11: 8 | B11: D1_TC_SH62_TD01__AZA_SYNC_SSP0_SFRM__GPP_F_15_EMMC_DATA2__TC | C11: BA22 | D11: J1509.CS4 | E11: J1509.015 | F11: KA143.6 | G11: KA143.8 | L11: 6683.2913 | M11: 9135.5669 | N11: 15818.858 | O11: L15_INT3_HS3/L17_INT4_HS4 | P11: 8 | Q11: BA22 | R11: AZA_SYNC_SSP0_SFRM | S11: PCH | W11: AZA_SYNC_SSP0_SFRM | X11: 1 | Z11: PCH-PCH relay with GPP_F_15
A12: 9 | B12: D1_TC_TD03__CATERR_N | C12: D63 | D12: J1605.CS11 | E12: J1605.047 | M12: 6077.3858 | N12: 6077.3858 | O12: L19_INT5 | P12: 9 | Q12: D63 | R12: CATERR_N | S12: CPU | V12: 1 | W12: CATERR_N | X12: 0
A13: 10 | B13: D1_TC_DP117_SH29_TD01__CLKOUT_ITPXDP_N__DDR0_DDR1_CKE0__TC | C13: F43 | D13: J1508.DS14 | E13: J1508.042 | F13: TPA101.1 | G13: KA101.4 | H13: KA101.2 | L13: 4605.1496 | M13: 9920.063 | N13: 14525.213 | O13: L17_INT4_HS4/L13_INT2_HS2 | P13: 10 | Q13: F43 | R13: CLKOUT_ITPXDP_N | S13: PCH | W13: CLKOUT_ITPXDP_N | X13: 1
A14: 11 | B14: D1_TC_DP117_SH30_TD01__CLKOUT_ITPXDP_P__DDR0_DDR1_CKE1__TC | C14: E43 | D14: J1508.CS14 | E14: J1508.041 | F14: TPA102.1 | G14: KA101.6 | H14: KA101.8 | L14: 4605.1339 | M14: 9920.0906 | N14: 14525.224 | O14: L17_INT4_HS4/L13_INT2_HS2 | P14: 11 | Q14: E43 | R14: CLKOUT_ITPXDP_P | S14: PCH | W14: CLKOUT_ITPXDP_P | X14: 1
A15: 12 | B15: D1_TC_SH31_TD01__CLKOUT_SRC_N_0_5__DDR0_DDR1_CKE2__TC | C15: D42 | D15: J1505.BS6 | E15: J1505.075 | F15: TPA103.1 | G15: KA102.4 | H15: KA102.2 | L15: 6494.9252 | M15: 13778.933 | N15: 20273.858 | O15: L15_INT3_HS3/L11_INT1_HS1 | P15: 12 | Q15: D42 | R15: CLKOUT_SRC_N_0 | S15: PCH | X15: 1 | Z15: Y-conntion: N[0:5]
A16: 13 | B16: D1_TC_SH31_TD01__CLKOUT_SRC_N_0_5__DDR0_DDR1_CKE2__TC | C16: B42 | D16: J1505.BS6 | E16: J1505.075 | F16: TPA103.1 | G16: KA102.4 | H16: KA102.2 | L16: 6494.9252 | M16: 13778.933 | N16: 20273.858 | O16: L15_INT3_HS3/L11_INT1_HS1 | P16: 13 | Q16: B42 | R16: CLKOUT_SRC_N_1 | S16: PCH | W16: CLKOUT_SRC_N_1 | X16: 0 | Z16: Y-conntion: N[0:5]
A17: 14 | B17: D1_TC_SH31_TD01__CLKOUT_SRC_N_0_5__DDR0_DDR1_CKE2__TC | C17: D41 | D17: J1505.BS6 | E17: J1505.075 | F17: TPA103.1 | G17: KA102.4 | H17: KA102.2 | L17: 6494.9252 | M17: 13778.933 | N17: 20273.858 | O17: L15_INT3_HS3/L11_INT1_HS1 | P17: 14 | Q17: D41 | R17: CLKOUT_SRC_N_2 | S17: PCH | W17: CLKOUT_SRC_N_2 | X17: 0 | Z17: Y-conntion: N[0:5]
A18: 15 | B18: D1_TC_SH31_TD01__CLKOUT_SRC_N_0_5__DDR0_DDR1_CKE2__TC | C18: D40 | D18: J1505.BS6 | E18: J1505.075 | F18: TPA103.1 | G18: KA102.4 | H18: KA102.2 | L18: 6494.9252 | M18: 13778.933 | N18: 20273.858 | O18: L15_INT3_HS3/L11_INT1_HS1 | P18: 15 | Q18: D40 | R18: CLKOUT_SRC_N_3 | S18: PCH | W18: CLKOUT_SRC_N_3 | X18: 0 | Z18: Y-conntion: N[0:5]
A19: 16 | B19: D1_TC_SH31_TD01__CLKOUT_SRC_N_0_5__DDR0_DDR1_CKE2__TC | C19: B40 | D19: J1505.BS6 | E19: J1505.075 | F19: TPA103.1 | G19: KA102.4 | H19: KA102.2 | L19: 6494.9252 | M19: 13778.933 | N19: 20273.858 | O19: L15_INT3_HS3/L11_INT1_HS1 | P19: 16 | Q19: B40 | R19: CLKOUT_SRC_N_4 | S19: PCH | W19: CLKOUT_SRC_N_4 | X19: 0 | Z19: Y-conntion: N[0:5]
A20: 17 | B20: D1_TC_SH31_TD01__CLKOUT_SRC_N_0_5__DDR0_DDR1_CKE2__TC | C20: E40 | D20: J1505.BS6 | E20: J1505.075 | F20: TPA103.1 | G20: KA102.4 | H20: KA102.2 | L20: 6494.9252 | M20: 13778.933 | N20: 20273.858 | O20: L15_INT3_HS3/L11_INT1_HS1 | P20: 17 | Q20: E40 | R20: CLKOUT_SRC_N_5 | S20: PCH | W20: CLKOUT_SRC_N_5 | X20: 0 | Z20: Y-conntion: N[0:5]
A21: 18 | B21: D1_TC_SH32_TD01__CLKOUT_SRC_P_0_5__DDR0_DDR1_CKE3__TC | C21: C42 | D21: J1505.CS4 | E21: J1505.059 | F21: TPA104.1 | G21: KA102.6 | H21: KA102.8 | L21: 6494.9606 | M21: 13778.5 | N21: 20273.461 | O21: L26_INT7/L11_INT1_HS1 | P21: 18 | Q21: C42 | R21: CLKOUT_SRC_P_0 | S21: PCH | W21: CLKOUT_SRC_P_1 | X21: 1 | Z21: Y-conntion: P[0:5]
A22: 19 | B22: D1_TC_SH32_TD01__CLKOUT_SRC_P_0_5__DDR0_DDR1_CKE3__TC | C22: A42 | D22: J1505.CS4 | E22: J1505.059 | F22: TPA104.1 | G22: KA102.6 | H22: KA102.8 | L22: 6494.9606 | M22: 13778.5 | N22: 20273.461 | O22: L26_INT7/L11_INT1_HS1 | P22: 19 | Q22: A42 | R22: CLKOUT_SRC_P_1 | S22: PCH | W22: CLKOUT_SRC_P_2 | X22: 0 | Z22: Y-conntion: P[0:5]
A23: 20 | B23: D1_TC_SH32_TD01__CLKOUT_SRC_P_0_5__DDR0_DDR1_CKE3__TC | C23: C41 | D23: J1505.CS4 | E23: J1505.059 | F23: TPA104.1 | G23: KA102.6 | H23: KA102.8 | L23: 6494.9606 | M23: 13778.5 | N23: 20273.461 | O23: L26_INT7/L11_INT1_HS1 | P23: 20 | Q23: C41 | R23: CLKOUT_SRC_P_2 | S23: PCH | W23: CLKOUT_SRC_P_3 | X23: 0 | Z23: Y-conntion: P[0:5]
A24: 21 | B24: D1_TC_SH32_TD01__CLKOUT_SRC_P_0_5__DDR0_DDR1_CKE3__TC | C24: C40 | D24: J1505.CS4 | E24: J1505.059 | F24: TPA104.1 | G24: KA102.6 | H24: KA102.8 | L24: 6494.9606 | M24: 13778.5 | N24: 20273.461 | O24: L26_INT7/L11_INT1_HS1 | P24: 21 | Q24: C40 | R24: CLKOUT_SRC_P_3 | S24: PCH | W24: CLKOUT_SRC_P_4 | X24: 0 | Z24: Y-conntion: P[0:5]
A25: 22 | B25: D1_TC_SH32_TD01__CLKOUT_SRC_P_0_5__DDR0_DDR1_CKE3__TC | C25: A40 | D25: J1505.CS4 | E25: J1505.059 | F25: TPA104.1 | G25: KA102.6 | H25: KA102.8 | L25: 6494.9606 | M25: 13778.5 | N25: 20273.461 | O25: L26_INT7/L11_INT1_HS1 | P25: 22 | Q25: A40 | R25: CLKOUT_SRC_P_4 | S25: PCH | W25: CLKOUT_SRC_P_5 | X25: 0 | Z25: Y-conntion: P[0:5]
A26: 23 | B26: D1_TC_SH32_TD01__CLKOUT_SRC_P_0_5__DDR0_DDR1_CKE3__TC | C26: E38 | D26: J1505.CS4 | E26: J1505.059 | F26: TPA104.1 | G26: KA102.6 | H26: KA102.8 | L26: 6494.9606 | M26: 13778.5 | N26: 20273.461 | O26: L26_INT7/L11_INT1_HS1 | P26: 23 | Q26: E38 | R26: CLKOUT_SRC_P_5 | S26: PCH | W26: CPU_EDM[0] | X26: 0 | Z26: Y-conntion: P[0:5]
A27: 24 | B27: D1_TC_TD03__CPU_EDM0 | C27: A69 | D27: J1604.AS4 | E27: J1604.028 | M27: 5658.4567 | N27: 5658.4567 | O27: L32_INT10 | P27: 24 | Q27: A69 | R27: CPU_EDM[0] | S27: CPU | V27: 1 | W27: CPU_EDM[1] | X27: 0
A28: 25 | B28: D1_TC_TD03__CPU_EDM1 | C28: B69 | D28: J1604.CS13 | E28: J1604.003 | M28: 6900.8268 | N28: 6900.8268 | O28: L19_INT5 | P28: 25 | Q28: B69 | R28: CPU_EDM[1] | S28: CPU | V28: 1
A29: 26 | B29: - | C29: H65 | P29: 26 | Q29: H65 | R29: CPU_EOPIO_RCOMP | S29: EDRAM | U29: 0 | V29: 0 | Z29: Added from ULX but it is EDRAM
A30: 27 | B30: - | C30: BA70 | P30: 27 | Q30: BA70 | R30: CPU_EOPIO_VIEW[0] | S30: EDRAM | V30: 0 | Z30: Added from ULX but it is EDRAM
A31: 28 | B31: - | C31: BA68 | P31: 28 | Q31: BA68 | R31: CPU_EOPIO_VIEW[1] | S31: EDRAM | V31: 0 | Z31: Added from ULX but it is EDRAM
A32: 29 | B32: D1_TC_TD03__CPU_JTAG_TCK__TC | C32: B61 | D32: J1605.DS7 | E32: J1605.056 | F32: RA333.1 | G32: RA332.1 | H32: RA332.2 | L32: 9019.3701 | M32: 12176.961 | N32: 21196.331 | O32: L17_INT4_HS4/L13_INT2_HS2 | P32: 29 | Q32: B61 | R32: CPU_JTAG_TCK | S32: CPU | V32: 1 | W32: CPU_JTAG_TCK | X32: 0
A33: 30 | B33: D1_TC_TD03__CPU_JTAG_TDI__TC | C33: D60 | D33: J1605.CS10 | E33: J1605.049 | F33: RA327.1 | G33: RA326.1 | H33: RA326.2 | L33: 9038.9449 | M33: 12175.169 | N33: 21214.114 | O33: L17_INT4_HS4/L15_INT3_HS3 | P33: 30 | Q33: D60 | R33: CPU_JTAG_TDI | S33: CPU | V33: 1 | W33: CPU_JTAG_TDI | X33: 0
A34: 31 | B34: D1_TC_TD03__CPU_JTAG_TDO__TC | C34: A61 | D34: J1605.DS14 | E34: J1605.042 | F34: RA321.1 | G34: RA320.1 | H34: RA320.2 | L34: 9034.7283 | M34: 12181.917 | N34: 21216.646 | O34: L17_INT4_HS4/L15_INT3_HS3 | P34: 31 | Q34: A61 | R34: CPU_JTAG_TDO | S34: CPU | V34: 1 | W34: CPU_JTAG_TDO | X34: 0
A35: 32 | B35: D1_TC_TD03__CPU_JTAG_TMS__TC | C35: C60 | D35: J1605.CS9 | E35: J1605.051 | F35: RA330.1 | G35: RA329.1 | H35: RA329.2 | L35: 9036 | M35: 12186.823 | N35: 21222.823 | O35: L17_INT4_HS4/L15_INT3_HS3 | P35: 32 | Q35: C60 | R35: CPU_JTAG_TMS | S35: CPU | V35: 1 | W35: CPU_JTAG_TMS | X35: 0
A36: 33 | B36: D1_TC_TD03__CPU_JTAG_TRST_N__TC | C36: B59 | D36: J1605.DS13 | E36: J1605.044 | F36: RA324.1 | G36: RA323.1 | H36: RA323.2 | L36: 9037.9606 | M36: 12192.823 | N36: 21230.783 | O36: L17_INT4_HS4/L15_INT3_HS3 | P36: 33 | Q36: B59 | R36: CPU_JTAG_TRST_N | S36: CPU | V36: 1 | W36: CPU_JTAG_TRST_N | X36: 0
A37: 34 | B37: D1_TC_TD03__CPU_POPIO_VIEW0 | C37: BB2 | D37: J1605.DS4 | E37: J1605.060 | M37: 4153.5866 | N37: 4153.5866 | O37: L11_INT1_HS1 | P37: 34 | Q37: BB2 | R37: CPU_POPIO_VIEW[0] | S37: CPU | V37: 1 | W37: CPU_POPIO_VIEW[0] | X37: 0
A38: 35 | B38: D1_TC_TD03__CPU_POPIO_VIEW1 | C38: BA3 | D38: J1605.CS2 | E38: J1605.063 | M38: 4012.9882 | N38: 4012.9882 | O38: L11_INT1_HS1 | P38: 35 | Q38: BA3 | R38: CPU_POPIO_VIEW[1] | S38: CPU | V38: 1 | W38: CPU_POPIO_VIEW[1] | X38: 0
A39: 36 | B39: D1_TC_TD02__CPU_POPIRCOMP__TC | C39: AT16 | D39: J1605.AS14 | E39: J1605.084 | F39: RA136.2 | G39: RA135.1 | H39: RA135.2 | L39: 3991.9646 | M39: 1224.6496 | N39: 5216.6142 | O39: L11_INT1_HS1/L11_INT1_HS1 | P39: 36 | Q39: AT16 | R39: CPU_POPIRCOMP | S39: CPU | U39: 1 | W39: CPU_POPIRCOMP | X39: 0
A40: 37 | B40: D1_TC_TD01__CPUPWRGD | C40: A68 | D40: J1508.DS9 | E40: J1508.052 | M40: 10379.252 | N40: 10379.252 | O40: L24_INT6 | P40: 37 | Q40: A68 | R40: CPUPWRGD | S40: PCH | W40: CPUPWRGD | X40: 1
A41: 38 | B41: D1_TC_SH33_TD01__CSI2_CLKN_0_3__DDR0_DDR1_CLK_N0__TC | C41: C37 | D41: J1504.AS7 | E41: J1504.122 | F41: KA103.4 | G41: KA103.2 | L41: 5943.0512 | M41: 13581.236 | N41: 19524.287 | O41: L28_INT8/L11_INT1_HS1 | P41: 38 | Q41: C37 | R41: CSI2_CLKN_0 | S41: PCH | W41: CSI2_CLKN_0 | X41: 1 | Z41: Y-conntion: CLKN[0:3]
A42: 39 | B42: D1_TC_SH33_TD01__CSI2_CLKN_0_3__DDR0_DDR1_CLK_N0__TC | C42: C32 | D42: J1504.AS7 | E42: J1504.122 | F42: KA103.4 | G42: KA103.2 | L42: 5943.0512 | M42: 13581.236 | N42: 19524.287 | O42: L28_INT8/L11_INT1_HS1 | P42: 39 | Q42: C32 | R42: CSI2_CLKN_1 | S42: PCH | W42: CSI2_CLKN_1 | X42: 0 | Z42: Y-conntion: CLKN[0:3]
A43: 40 | B43: D1_TC_SH33_TD01__CSI2_CLKN_0_3__DDR0_DDR1_CLK_N0__TC | C43: C29 | D43: J1504.AS7 | E43: J1504.122 | F43: KA103.4 | G43: KA103.2 | L43: 5943.0512 | M43: 13581.236 | N43: 19524.287 | O43: L28_INT8/L11_INT1_HS1 | P43: 40 | Q43: C29 | R43: CSI2_CLKN_2 | S43: PCH | W43: CSI2_CLKN_2 | X43: 0 | Z43: Y-conntion: CLKN[0:3]
A44: 41 | B44: D1_TC_SH33_TD01__CSI2_CLKN_0_3__DDR0_DDR1_CLK_N0__TC | C44: B26 | D44: J1504.AS7 | E44: J1504.122 | F44: KA103.4 | G44: KA103.2 | L44: 5943.0512 | M44: 13581.236 | N44: 19524.287 | O44: L28_INT8/L11_INT1_HS1 | P44: 41 | Q44: B26 | R44: CSI2_CLKN_3 | S44: PCH | W44: CSI2_CLKN_3 | X44: 0 | Z44: Y-conntion: CLKN[0:3]
A45: 42 | B45: D1_TC_SH34_TD01__CSI2_CLKP_0_3__DDR0_DDR1_CLK_N1__TC | C45: D37 | D45: J1505.DS4 | E45: J1505.060 | F45: KA103.6 | G45: KA103.8 | L45: 5943.3976 | M45: 13582.224 | N45: 19525.622 | O45: L24_INT6/L11_INT1_HS1 | P45: 42 | Q45: D37 | R45: CSI2_CLKP_0 | S45: PCH | W45: CSI2_CLKP_0 | X45: 1 | Z45: Y-conntion: CLKP[0:3]
A46: 43 | B46: D1_TC_SH34_TD01__CSI2_CLKP_0_3__DDR0_DDR1_CLK_N1__TC | C46: D32 | D46: J1505.DS4 | E46: J1505.060 | F46: KA103.6 | G46: KA103.8 | L46: 5943.3976 | M46: 13582.224 | N46: 19525.622 | O46: L24_INT6/L11_INT1_HS1 | P46: 43 | Q46: D32 | R46: CSI2_CLKP_1 | S46: PCH | W46: CSI2_CLKP_1 | X46: 0 | Z46: Y-conntion: CLKP[0:3]
A47: 44 | B47: D1_TC_SH34_TD01__CSI2_CLKP_0_3__DDR0_DDR1_CLK_N1__TC | C47: D29 | D47: J1505.DS4 | E47: J1505.060 | F47: KA103.6 | G47: KA103.8 | L47: 5943.3976 | M47: 13582.224 | N47: 19525.622 | O47: L24_INT6/L11_INT1_HS1 | P47: 44 | Q47: D29 | R47: CSI2_CLKP_2 | S47: PCH | W47: CSI2_CLKP_2 | X47: 0 | Z47: Y-conntion: CLKP[0:3]
A48: 45 | B48: D1_TC_SH34_TD01__CSI2_CLKP_0_3__DDR0_DDR1_CLK_N1__TC | C48: A26 | D48: J1505.DS4 | E48: J1505.060 | F48: KA103.6 | G48: KA103.8 | L48: 5943.3976 | M48: 13582.224 | N48: 19525.622 | O48: L24_INT6/L11_INT1_HS1 | P48: 45 | Q48: A26 | R48: CSI2_CLKP_3 | S48: PCH | W48: CSI2_CLKP_3 | X48: 0 | Z48: Y-conntion: CLKP[0:3]
A49: 46 | B49: - | C49: E13 | F49: RA120.2 | P49: 46 | Q49: E13 | R49: CSI2_COMP | S49: PCH | W49: CSI2_COMP | X49: 0
A50: 47 | B50: D1_TC_SH35_TD01__CSI2_DN_0_4_8__DDR0_DDR1_CLK_P0__TC | C50: A36 | D50: J1506.DS1 | E50: J1506.022 | F50: KA104.4 | G50: KA104.2 | L50: 7873.8543 | M50: 13109.248 | N50: 20983.102 | O50: L30_INT9/L17_INT4_HS4 | P50: 47 | Q50: A36 | R50: CSI2_DN_0 | S50: PCH | W50: CSI2_DN_0 | X50: 1 | Z50: Y-connection: 0,4,8
A51: 48 | B51: D1_TC_SH36_TD01__CSI2_DN_1_5_9__DDR0_DDR1_CLK_P1__TC | C51: C38 | D51: J1506.BS3 | E51: J1506.025 | F51: KA104.6 | G51: KA104.8 | L51: 7439.8386 | M51: 13109.169 | N51: 20549.008 | O51: L30_INT9/L17_INT4_HS4 | P51: 48 | Q51: C38 | R51: CSI2_DN_1 | S51: PCH | W51: CSI2_DN_1 | X51: 1 | Z51: Y-connection: 1, 5, 9
A52: 49 | B52: D1_TC_SH37_TD01__CSI2_DN_2_6_10__DDR0_DDR1_ODT0__TC | C52: A27 | D52: J1507.BS9 | E52: J1507.125 | F52: KA105.4 | G52: KA105.2 | L52: 5669.1339 | M52: 13109.98 | N52: 18779.114 | O52: L26_INT7/L17_INT4_HS4 | P52: 49 | Q52: A27 | R52: CSI2_DN_10 | S52: PCH | W52: CSI2_DN_10 | X52: 1 | Z52: Y-connection: 2, 6, 10
A53: 50 | B53: D1_TC_SH38_TD01__CSI2_DN_3_7_11__DDR0_DDR1_BA0_CAB4__TC | C53: C27 | D53: J1507.BS2 | E53: J1507.111 | F53: KA105.6 | G53: KA105.8 | L53: 4920.6181 | M53: 13108.76 | N53: 18029.378 | O53: L24_INT6/L17_INT4_HS4 | P53: 50 | Q53: C27 | R53: CSI2_DN_11 | S53: PCH | W53: CSI2_DN_11 | X53: 1 | Z53: Y-connection: 3, 7, 11
A54: 51 | B54: D1_TC_SH37_TD01__CSI2_DN_2_6_10__DDR0_DDR1_ODT0__TC | C54: C36 | D54: J1507.BS9 | E54: J1507.125 | F54: KA105.4 | G54: KA105.2 | L54: 5669.1339 | M54: 13109.98 | N54: 18779.114 | O54: L26_INT7/L17_INT4_HS4 | P54: 51 | Q54: C36 | R54: CSI2_DN_2 | S54: PCH | W54: CSI2_DN_2 | X54: 0 | Z54: Y-connection: 2, 6, 10
A55: 52 | B55: D1_TC_SH38_TD01__CSI2_DN_3_7_11__DDR0_DDR1_BA0_CAB4__TC | C55: A38 | D55: J1507.BS2 | E55: J1507.111 | F55: KA105.6 | G55: KA105.8 | L55: 4920.6181 | M55: 13108.76 | N55: 18029.378 | O55: L24_INT6/L17_INT4_HS4 | P55: 52 | Q55: A38 | R55: CSI2_DN_3 | S55: PCH | W55: CSI2_DN_3 | X55: 0 | Z55: Y-connection: 3, 7, 11
A56: 53 | B56: D1_TC_SH35_TD01__CSI2_DN_0_4_8__DDR0_DDR1_CLK_P0__TC | C56: C31 | D56: J1506.DS1 | E56: J1506.022 | F56: KA104.4 | G56: KA104.2 | L56: 7873.8543 | M56: 13109.248 | N56: 20983.102 | O56: L30_INT9/L17_INT4_HS4 | P56: 53 | Q56: C31 | R56: CSI2_DN_4 | S56: PCH | W56: CSI2_DN_4 | X56: 0 | Z56: Y-connection: 0,4,8
A57: 54 | B57: D1_TC_SH36_TD01__CSI2_DN_1_5_9__DDR0_DDR1_CLK_P1__TC | C57: C33 | D57: J1506.BS3 | E57: J1506.025 | F57: KA104.6 | G57: KA104.8 | L57: 7439.8386 | M57: 13109.169 | N57: 20549.008 | O57: L30_INT9/L17_INT4_HS4 | P57: 54 | Q57: C33 | R57: CSI2_DN_5 | S57: PCH | W57: CSI2_DN_5 | X57: 0 | Z57: Y-connection: 1, 5, 9
A58: 55 | B58: D1_TC_SH37_TD01__CSI2_DN_2_6_10__DDR0_DDR1_ODT0__TC | C58: A31 | D58: J1507.BS9 | E58: J1507.125 | F58: KA105.4 | G58: KA105.2 | L58: 5669.1339 | M58: 13109.98 | N58: 18779.114 | O58: L26_INT7/L17_INT4_HS4 | P58: 55 | Q58: A31 | R58: CSI2_DN_6 | S58: PCH | W58: CSI2_DN_6 | X58: 0 | Z58: Y-connection: 2, 6, 10
A59: 56 | B59: D1_TC_SH38_TD01__CSI2_DN_3_7_11__DDR0_DDR1_BA0_CAB4__TC | C59: A33 | D59: J1507.BS2 | E59: J1507.111 | F59: KA105.6 | G59: KA105.8 | L59: 4920.6181 | M59: 13108.76 | N59: 18029.378 | O59: L24_INT6/L17_INT4_HS4 | P59: 56 | Q59: A33 | R59: CSI2_DN_7 | S59: PCH | W59: CSI2_DN_7 | X59: 0 | Z59: Y-connection: 3, 7, 11
A60: 57 | B60: D1_TC_SH35_TD01__CSI2_DN_0_4_8__DDR0_DDR1_CLK_P0__TC | C60: A29 | D60: J1506.DS1 | E60: J1506.022 | F60: KA104.4 | G60: KA104.2 | L60: 7873.8543 | M60: 13109.248 | N60: 20983.102 | O60: L30_INT9/L17_INT4_HS4 | P60: 57 | Q60: A29 | R60: CSI2_DN_8 | S60: PCH | W60: CSI2_DN_8 | X60: 0 | Z60: Y-connection: 0,4,8
A61: 58 | B61: D1_TC_SH36_TD01__CSI2_DN_1_5_9__DDR0_DDR1_CLK_P1__TC | C61: C28 | D61: J1506.BS3 | E61: J1506.025 | F61: KA104.6 | G61: KA104.8 | L61: 7439.8386 | M61: 13109.169 | N61: 20549.008 | O61: L30_INT9/L17_INT4_HS4 | P61: 58 | Q61: C28 | R61: CSI2_DN_9 | S61: PCH | W61: CSI2_DN_9 | X61: 0 | Z61: Y-connection: 1, 5, 9
... A73: 70 | B73: D1_TC_SH39_TD01__CSI2_DP_1_5_9__DDR0_DDR1_BA1_CAB6__TC | C73: D28 | D73: J1504.DS3 | E73: J1504.106 | F73: KA106.4 | G73: KA106.2 | L73: 7439.9252 | M73: 13109.169 | N73: 20549.094 | O73: L11_INT1_HS1/L13_INT2_HS2 | P73: 70 | Q73: D28 | R73: CSI2_DP_9 | S73: PCH | W73: CSI2_DP_9 | X73: 0 | Z73: Y-connection: 1, 5, 9
A74: 71 | B74: D1_TC_DP39_TD03__DDI1_AUXN | C74: G50 | D74: J1605.DS2 | E74: J1605.064 | M74: 19999.083 | N74: 19999.083 | O74: L32_INT10 | P74: 71 | Q74: G50 | R74: DDI1_AUXN | S74: CPU | V74: 1 | W74: DDI1_AUXN | X74: 0
A75: 72 | B75: D1_TC_DP39_TD03__DDI1_AUXP | C75: F50 | D75: J1605.DS3 | E75: J1605.062 | M75: 19998.992 | N75: 19998.992 | O75: L32_INT10 | P75: 72 | Q75: F50 | R75: DDI1_AUXP | S75: CPU | V75: 1 | W75: DDI1_AUXP | X75: 0
A76: 73 | B76: D1_TC_DP54_SH02_TD03__NOA_N2__DDI1_TXN0__TC | C76: E55 | D76: J1604.DS4 | E76: J1604.016 | F76: KA123.7 | G76: KA123.8 | L76: 12952.201 | M76: 7046.5039 | N76: 19998.705 | O76: L28_INT8/L26_INT7 | P76: 73 | Q76: E55 | R76: DDI1_TXN[0] | S76: CPU | V76: 1 | W76: DDI1_TXN[0] | X76: 0 | Z76: NOA_N[2] SHARING WITH RELAY
A77: 74 | B77: D1_TC_DP55_SH04_TD03__NOA_N3__DDI1_TXN1__TC | C77: E58 | D77: J1604.AS3 | E77: J1604.026 | F77: KA124.7 | G77: KA124.8 | L77: 11219.965 | M77: 8778.7874 | N77: 19998.752 | O77: L15_INT3_HS3/L30_INT9 | P77: 74 | Q77: E58 | R77: DDI1_TXN[1] | S77: CPU | V77: 1 | W77: DDI1_TXN[1] | X77: 0 | Z77: NOA_N[3] SHARING WITH RELAY
A78: 75 | B78: D1_TC_DP56_SH06_TD03__NOA_N4__DDI1_TXN2__TC | C78: F53 | D78: J1605.CS8 | E78: J1605.053 | F78: KA125.7 | G78: KA125.8 | L78: 11337.917 | M78: 8659.5827 | N78: 19997.5 | O78: L11_INT1_HS1/L26_INT7 | P78: 75 | Q78: F53 | R78: DDI1_TXN[2] | S78: CPU | V78: 1 | W78: DDI1_TXN[2] | X78: 0 | Z78: NOA_N[4] SHARING WITH RELAY
A79: 76 | B79: D1_TC_DP57_SH08_TD03__NOA_N5__DDI1_TXN3__TC | C79: F56 | D79: J1604.CS2 | E79: J1604.019 | F79: KA126.7 | G79: KA126.8 | L79: 11219.283 | M79: 8778.0157 | N79: 19997.299 | O79: L11_INT1_HS1/L30_INT9 | P79: 76 | Q79: F56 | R79: DDI1_TXN[3] | S79: CPU | V79: 1 | W79: DDI1_TXN[3] | X79: 0 | Z79: NOA_N[5] SHARING WITH RELAY
A80: 77 | B80: D1_TC_DP54_SH01_TD03__NOA_N6__DDI1_TXP0__TC | C80: F55 | D80: J1604.DS3 | E80: J1604.018 | F80: KA123.3 | G80: KA123.2 | L80: 12952.26 | M80: 7045.9685 | N80: 19998.228 | O80: L28_INT8/L26_INT7 | P80: 77 | Q80: F55 | R80: DDI1_TXP[0] | S80: CPU | V80: 1 | W80: DDI1_TXP[0] | X80: 0 | Z80: NOA_N[6] SHARING WITH RELAY
A81: 78 | B81: D1_TC_DP55_SH03_TD03__NOA_N7__DDI1_TXP1__TC | C81: F58 | D81: J1604.AS2 | E81: J1604.024 | F81: KA124.3 | G81: KA124.2 | L81: 11218.957 | M81: 8778.4567 | N81: 19997.413 | O81: L15_INT3_HS3/L30_INT9 | P81: 78 | Q81: F58 | R81: DDI1_TXP[1] | S81: CPU | V81: 1 | W81: DDI1_TXP[1] | X81: 0 | Z81: NOA_N[7] SHARING WITH RELAY
A82: 79 | B82: D1_TC_DP56_SH05_TD03__NOA_N8__DDI1_TXP2__TC | C82: G53 | D82: J1605.CS7 | E82: J1605.055 | F82: KA125.3 | G82: KA125.2 | L82: 11337.72 | M82: 8659.9252 | N82: 19997.646 | O82: L11_INT1_HS1/L26_INT7 | P82: 79 | Q82: G53 | R82: DDI1_TXP[2] | S82: CPU | V82: 1 | W82: DDI1_TXP[2] | X82: 0 | Z82: NOA_N[8] SHARING WITH RELAY
A83: 80 | B83: D1_TC_DP57_SH07_TD03__NOA_N9__DDI1_TXP3__TC | C83: G56 | D83: J1604.CS1 | E83: J1604.021 | F83: KA126.3 | G83: KA126.2 | L83: 11219.902 | M83: 8779.3465 | N83: 19999.248 | O83: L11_INT1_HS1/L30_INT9 | P83: 80 | Q83: G56 | R83: DDI1_TXP[3] | S83: CPU | V83: 1 | W83: DDI1_TXP[3] | X83: 0 | Z83: NOA_N[9] SHARING WITH RELAY
A84: 81 | B84: D1_TC_DP116_SH53_TD03__DDI2_AUXN__DDI3_AUXN__TC | C84: E48 | D84: J1604.CS4 | E84: J1604.015 | F84: KA146.4 | G84: KA146.2 | L84: 9841.7205 | M84: 10156.429 | N84: 19998.15 | O84: L13_INT2_HS2/L24_INT6 | P84: 81 | Q84: E48 | R84: DDI2_AUXN | S84: CPU | V84: 1 | W84: DDI2_AUXN | X84: 0 | Z84: relayed with DDI3_AUXN
A85: 82 | B85: D1_TC_DP116_SH54_TD03__DDI2_AUXP__DDI3_AUXP__TC | C85: F48 | D85: J1604.CS3 | E85: J1604.017 | F85: KA146.6 | G85: KA146.8 | L85: 9841.9567 | M85: 10156.461 | N85: 19998.417 | O85: L13_INT2_HS2/L24_INT6 | P85: 82 | Q85: F48 | R85: DDI2_AUXP | S85: CPU | V85: 1 | W85: DDI2_AUXP | X85: 0 | Z85: relayed with DDI3_AUXP
A86: 83 | B86: D1_TC_DP58_SH10_TD03__NOA_N10__DDI2_TXN0__TC | C86: C50 | D86: J1604.DS9 | E86: J1604.008 | F86: KA127.7 | G86: KA127.8 | L86: 12951.563 | M86: 7046.2756 | N86: 19997.839 | O86: L17_INT4_HS4/L26_INT7 | P86: 83 | Q86: C50 | R86: DDI2_TXN[0] | S86: CPU | V86: 1 | W86: DDI2_TXN[0] | X86: 0 | Z86: NOA_N[10] SHARING WITH RELAY
A87: 84 | B87: D1_TC_DP59_SH12_TD03__NOA_N11__DDI2_TXN1__TC | C87: C52 | D87: J1604.BS2 | E87: J1604.023 | F87: KA128.7 | G87: KA128.8 | L87: 12954.768 | M87: 7046.8937 | N87: 20001.661 | O87: L28_INT8/L24_INT6 | P87: 84 | Q87: C52 | R87: DDI2_TXN[1] | S87: CPU | V87: 1 | W87: DDI2_TXN[1] | X87: 0 | Z87: NOA_N[11] SHARING WITH RELAY
... A93: 90 | B93: D1_TC_DP61_SH15_TD03__NOA_STBP1__DDI2_TXP3__TC | C93: C51 | D93: J1604.DS1 | E93: J1604.022 | F93: KA130.3 | G93: KA130.2 | L93: 13346.299 | M93: 6652.2913 | N93: 19998.591 | O93: L13_INT2_HS2/L30_INT9 | P93: 90 | Q93: C51 | R93: DDI2_TXP[3] | S93: CPU | V93: 1 | W93: DDI2_TXP[3] | X93: 0 | Z93: NOA_STBP[1] SHARING WITH RELAY
A94: 91 | B94: D1_TC_DP116_SH53_TD03__DDI2_AUXN__DDI3_AUXN__TC | C94: G46 | D94: J1604.CS4 | E94: J1604.015 | F94: KA146.3 | G94: KA146.2 | L94: 9841.7205 | M94: 10155.965 | N94: 19997.685 | O94: L11_INT1_HS1/L24_INT6 | P94: 91 | Q94: G46 | R94: DDI3_AUXN | S94: CPU | V94: 0 | Z94: relayed with DDI2_AUXN
A95: 92 | B95: D1_TC_DP116_SH54_TD03__DDI2_AUXP__DDI3_AUXP__TC | C95: F46 | D95: J1604.CS3 | E95: J1604.017 | F95: KA146.7 | G95: KA146.8 | L95: 9841.9567 | M95: 10155.996 | N95: 19997.953 | O95: L11_INT1_HS1/L24_INT6 | P95: 92 | Q95: F46 | R95: DDI3_AUXP | S95: CPU | V95: 0 | Z95: relayed with DDI2_AUXP
A96: 93 | B96: D1_TC_TD03__DDR_COMP0__TC | C96: AR18 | D96: J1604.BS8 | E96: J1604.035 | F96: RA105.1 | G96: RA104.2 | H96: RA104.1 | L96: 7368.878 | M96: 1682.1024 | N96: 9050.9803 | O96: L17_INT4_HS4/L13_INT2_HS2 | P96: 93 | Q96: AR18 | R96: DDR_COMP[0] | S96: CPU | V96: 1 | W96: DDR_COMP[0] | X96: 0
A97: 94 | B97: D1_TC_TD03__DDR_COMP1__TC | C97: AT18 | D97: J1604.CS9 | E97: J1604.007 | F97: RA107.1 | G97: RA106.2 | H97: RA106.1 | L97: 7992.6024 | M97: 1056.1772 | N97: 9048.7795 | O97: L17_INT4_HS4/L13_INT2_HS2 | P97: 94 | Q97: AT18 | R97: DDR_COMP[1] | S97: CPU | V97: 1 | W97: DDR_COMP[1] | X97: 0
A98: 95 | B98: D1_TC_TD03__DDR_COMP2__TC | C98: AU18 | D98: J1604.AS8 | E98: J1604.036 | F98: RA109.1 | G98: RA108.2 | H98: RA108.1 | L98: 8051.2362 | M98: 1012.2953 | N98: 9063.5315 | O98: L11_INT1_HS1/L13_INT2_HS2 | P98: 95 | Q98: AU18 | R98: DDR_COMP[2] | S98: CPU | V98: 1 | W98: DDR_COMP[2] | X98: 0
A99: 96 | B99: D1_TC_TD03__DDR_VIEW0 | C99: BB68 | D99: J1605.CS14 | E99: J1605.041 | M99: 13024.126 | N99: 13024.126 | O99: L15_INT3_HS3 | P99: 96 | Q99: BB68 | R99: DDR_VIEW[0] | S99: CPU | V99: 1 | W99: DDR_VIEW[0] | X99: 0
A100: 97 | B100: D1_TC_TD03__DDR_VIEW1 | C100: BB69 | D100: J1605.CS13 | E100: J1605.043 | M100: 12905.378 | N100: 12905.378 | O100: L15_INT3_HS3 | P100: 97 | Q100: BB69 | R100: DDR_VIEW[1] | S100: CPU | V100: 1 | W100: DDR_VIEW[1] | X100: 0
A101: 98 | B101: D1_TC_TD03__DDR_VREF_CA__TC | C101: AY67 | D101: J1604.DS13 | E101: J1604.004 | F101: KA120.8 | G101: KA120.5 | L101: 4244.3898 | M101: 1631.9134 | N101: 5876.3031 | O101: L11_INT1_HS1/L15_INT3_HS3 | P101: 98 | Q101: AY67 | R101: DDR_VREF_CA | S101: CPU | V101: 1 | W101: DDR_VREF_CA | X101: 0
A102: 99 | B102: D1_TC_TD03__DDR_VREF_DQ0__TC | C102: AY68 | D102: J1604.BS9 | E102: J1604.037 | F102: KA121.8 | G102: KA121.5 | L102: 3440.8504 | M102: 1888.1024 | N102: 5328.9528 | O102: L11_INT1_HS1/L15_INT3_HS3 | P102: 99 | Q102: AY68 | R102: DDR_VREF_DQ[0] | S102: CPU | V102: 1 | W102: DDR_VREF_DQ[0] | X102: 0
A103: 100 | B103: D1_TC_TD03__DDR_VREF_DQ1__TC | C103: BA67 | D103: J1604.AS9 | E103: J1604.038 | F103: KA122.8 | G103: KA122.5 | L103: 2932.1496 | M103: 2217.874 | N103: 5150.0236 | O103: L11_INT1_HS1/L15_INT3_HS3 | P103: 100 | Q103: BA67 | R103: DDR_VREF_DQ[1] | S103: CPU | V103: 1 | W103: DDR_VREF_DQ[1] | X103: 0
A104: 101 | B104: D1_TC_TD02__DDR_VTT_CNTL | C104: AW67 | D104: J1606.DS2 | E104: J1606.108 | M104: 5026.3701 | N104: 5026.3701 | O104: L30_INT9 | P104: 101 | Q104: AW67 | R104: DDR_VTT_CNTL | S104: CPU | U104: 1 | W104: DDR_VTT_CNTL | X104: 0
A105: 102 | B105: D1_TC_TD02__DDR0_ALERT_N | C105: AW50 | D105: J1607.AS5 | E105: J1607.030 | M105: 5085.7283 | N105: 5085.7283 | O105: L30_INT9 | P105: 102 | Q105: AW50 | R105: DDR0_ALERT_N | S105: CPU | U105: 1 | W105: DDR0_ALERT_N | X105: 0
A106: 103 | B106: D1_TC_SH38_TD01__CSI2_DN_3_7_11__DDR0_DDR1_BA0_CAB4__TC | C106: AU52 | D106: J1507.BS2 | E106: J1507.111 | F106: KA105.7 | G106: KA105.8 | L106: 4920.6181 | M106: 13025.378 | N106: 17945.996 | O106: L26_INT7/L17_INT4_HS4 | P106: 103 | Q106: AU52 | R106: DDR0_BA[0]_CAB4 | S106: CPU | U106: 0 | W106: DDR0_BA[0]_CAB4 | X106: 0 | Z106: Y connected with DDR0 Shared with PCH
A107: 104 | B107: D1_TC_SH39_TD01__CSI2_DP_1_5_9__DDR0_DDR1_BA1_CAB6__TC | C107: AT48 | D107: J1504.DS3 | E107: J1504.106 | F107: KA106.3 | G107: KA106.2 | L107: 7439.9252 | M107: 12575.213 | N107: 20015.138 | O107: L17_INT4_HS4/L13_INT2_HS2 | P107: 104 | Q107: AT48 | R107: DDR0_BA[1]_CAB6 | S107: CPU | U107: 0 | W107: DDR0_BA[1]_CAB6 | X107: 0 | Z107: Y connected with DDR0 Shared with PCH
A108: 105 | B108: D1_TC_SH40_TD01__CSI2_DP_2_6_10__DDR0_DDR1_BA2_CAA5_BG0__TC | C108: AY55 | D108: J1505.BS5 | E108: J1505.073 | F108: KA106.7 | G108: KA106.8 | L108: 5667.8622 | M108: 12930.48 | N108: 18598.343 | O108: L11_INT1_HS1/L13_INT2_HS2 | P108: 105 | Q108: AY55 | R108: DDR0_BA[2]_CAA5_BG0 | S108: CPU | U108: 0 | W108: DDR0_BA[2]_CAA5_BG0 | X108: 0 | Z108: Y connected with DDR0 Shared with PCH
A109: 106 | B109: D1_TC_TD02__DDR0_CAS_N_CAB1_MA15 | C109: AU48 | D109: J1606.DS9 | E109: J1606.096 | M109: 4963.7402 | N109: 4963.7402 | O109: L28_INT8 | P109: 106 | Q109: AU48 | R109: DDR0_CAS_N_CAB1_MA15 | S109: CPU | U109: 1 | W109: DDR0_CAS_N_CAB1_MA15 | X109: 0
A110: 107 | B110: D1_TC_DP117_SH29_TD01__CLKOUT_ITPXDP_N__DDR0_DDR1_CKE0__TC | C110: BA56 | D110: J1508.DS14 | E110: J1508.042 | F110: KA101.3 | G110: KA101.2 | L110: 4605.1496 | M110: 9908.3819 | N110: 14513.531 | O110: L11_INT1_HS1/L13_INT2_HS2 | P110: 107 | Q110: BA56 | R110: DDR0_CKE[0] | S110: CPU | U110: 0 | W110: DDR0_CKE[0] | X110: 0 | Z110: Y connected with DDR0 Shared with PCH
A111: 108 | B111: D1_TC_DP117_SH30_TD01__CLKOUT_ITPXDP_P__DDR0_DDR1_CKE1__TC | C111: BB56 | D111: J1508.CS14 | E111: J1508.041 | F111: KA101.7 | G111: KA101.8 | L111: 4605.1339 | M111: 9867.6772 | N111: 14472.811 | O111: L30_INT9/L13_INT2_HS2 | P111: 108 | Q111: BB56 | R111: DDR0_CKE[1] | S111: CPU | U111: 0 | W111: DDR0_CKE[1] | X111: 0 | Z111: Y connected with DDR0 Shared with PCH
A112: 109 | B112: D1_TC_SH31_TD01__CLKOUT_SRC_N_0_5__DDR0_DDR1_CKE2__TC | C112: AW56 | D112: J1505.BS6 | E112: J1505.075 | F112: KA102.3 | G112: KA102.2 | L112: 6494.9252 | M112: 13704.327 | N112: 20199.252 | O112: L17_INT4_HS4/L11_INT1_HS1 | P112: 109 | Q112: AW56 | R112: DDR0_CKE[2] | S112: CPU | U112: 0 | W112: DDR0_CKE[2] | X112: 0 | Z112: Y connected with DDR0 Shared with PCH
A113: 110 | B113: D1_TC_SH32_TD01__CLKOUT_SRC_P_0_5__DDR0_DDR1_CKE3__TC | C113: AY56 | D113: J1505.CS4 | E113: J1505.059 | F113: KA102.7 | G113: KA102.8 | L113: 6494.9606 | M113: 13381.728 | N113: 19876.689 | O113: L15_INT3_HS3/L11_INT1_HS1 | P113: 110 | Q113: AY56 | R113: DDR0_CKE[3] | S113: CPU | U113: 0 | W113: DDR0_CKE[3] | X113: 0 | Z113: Y connected with DDR0 Shared with PCH
A114: 111 | B114: D1_TC_SH33_TD01__CSI2_CLKN_0_3__DDR0_DDR1_CLK_N0__TC | C114: AU53 | D114: J1504.AS7 | E114: J1504.122 | F114: KA103.3 | G114: KA103.2 | L114: 5943.0512 | M114: 13548.508 | N114: 19491.559 | O114: L15_INT3_HS3/L11_INT1_HS1 | P114: 111 | Q114: AU53 | R114: DDR0_CLK_N[0] | S114: CPU | U114: 0 | W114: DDR0_CLK_N[0] | X114: 0 | Z114: Y connected with DDR0 Shared with PCH
A115: 112 | B115: D1_TC_SH34_TD01__CSI2_CLKP_0_3__DDR0_DDR1_CLK_N1__TC | C115: AU55 | D115: J1505.DS4 | E115: J1505.060 | F115: KA103.7 | G115: KA103.8 | L115: 5943.3976 | M115: 13502.126 | N115: 19445.524 | O115: L30_INT9/L11_INT1_HS1 | P115: 112 | Q115: AU55 | R115: DDR0_CLK_N[1] | S115: CPU | U115: 0 | W115: DDR0_CLK_N[1] | X115: 0 | Z115: Y connected with DDR0 Shared with PCH
A116: 113 | B116: D1_TC_SH35_TD01__CSI2_DN_0_4_8__DDR0_DDR1_CLK_P0__TC | C116: AT53 | D116: J1506.DS1 | E116: J1506.022 | F116: KA104.3 | G116: KA104.2 | L116: 7873.8543 | M116: 12454.87 | N116: 20328.724 | O116: L26_INT7/L17_INT4_HS4 | P116: 113 | Q116: AT53 | R116: DDR0_CLK_P[0] | S116: CPU | U116: 0 | W116: DDR0_CLK_P[0] | X116: 0 | Z116: Y connected with DDR0 Shared with PCH
...

Sheet Pinlist(S3)
B1: ITTO-620-0089 SKL ULT 2+2 X6 | O1: 41787 | R1: ULT 2+2 | S1: Avaliable | U1: 192 | V1: 64 | W1: ULX | X1: 256
S2: Used | U2: 191 | V2: 64 | X2: 256 | Z2: 0
A3: Sort | B3: Function | C3: Land# | D3: Channel/Tester No | F3: Components | L3: Minor Length | M3: Major Length | N3: Total Length | O3: Trace Layer | P3: Sort | Q3: XY | R3: PIN NAME | S3: DIE | T3: Power supply | U3: DDR TD | V3: Legacy TD | W3: NET | X3: PCH | Z3: Coment
A4: 1 | B4: D3_TC_SH60_TD01__AZA_BCLK_SSP0_SCLK__GPP_F_14_EMMC_DATA1__TC | C4: AY22 | D4: J1805.CS13 | E4: J1805.043 | F4: KC142.6 | G4: KC142.8 | L4: 12187.945 | M4: 8574.0315 | N4: 20761.976 | O4: L13_INT2_HS2/L28_INT8 | P4: 1 | Q4: AY22 | R4: AZA_BCLK_SSP0_SCLK | S4: PCH | W4: AZA_BCLK_SSP0_SCLK | X4: 1 | Z4: PCH-PCH relay with GPP_F_14
A5: 2 | B5: - | C5: BA4 | P5: 2 | Q5: BA4 | R5: AZA_PLLMON_N | S5: PCH | W5: AZA_PLLMON_N | X5: 0
A6: 3 | B6: - | C6: BB4 | P6: 3 | Q6: BB4 | R6: AZA_PLLMON_P | S6: PCH | W6: AZA_PLLMON_P | X6: 0
A7: 4 | B7: D3_TC_SH64_TD01__AZA_RSTB_SSP1_SCLK__GPP_F_16_EMMC_DATA3__TC | C7: AW22 | D7: J1805.CS10 | E7: J1805.049 | F7: KC144.6 | G7: KC144.8 | L7: 9684.5157 | M7: 6992.0197 | N7: 16676.535 | O7: L13_INT2_HS2/L26_INT7 | P7: 4 | Q7: AW22 | R7: AZA_RSTB_SSP1_SCLK | S7: PCH | W7: AZA_RSTB_SSP1_SCLK | X7: 1 | Z7: PCH-PCH relay with GPP_F_16
A8: 5 | B8: D3_TC_SH56_TD01__AZA_SDI_0_SSP0_RXD__GPP_F_12_EMMC_CMD__TC | C8: BA21 | D8: J1805.DS13 | E8: J1805.044 | F8: KC140.6 | G8: KC140.8 | L8: 11830.772 | M8: 9658.3071 | N8: 21489.079 | O8: L15_INT3_HS3/L28_INT8 | P8: 5 | Q8: BA21 | R8: AZA_SDI_0_SSP0_RXD | S8: PCH | W8: AZA_SDI_0_SSP0_RXD | X8: 1 | Z8: PCH-PCH relay with GPP_F_12
A9: 6 | B9: D3_TC_SH66_TD01__AZA_SDI_1_SSP1_RXD__GPP_G_2_SD_DATA1__TC | C9: AY21 | D9: J1805.DS11 | E9: J1805.048 | F9: KC145.6 | G9: KC145.8 | L9: 8488.937 | M9: 7482.1772 | N9: 15971.114 | O9: L13_INT2_HS2/L26_INT7 | P9: 6 | Q9: AY21 | R9: AZA_SDI_1_SSP1_RXD | S9: PCH | W9: AZA_SDI_1_SSP1_RXD | X9: 1 | Z9: PCH-PCH relay with GPP_G_2
A10: 7 | B10: D3_TC_SH58_TD01__AZA_SDO_SSP0_TXD__GPP_F_13_EMMC_DATA0__TC | C10: BB22 | D10: J1805.DS14 | E10: J1805.042 | F10: KC141.6 | G10: KC141.8 | L10: 11800.969 | M10: 9507.374 | N10: 21308.343 | O10: L15_INT3_HS3/L28_INT8 | P10: 7 | Q10: BB22 | R10: AZA_SDO_SSP0_TXD | S10: PCH | W10: AZA_SDO_SSP0_TXD | X10: 1 | Z10: PCH-PCH relay with GPP_F_13
A11: 8 | B11: D3_TC_SH62_TD01__AZA_SYNC_SSP0_SFRM__GPP_F_15_EMMC_DATA2__TC | C11: BA22 | D11: J1804.CS9 | E11: J1804.007 | F11: KC143.6 | G11: KC143.8 | L11: 11151.827 | M11: 7568.2047 | N11: 18720.031 | O11: L13_INT2_HS2/L26_INT7 | P11: 8 | Q11: BA22 | R11: AZA_SYNC_SSP0_SFRM | S11: PCH | W11: AZA_SYNC_SSP0_SFRM | X11: 1 | Z11: PCH-PCH relay with GPP_F_15
A12: 9 | B12: D3_TC_TD03__CATERR_N | C12: D63 | D12: J1503.CS8 | E12: J1503.009 | M12: 7258.6181 | N12: 7258.6181 | O12: L19_INT5 | P12: 9 | Q12: D63 | R12: CATERR_N | S12: CPU | V12: 1 | W12: CATERR_N | X12: 0
A13: 10 | B13: D3_TC_DP117_SH29_TD01__CLKOUT_ITPXDP_N__DDR0_DDR1_CKE0__TC | C13: F43 | D13: J1804.CS14 | E13: J1804.001 | F13: TPC101.1 | G13: KC101.4 | H13: KC101.2 | L13: 7951.8071 | M13: 6888.7441 | N13: 14840.551 | O13: L19_INT5/L15_INT3_HS3 | P13: 10 | Q13: F43 | R13: CLKOUT_ITPXDP_N | S13: PCH | W13: CLKOUT_ITPXDP_N | X13: 1
A14: 11 | B14: D3_TC_DP117_SH30_TD01__CLKOUT_ITPXDP_P__DDR0_DDR1_CKE1__TC | C14: E43 | D14: J1804.CS13 | E14: J1804.003 | F14: TPC102.1 | G14: KC101.6 | H14: KC101.8 | L14: 7951.6496 | M14: 6888.6929 | N14: 14840.343 | O14: L19_INT5/L15_INT3_HS3 | P14: 11 | Q14: E43 | R14: CLKOUT_ITPXDP_P | S14: PCH | W14: CLKOUT_ITPXDP_P | X14: 1
A15: 12 | B15: D3_TC_SH31_TD01__CLKOUT_SRC_N_0_5__DDR0_DDR1_CKE2__TC | C15: D42 | D15: J1805.BS7 | E15: J1805.077 | F15: TPC103.1 | G15: KC102.4 | H15: KC102.2 | L15: 8030.4449 | M15: 7164.2677 | N15: 15194.713 | O15: L15_INT3_HS3/L11_INT1_HS1 | P15: 12 | Q15: D42 | R15: CLKOUT_SRC_N_0 | S15: PCH | X15: 1 | Z15: Y-conntion: N[0:5]
A16: 13 | B16: D3_TC_SH31_TD01__CLKOUT_SRC_N_0_5__DDR0_DDR1_CKE2__TC | C16: B42 | D16: J1805.BS7 | E16: J1805.077 | F16: TPC103.1 | G16: KC102.4 | H16: KC102.2 | L16: 8030.4449 | M16: 7164.2677 | N16: 15194.713 | O16: L15_INT3_HS3/L11_INT1_HS1 | P16: 13 | Q16: B42 | R16: CLKOUT_SRC_N_1 | S16: PCH | W16: CLKOUT_SRC_N_1 | X16: 0 | Z16: Y-conntion: N[0:5]
A17: 14 | B17: D3_TC_SH31_TD01__CLKOUT_SRC_N_0_5__DDR0_DDR1_CKE2__TC | C17: D41 | D17: J1805.BS7 | E17: J1805.077 | F17: TPC103.1 | G17: KC102.4 | H17: KC102.2 | L17: 8030.4449 | M17: 7164.2677 | N17: 15194.713 | O17: L15_INT3_HS3/L11_INT1_HS1 | P17: 14 | Q17: D41 | R17: CLKOUT_SRC_N_2 | S17: PCH | W17: CLKOUT_SRC_N_2 | X17: 0 | Z17: Y-conntion: N[0:5]
A18: 15 | B18: D3_TC_SH31_TD01__CLKOUT_SRC_N_0_5__DDR0_DDR1_CKE2__TC | C18: D40 | D18: J1805.BS7 | E18: J1805.077 | F18: TPC103.1 | G18: KC102.4 | H18: KC102.2 | L18: 8030.4449 | M18: 7164.2677 | N18: 15194.713 | O18: L15_INT3_HS3/L11_INT1_HS1 | P18: 15 | Q18: D40 | R18: CLKOUT_SRC_N_3 | S18: PCH | W18: CLKOUT_SRC_N_3 | X18: 0 | Z18: Y-conntion: N[0:5]
A19: 16 | B19: D3_TC_SH31_TD01__CLKOUT_SRC_N_0_5__DDR0_DDR1_CKE2__TC | C19: B40 | D19: J1805.BS7 | E19: J1805.077 | F19: TPC103.1 | G19: KC102.4 | H19: KC102.2 | L19: 8030.4449 | M19: 7164.2677 | N19: 15194.713 | O19: L15_INT3_HS3/L11_INT1_HS1 | P19: 16 | Q19: B40 | R19: CLKOUT_SRC_N_4 | S19: PCH | W19: CLKOUT_SRC_N_4 | X19: 0 | Z19: Y-conntion: N[0:5]
A20: 17 | B20: D3_TC_SH31_TD01__CLKOUT_SRC_N_0_5__DDR0_DDR1_CKE2__TC | C20: E40 | D20: J1805.BS7 | E20: J1805.077 | F20: TPC103.1 | G20: KC102.4 | H20: KC102.2 | L20: 8030.4449 | M20: 7164.2677 | N20: 15194.713 | O20: L15_INT3_HS3/L11_INT1_HS1 | P20: 17 | Q20: E40 | R20: CLKOUT_SRC_N_5 | S20: PCH | W20: CLKOUT_SRC_N_5 | X20: 0 | Z20: Y-conntion: N[0:5]
A21: 18 | B21: D3_TC_SH32_TD01__CLKOUT_SRC_P_0_5__DDR0_DDR1_CKE3__TC | C21: C42 | D21: J1805.BS9 | E21: J1805.081 | F21: TPC104.1 | G21: KC102.6 | H21: KC102.8 | L21: 8031.0079 | M21: 7164.5748 | N21: 15195.583 | O21: L26_INT7/L11_INT1_HS1 | P21: 18 | Q21: C42 | R21: CLKOUT_SRC_P_0 | S21: PCH | W21: CLKOUT_SRC_P_1 | X21: 1 | Z21: Y-conntion: P[0:5]
A22: 19 | B22: D3_TC_SH32_TD01__CLKOUT_SRC_P_0_5__DDR0_DDR1_CKE3__TC | C22: A42 | D22: J1805.BS9 | E22: J1805.081 | F22: TPC104.1 | G22: KC102.6 | H22: KC102.8 | L22: 8031.0079 | M22: 7164.5748 | N22: 15195.583 | O22: L26_INT7/L11_INT1_HS1 | P22: 19 | Q22: A42 | R22: CLKOUT_SRC_P_1 | S22: PCH | W22: CLKOUT_SRC_P_2 | X22: 0 | Z22: Y-conntion: P[0:5]
A23: 20 | B23: D3_TC_SH32_TD01__CLKOUT_SRC_P_0_5__DDR0_DDR1_CKE3__TC | C23: C41 | D23: J1805.BS9 | E23: J1805.081 | F23: TPC104.1 | G23: KC102.6 | H23: KC102.8 | L23: 8031.0079 | M23: 7164.5748 | N23: 15195.583 | O23: L26_INT7/L11_INT1_HS1 | P23: 20 | Q23: C41 | R23: CLKOUT_SRC_P_2 | S23: PCH | W23: CLKOUT_SRC_P_3 | X23: 0 | Z23: Y-conntion: P[0:5]
A24: 21 | B24: D3_TC_SH32_TD01__CLKOUT_SRC_P_0_5__DDR0_DDR1_CKE3__TC | C24: C40 | D24: J1805.BS9 | E24: J1805.081 | F24: TPC104.1 | G24: KC102.6 | H24: KC102.8 | L24: 8031.0079 | M24: 7164.5748 | N24: 15195.583 | O24: L26_INT7/L11_INT1_HS1 | P24: 21 | Q24: C40 | R24: CLKOUT_SRC_P_3 | S24: PCH | W24: CLKOUT_SRC_P_4 | X24: 0 | Z24: Y-conntion: P[0:5]
A25: 22 | B25: D3_TC_SH32_TD01__CLKOUT_SRC_P_0_5__DDR0_DDR1_CKE3__TC | C25: A40 | D25: J1805.BS9 | E25: J1805.081 | F25: TPC104.1 | G25: KC102.6 | H25: KC102.8 | L25: 8031.0079 | M25: 7164.5748 | N25: 15195.583 | O25: L26_INT7/L11_INT1_HS1 | P25: 22 | Q25: A40 | R25: CLKOUT_SRC_P_4 | S25: PCH | W25: CLKOUT_SRC_P_5 | X25: 0 | Z25: Y-conntion: P[0:5]
A26: 23 | B26: D3_TC_SH32_TD01__CLKOUT_SRC_P_0_5__DDR0_DDR1_CKE3__TC | C26: E38 | D26: J1805.BS9 | E26: J1805.081 | F26: TPC104.1 | G26: KC102.6 | H26: KC102.8 | L26: 8031.0079 | M26: 7164.5748 | N26: 15195.583 | O26: L26_INT7/L11_INT1_HS1 | P26: 23 | Q26: E38 | R26: CLKOUT_SRC_P_5 | S26: PCH | W26: CPU_EDM[0] | X26: 0 | Z26: Y-conntion: P[0:5]
A27: 24 | B27: D3_TC_TD03__CPU_EDM0 | C27: A69 | D27: J1503.BS8 | E27: J1503.035 | M27: 9212.7756 | N27: 9212.7756 | O27: L30_INT9 | P27: 24 | Q27: A69 | R27: CPU_EDM[0] | S27: CPU | V27: 1 | W27: CPU_EDM[1] | X27: 0
A28: 25 | B28: D3_TC_TD03__CPU_EDM1 | C28: B69 | D28: J1503.AS9 | E28: J1503.038 | M28: 8925.7953 | N28: 8925.7953 | O28: L19_INT5 | P28: 25 | Q28: B69 | R28: CPU_EDM[1] | S28: CPU | V28: 1
A29: 26 | B29: - | C29: H65 | P29: 26 | Q29: H65 | R29: CPU_EOPIO_RCOMP | S29: EDRAM | U29: 0 | V29: 0 | Z29: Added from ULX but it is EDRAM
A30: 27 | B30: - | C30: BA70 | P30: 27 | Q30: BA70 | R30: CPU_EOPIO_VIEW[0] | S30: EDRAM | V30: 0 | Z30: Added from ULX but it is EDRAM
A31: 28 | B31: - | C31: BA68 | P31: 28 | Q31: BA68 | R31: CPU_EOPIO_VIEW[1] | S31: EDRAM | V31: 0 | Z31: Added from ULX but it is EDRAM
A32: 29 | B32: D3_TC_TD03__CPU_JTAG_TCK__TC | C32: B61 | D32: J1503.DS14 | E32: J1503.002 | F32: RC333.1 | G32: RC332.1 | H32: RC332.2 | L32: 9033.3858 | M32: 12200.429 | N32: 21233.815 | O32: L15_INT3_HS3 | P32: 29 | Q32: B61 | R32: CPU_JTAG_TCK | S32: CPU | V32: 1 | W32: CPU_JTAG_TCK | X32: 0
A33: 30 | B33: D3_TC_TD03__CPU_JTAG_TDI__TC | C33: D60 | D33: J1502.CS14 | E33: J1502.041 | F33: RC327.1 | G33: RC326.1 | H33: RC326.2 | L33: 9051.9961 | M33: 12179.921 | N33: 21231.917 | O33: L30_INT9/L15_INT3_HS3 | P33: 30 | Q33: D60 | R33: CPU_JTAG_TDI | S33: CPU | V33: 1 | W33: CPU_JTAG_TDI | X33: 0
A34: 31 | B34: D3_TC_TD03__CPU_JTAG_TDO__TC | C34: A61 | D34: J1502.DS13 | E34: J1502.044 | F34: RC321.1 | G34: RC320.1 | H34: RC320.2 | L34: 9030.7205 | M34: 12182.728 | N34: 21213.449 | O34: L15_INT3_HS3 | P34: 31 | Q34: A61 | R34: CPU_JTAG_TDO | S34: CPU | V34: 1 | W34: CPU_JTAG_TDO | X34: 0
A35: 32 | B35: D3_TC_TD03__CPU_JTAG_TMS__TC | C35: C60 | D35: J1502.CS13 | E35: J1502.043 | F35: RC330.1 | G35: RC329.1 | H35: RC329.2 | L35: 9033.622 | M35: 12183.516 | N35: 21217.138 | O35: L17_INT4_HS4/L15_INT3_HS3 | P35: 32 | Q35: C60 | R35: CPU_JTAG_TMS | S35: CPU | V35: 1 | W35: CPU_JTAG_TMS | X35: 0
A36: 33 | B36: D3_TC_TD03__CPU_JTAG_TRST_N__TC | C36: B59 | D36: J1502.DS14 | E36: J1502.042 | F36: RC324.1 | G36: RC323.1 | H36: RC323.2 | L36: 9031.8819 | M36: 12197.201 | N36: 21229.083 | O36: L30_INT9/L15_INT3_HS3 | P36: 33 | Q36: B59 | R36: CPU_JTAG_TRST_N | S36: CPU | V36: 1 | W36: CPU_JTAG_TRST_N | X36: 0
A37: 34 | B37: D3_TC_TD03__CPU_POPIO_VIEW0 | C37: BB2 | D37: J1502.DS3 | E37: J1502.062 | M37: 6992.6142 | N37: 6992.6142 | O37: L11_INT1_HS1 | P37: 34 | Q37: BB2 | R37: CPU_POPIO_VIEW[0] | S37: CPU | V37: 1 | W37: CPU_POPIO_VIEW[0] | X37: 0
A38: 35 | B38: D3_TC_TD03__CPU_POPIO_VIEW1 | C38: BA3 | D38: J1502.DS4 | E38: J1502.060 | M38: 6933.6457 | N38: 6933.6457 | O38: L11_INT1_HS1 | P38: 35 | Q38: BA3 | R38: CPU_POPIO_VIEW[1] | S38: CPU | V38: 1 | W38: CPU_POPIO_VIEW[1] | X38: 0
A39: 36 | B39: D3_TC_TD02__CPU_POPIRCOMP__TC | C39: AT16 | D39: J1803.CS14 | E39: J1803.085 | F39: RC136.2 | G39: RC135.1 | H39: RC135.2 | L39: 5198.189 | M39: 1182.9961 | N39: 6381.185 | O39: L11_INT1_HS1/L19_INT5 | P39: 36 | Q39: AT16 | R39: CPU_POPIRCOMP | S39: CPU | U39: 1 | W39: CPU_POPIRCOMP | X39: 0
A40: 37 | B40: D3_TC_TD01__CPUPWRGD | C40: A68 | D40: J1804.AS9 | E40: J1804.038 | M40: 6253.4291 | N40: 6253.4291 | O40: L26_INT7 | P40: 37 | Q40: A68 | R40: CPUPWRGD | S40: PCH | W40: CPUPWRGD | X40: 1
A41: 38 | B41: D3_TC_SH33_TD01__CSI2_CLKN_0_3__DDR0_DDR1_CLK_N0__TC | C41: C37 | D41: J1805.BS14 | E41: J1805.083 | F41: KC103.4 | G41: KC103.2 | L41: 6298.6457 | M41: 10746.689 | N41: 17045.335 | O41: L28_INT8/L17_INT4_HS4 | P41: 38 | Q41: C37 | R41: CSI2_CLKN_0 | S41: PCH | W41: CSI2_CLKN_0 | X41: 1 | Z41: Y-conntion: CLKN[0:3]
A42: 39 | B42: D3_TC_SH33_TD01__CSI2_CLKN_0_3__DDR0_DDR1_CLK_N0__TC | C42: C32 | D42: J1805.BS14 | E42: J1805.083 | F42: KC103.4 | G42: KC103.2 | L42: 6298.6457 | M42: 10746.689 | N42: 17045.335 | O42: L28_INT8/L17_INT4_HS4 | P42: 39 | Q42: C32 | R42: CSI2_CLKN_1 | S42: PCH | W42: CSI2_CLKN_1 | X42: 0 | Z42: Y-conntion: CLKN[0:3]
A43: 40 | B43: D3_TC_SH33_TD01__CSI2_CLKN_0_3__DDR0_DDR1_CLK_N0__TC | C43: C29 | D43: J1805.BS14 | E43: J1805.083 | F43: KC103.4 | G43: KC103.2 | L43: 6298.6457 | M43: 10746.689 | N43: 17045.335 | O43: L28_INT8/L17_INT4_HS4 | P43: 40 | Q43: C29 | R43: CSI2_CLKN_2 | S43: PCH | W43: CSI2_CLKN_2 | X43: 0 | Z43: Y-conntion: CLKN[0:3]
A44: 41 | B44: D3_TC_SH33_TD01__CSI2_CLKN_0_3__DDR0_DDR1_CLK_N0__TC | C44: B26 | D44: J1805.BS14 | E44: J1805.083 | F44: KC103.4 | G44: KC103.2 | L44: 6298.6457 | M44: 10746.689 | N44: 17045.335 | O44: L28_INT8/L17_INT4_HS4 | P44: 41 | Q44: B26 | R44: CSI2_CLKN_3 | S44: PCH | W44: CSI2_CLKN_3 | X44: 0 | Z44: Y-conntion: CLKN[0:3]
A45: 42 | B45: D3_TC_SH34_TD01__CSI2_CLKP_0_3__DDR0_DDR1_CLK_N1__TC | C45: D37 | D45: J1806.AS14 | E45: J1806.128 | F45: KC103.6 | G45: KC103.8 | L45: 6297.7165 | M45: 10746.697 | N45: 17044.413 | O45: L24_INT6/L17_INT4_HS4 | P45: 42 | Q45: D37 | R45: CSI2_CLKP_0 | S45: PCH | W45: CSI2_CLKP_0 | X45: 1 | Z45: Y-conntion: CLKP[0:3]
A46: 43 | B46: D3_TC_SH34_TD01__CSI2_CLKP_0_3__DDR0_DDR1_CLK_N1__TC | C46: D32 | D46: J1806.AS14 | E46: J1806.128 | F46: KC103.6 | G46: KC103.8 | L46: 6297.7165 | M46: 10746.697 | N46: 17044.413 | O46: L24_INT6/L17_INT4_HS4 | P46: 43 | Q46: D32 | R46: CSI2_CLKP_1 | S46: PCH | W46: CSI2_CLKP_1 | X46: 0 | Z46: Y-conntion: CLKP[0:3]
A47: 44 | B47: D3_TC_SH34_TD01__CSI2_CLKP_0_3__DDR0_DDR1_CLK_N1__TC | C47: D29 | D47: J1806.AS14 | E47: J1806.128 | F47: KC103.6 | G47: KC103.8 | L47: 6297.7165 | M47: 10746.697 | N47: 17044.413 | O47: L24_INT6/L17_INT4_HS4 | P47: 44 | Q47: D29 | R47: CSI2_CLKP_2 | S47: PCH | W47: CSI2_CLKP_2 | X47: 0 | Z47: Y-conntion: CLKP[0:3]
A48: 45 | B48: D3_TC_SH34_TD01__CSI2_CLKP_0_3__DDR0_DDR1_CLK_N1__TC | C48: A26 | D48: J1806.AS14 | E48: J1806.128 | F48: KC103.6 | G48: KC103.8 | L48: 6297.7165 | M48: 10746.697 | N48: 17044.413 | O48: L24_INT6/L17_INT4_HS4 | P48: 45 | Q48: A26 | R48: CSI2_CLKP_3 | S48: PCH | W48: CSI2_CLKP_3 | X48: 0 | Z48: Y-conntion: CLKP[0:3]
A49: 46 | B49: - | C49: E13 | F49: RC120.2 | P49: 46 | Q49: E13 | R49: CSI2_COMP | S49: PCH | W49: CSI2_COMP | X49: 0
A50: 47 | B50: D3_TC_SH35_TD01__CSI2_DN_0_4_8__DDR0_DDR1_CLK_P0__TC | C50: A36 | D50: J1807.CS1 | E50: J1807.021 | F50: KC104.4 | G50: KC104.2 | L50: 6770.2638 | M50: 9684.3386 | N50: 16454.602 | O50: L30_INT9/L15_INT3_HS3 | P50: 47 | Q50: A36 | R50: CSI2_DN_0 | S50: PCH | W50: CSI2_DN_0 | X50: 1 | Z50: Y-connection: 0,4,8
A51: 48 | B51: D3_TC_SH36_TD01__CSI2_DN_1_5_9__DDR0_DDR1_CLK_P1__TC | C51: C38 | D51: J1807.DS1 | E51: J1807.022 | F51: KC104.6 | G51: KC104.8 | L51: 5944.0354 | M51: 9683.9173 | N51: 15627.953 | O51: L30_INT9/L15_INT3_HS3 | P51: 48 | Q51: C38 | R51: CSI2_DN_1 | S51: PCH | W51: CSI2_DN_1 | X51: 1 | Z51: Y-connection: 1, 5, 9
A52: 49 | B52: D3_TC_SH37_TD01__CSI2_DN_2_6_10__DDR0_DDR1_ODT0__TC | C52: A27 | D52: J1806.BS14 | E52: J1806.127 | F52: KC105.4 | G52: KC105.2 | L52: 7007.0787 | M52: 9684.6024 | N52: 16691.681 | O52: L26_INT7/L17_INT4_HS4 | P52: 49 | Q52: A27 | R52: CSI2_DN_10 | S52: PCH | W52: CSI2_DN_10 | X52: 1 | Z52: Y-connection: 2, 6, 10
A53: 50 | B53: D3_TC_SH38_TD01__CSI2_DN_3_7_11__DDR0_DDR1_BA0_CAB4__TC | C53: C27 | D53: J1806.DS14 | E53: J1806.086 | F53: KC105.6 | G53: KC105.8 | L53: 8936.2677 | M53: 9684.2283 | N53: 18620.496 | O53: L24_INT6/L17_INT4_HS4 | P53: 50 | Q53: C27 | R53: CSI2_DN_11 | S53: PCH | W53: CSI2_DN_11 | X53: 1 | Z53: Y-connection: 3, 7, 11
A54: 51 | B54: D3_TC_SH37_TD01__CSI2_DN_2_6_10__DDR0_DDR1_ODT0__TC | C54: C36 | D54: J1806.BS14 | E54: J1806.127 | F54: KC105.4 | G54: KC105.2 | L54: 7007.0787 | M54: 9684.6024 | N54: 16691.681 | O54: L26_INT7/L17_INT4_HS4 | P54: 51 | Q54: C36 | R54: CSI2_DN_2 | S54: PCH | W54: CSI2_DN_2 | X54: 0 | Z54: Y-connection: 2, 6, 10
A55: 52 | B55: D3_TC_SH38_TD01__CSI2_DN_3_7_11__DDR0_DDR1_BA0_CAB4__TC | C55: A38 | D55: J1806.DS14 | E55: J1806.086 | F55: KC105.6 | G55: KC105.8 | L55: 8936.2677 | M55: 9684.2283 | N55: 18620.496 | O55: L24_INT6/L17_INT4_HS4 | P55: 52 | Q55: A38 | R55: CSI2_DN_3 | S55: PCH | W55: CSI2_DN_3 | X55: 0 | Z55: Y-connection: 3, 7, 11
A56: 53 | B56: D3_TC_SH35_TD01__CSI2_DN_0_4_8__DDR0_DDR1_CLK_P0__TC | C56: C31 | D56: J1807.CS1 | E56: J1807.021 | F56: KC104.4 | G56: KC104.2 | L56: 6770.2638 | M56: 9684.3386 | N56: 16454.602 | O56: L30_INT9/L15_INT3_HS3 | P56: 53 | Q56: C31 | R56: CSI2_DN_4 | S56: PCH | W56: CSI2_DN_4 | X56: 0 | Z56: Y-connection: 0,4,8
A57: 54 | B57: D3_TC_SH36_TD01__CSI2_DN_1_5_9__DDR0_DDR1_CLK_P1__TC | C57: C33 | D57: J1807.DS1 | E57: J1807.022 | F57: KC104.6 | G57: KC104.8 | L57: 5944.0354 | M57: 9683.9173 | N57: 15627.953 | O57: L30_INT9/L15_INT3_HS3 | P57: 54 | Q57: C33 | R57: CSI2_DN_5 | S57: PCH | W57: CSI2_DN_5 | X57: 0 | Z57: Y-connection: 1, 5, 9
A58: 55 | B58: D3_TC_SH37_TD01__CSI2_DN_2_6_10__DDR0_DDR1_ODT0__TC | C58: A31 | D58: J1806.BS14 | E58: J1806.127 | F58: KC105.4 | G58: KC105.2 | L58: 7007.0787 | M58: 9684.6024 | N58: 16691.681 | O58: L26_INT7/L17_INT4_HS4 | P58: 55 | Q58: A31 | R58: CSI2_DN_6 | S58: PCH | W58: CSI2_DN_6 | X58: 0 | Z58: Y-connection: 2, 6, 10
A59: 56 | B59: D3_TC_SH38_TD01__CSI2_DN_3_7_11__DDR0_DDR1_BA0_CAB4__TC | C59: A33 | D59: J1806.DS14 | E59: J1806.086 | F59: KC105.6 | G59: KC105.8 | L59: 8936.2677 | M59: 9684.2283 | N59: 18620.496 | O59: L24_INT6/L17_INT4_HS4 | P59: 56 | Q59: A33 | R59: CSI2_DN_7 | S59: PCH | W59: CSI2_DN_7 | X59: 0 | Z59: Y-connection: 3, 7, 11
A60: 57 | B60: D3_TC_SH35_TD01__CSI2_DN_0_4_8__DDR0_DDR1_CLK_P0__TC | C60: A29 | D60: J1807.CS1 | E60: J1807.021 | F60: KC104.4 | G60: KC104.2 | L60: 6770.2638 | M60: 9684.3386 | N60: 16454.602 | O60: L30_INT9/L15_INT3_HS3 | P60: 57 | Q60: A29 | R60: CSI2_DN_8 | S60: PCH | W60: CSI2_DN_8 | X60: 0 | Z60: Y-connection: 0,4,8
A61: 58 | B61: D3_TC_SH36_TD01__CSI2_DN_1_5_9__DDR0_DDR1_CLK_P1__TC | C61: C28 | D61: J1807.DS1 | E61: J1807.022 | F61: KC104.6 | G61: KC104.8 | L61: 5944.0354 | M61: 9683.9173 | N61: 15627.953 | O61: L30_INT9/L15_INT3_HS3 | P61: 58 | Q61: C28 | R61: CSI2_DN_9 | S61: PCH | W61: CSI2_DN_9 | X61: 0 | Z61: Y-connection: 1, 5, 9
... A73: 70 | B73: D3_TC_SH39_TD01__CSI2_DP_1_5_9__DDR0_DDR1_BA1_CAB6__TC | C73: D28 | D73: J1807.BS2 | E73: J1807.023 | F73: KC106.4 | G73: KC106.2 | L73: 5944.5866 | M73: 9683.2874 | N73: 15627.874 | O73: L11_INT1_HS1/L15_INT3_HS3 | P73: 70 | Q73: D28 | R73: CSI2_DP_9 | S73: PCH | W73: CSI2_DP_9 | X73: 0 | Z73: Y-connection: 1, 5, 9
A74: 71 | B74: D3_TC_DP39_TD03__DDI1_AUXN | C74: G50 | D74: J1502.CS10 | E74: J1502.049 | M74: 12124.543 | N74: 12124.543 | O74: L32_INT10 | P74: 71 | Q74: G50 | R74: DDI1_AUXN | S74: CPU | V74: 1 | W74: DDI1_AUXN | X74: 0
A75: 72 | B75: D3_TC_DP39_TD03__DDI1_AUXP | C75: F50 | D75: J1502.CS11 | E75: J1502.047 | M75: 12124.094 | N75: 12124.094 | O75: L32_INT10 | P75: 72 | Q75: F50 | R75: DDI1_AUXP | S75: CPU | V75: 1 | W75: DDI1_AUXP | X75: 0
A76: 73 | B76: D3_TC_DP54_SH02_TD03__NOA_N2__DDI1_TXN0__TC | C76: E55 | D76: J1503.CS4 | E76: J1503.015 | F76: KC123.7 | G76: KC123.8 | L76: 5628.6614 | M76: 6494.5866 | N76: 12123.248 | O76: L28_INT8/L13_INT2_HS2 | P76: 73 | Q76: E55 | R76: DDI1_TXN[0] | S76: CPU | V76: 1 | W76: DDI1_TXN[0] | X76: 0 | Z76: NOA_N[2] SHARING WITH RELAY
A77: 74 | B77: D3_TC_DP55_SH04_TD03__NOA_N3__DDI1_TXN1__TC | C77: E58 | D77: J1503.DS4 | E77: J1503.016 | F77: KC124.7 | G77: KC124.8 | L77: 5629.2205 | M77: 6495.0079 | N77: 12124.228 | O77: L15_INT3_HS3/L13_INT2_HS2 | P77: 74 | Q77: E58 | R77: DDI1_TXN[1] | S77: CPU | V77: 1 | W77: DDI1_TXN[1] | X77: 0 | Z77: NOA_N[3] SHARING WITH RELAY
A78: 75 | B78: D3_TC_DP56_SH06_TD03__NOA_N4__DDI1_TXN2__TC | C78: F53 | D78: J1502.DS6 | E78: J1502.058 | F78: KC125.7 | G78: KC125.8 | L78: 5629.2008 | M78: 6495.4606 | N78: 12124.661 | O78: L11_INT1_HS1/L15_INT3_HS3 | P78: 75 | Q78: F53 | R78: DDI1_TXN[2] | S78: CPU | V78: 1 | W78: DDI1_TXN[2] | X78: 0 | Z78: NOA_N[4] SHARING WITH RELAY
A79: 76 | B79: D3_TC_DP57_SH08_TD03__NOA_N5__DDI1_TXN3__TC | C79: F56 | D79: J1503.DS6 | E79: J1503.014 | F79: KC126.7 | G79: KC126.8 | L79: 5629.1299 | M79: 6493.5827 | N79: 12122.713 | O79: L11_INT1_HS1/L15_INT3_HS3 | P79: 76 | Q79: F56 | R79: DDI1_TXN[3] | S79: CPU | V79: 1 | W79: DDI1_TXN[3] | X79: 0 | Z79: NOA_N[5] SHARING WITH RELAY
A80: 77 | B80: D3_TC_DP54_SH01_TD03__NOA_N6__DDI1_TXP0__TC | C80: F55 | D80: J1503.CS3 | E80: J1503.017 | F80: KC123.3 | G80: KC123.2 | L80: 5629.3071 | M80: 6494.5591 | N80: 12123.866 | O80: L28_INT8/L13_INT2_HS2 | P80: 77 | Q80: F55 | R80: DDI1_TXP[0] | S80: CPU | V80: 1 | W80: DDI1_TXP[0] | X80: 0 | Z80: NOA_N[6] SHARING WITH RELAY
A81: 78 | B81: D3_TC_DP55_SH03_TD03__NOA_N7__DDI1_TXP1__TC | C81: F58 | D81: J1503.DS3 | E81: J1503.018 | F81: KC124.3 | G81: KC124.2 | L81: 5629.185 | M81: 6495.2756 | N81: 12124.461 | O81: L15_INT3_HS3/L13_INT2_HS2 | P81: 78 | Q81: F58 | R81: DDI1_TXP[1] | S81: CPU | V81: 1 | W81: DDI1_TXP[1] | X81: 0 | Z81: NOA_N[7] SHARING WITH RELAY
A82: 79 | B82: D3_TC_DP56_SH05_TD03__NOA_N8__DDI1_TXP2__TC | C82: G53 | D82: J1502.CS6 | E82: J1502.057 | F82: KC125.3 | G82: KC125.2 | L82: 5628.9331 | M82: 6495.2598 | N82: 12124.193 | O82: L11_INT1_HS1/L15_INT3_HS3 | P82: 79 | Q82: G53 | R82: DDI1_TXP[2] | S82: CPU | V82: 1 | W82: DDI1_TXP[2] | X82: 0 | Z82: NOA_N[8] SHARING WITH RELAY
A83: 80 | B83: D3_TC_DP57_SH07_TD03__NOA_N9__DDI1_TXP3__TC | C83: G56 | D83: J1503.CS6 | E83: J1503.013 | F83: KC126.3 | G83: KC126.2 | L83: 5628.4488 | M83: 6493.937 | N83: 12122.386 | O83: L11_INT1_HS1/L15_INT3_HS3 | P83: 80 | Q83: G56 | R83: DDI1_TXP[3] | S83: CPU | V83: 1 | W83: DDI1_TXP[3] | X83: 0 | Z83: NOA_N[9] SHARING WITH RELAY
A84: 81 | B84: D3_TC_DP116_SH53_TD03__DDI2_AUXN__DDI3_AUXN__TC | C84: E48 | D84: J1503.BS2 | E84: J1503.023 | F84: KC146.4 | G84: KC146.2 | L84: 5628.4528 | M84: 6495.8386 | N84: 12124.291 | O84: L24_INT6/L11_INT1_HS1 | P84: 81 | Q84: E48 | R84: DDI2_AUXN | S84: CPU | V84: 1 | W84: DDI2_AUXN | X84: 0 | Z84: relayed with DDI3_AUXN
A85: 82 | B85: D3_TC_DP116_SH54_TD03__DDI2_AUXP__DDI3_AUXP__TC | C85: F48 | D85: J1503.BS3 | E85: J1503.025 | F85: KC146.6 | G85: KC146.8 | L85: 5628.811 | M85: 6494.5906 | N85: 12123.402 | O85: L24_INT6/L11_INT1_HS1 | P85: 82 | Q85: F48 | R85: DDI2_AUXP | S85: CPU | V85: 1 | W85: DDI2_AUXP | X85: 0 | Z85: relayed with DDI3_AUXP
A86: 83 | B86: D3_TC_DP58_SH10_TD03__NOA_N10__DDI2_TXN0__TC | C86: C50 | D86: J1503.DS2 | E86: J1503.020 | F86: KC127.7 | G86: KC127.8 | L86: 5629.0906 | M86: 6495.0512 | N86: 12124.142 | O86: L19_INT5/L11_INT1_HS1 | P86: 83 | Q86: C50 | R86: DDI2_TXN[0] | S86: CPU | V86: 1 | W86: DDI2_TXN[0] | X86: 0 | Z86: NOA_N[10] SHARING WITH RELAY
A87: 84 | B87: D3_TC_DP59_SH12_TD03__NOA_N11__DDI2_TXN1__TC | C87: C52 | D87: J1503.AS3 | E87: J1503.026 | F87: KC128.7 | G87: KC128.8 | L87: 5629.2402 | M87: 6495.4685 | N87: 12124.709 | O87: L28_INT8/L11_INT1_HS1 | P87: 84 | Q87: C52 | R87: DDI2_TXN[1] | S87: CPU | V87: 1 | W87: DDI2_TXN[1] | X87: 0 | Z87: NOA_N[11] SHARING WITH RELAY
... A93: 90 | B93: D3_TC_DP61_SH15_TD03__NOA_STBP1__DDI2_TXP3__TC | C93: C51 | D93: J1503.BS5 | E93: J1503.029 | F93: KC130.3 | G93: KC130.2 | L93: 5629.122 | M93: 6495.4961 | N93: 12124.618 | O93: L24_INT6/L15_INT3_HS3 | P93: 90 | Q93: C51 | R93: DDI2_TXP[3] | S93: CPU | V93: 1 | W93: DDI2_TXP[3] | X93: 0 | Z93: NOA_STBP[1] SHARING WITH RELAY
A94: 91 | B94: D3_TC_DP116_SH53_TD03__DDI2_AUXN__DDI3_AUXN__TC | C94: G46 | D94: J1503.BS2 | E94: J1503.023 | F94: KC146.3 | G94: KC146.2 | L94: 5628.4528 | M94: 6495.5551 | N94: 12124.008 | O94: L30_INT9/L11_INT1_HS1 | P94: 91 | Q94: G46 | R94: DDI3_AUXN | S94: CPU | V94: 0 | Z94: relayed with DDI2_AUXN
A95: 92 | B95: D3_TC_DP116_SH54_TD03__DDI2_AUXP__DDI3_AUXP__TC | C95: F46 | D95: J1503.BS3 | E95: J1503.025 | F95: KC146.7 | G95: KC146.8 | L95: 5628.811 | M95: 6494.563 | N95: 12123.374 | O95: L30_INT9/L11_INT1_HS1 | P95: 92 | Q95: F46 | R95: DDI3_AUXP | S95: CPU | V95: 0 | Z95: relayed with DDI2_AUXP
A96: 93 | B96: D3_TC_TD03__DDR_COMP0__TC | C96: AR18 | D96: J1502.DS12 | E96: J1502.046 | F96: RC105.1 | G96: RC104.2 | H96: RC104.1 | L96: 8003.063 | M96: 1056.2717 | N96: 9059.3346 | O96: L19_INT5/L13_INT2_HS2 | P96: 93 | Q96: AR18 | R96: DDR_COMP[0] | S96: CPU | V96: 1 | W96: DDR_COMP[0] | X96: 0
A97: 94 | B97: D3_TC_TD03__DDR_COMP1__TC | C97: AT18 | D97: J1503.DS13 | E97: J1503.004 | F97: RC107.1 | G97: RC106.2 | H97: RC106.1 | L97: 8018.4094 | M97: 1056.1772 | N97: 9074.5866 | O97: L17_INT4_HS4/L13_INT2_HS2 | P97: 94 | Q97: AT18 | R97: DDR_COMP[1] | S97: CPU | V97: 1 | W97: DDR_COMP[1] | X97: 0
A98: 95 | B98: D3_TC_TD03__DDR_COMP2__TC | C98: AU18 | D98: J1503.CS13 | E98: J1503.003 | F98: RC109.1 | G98: RC108.2 | H98: RC108.1 | L98: 8054.622 | M98: 1012.2953 | N98: 9066.9173 | O98: L11_INT1_HS1/L13_INT2_HS2 | P98: 95 | Q98: AU18 | R98: DDR_COMP[2] | S98: CPU | V98: 1 | W98: DDR_COMP[2] | X98: 0
A99: 96 | B99: D3_TC_TD03__DDR_VIEW0 | C99: BB68 | D99: J1502.CS12 | E99: J1502.045 | M99: 6293.9724 | N99: 6293.9724 | O99: L24_INT6 | P99: 96 | Q99: BB68 | R99: DDR_VIEW[0] | S99: CPU | V99: 1 | W99: DDR_VIEW[0] | X99: 0
A100: 97 | B100: D3_TC_TD03__DDR_VIEW1 | C100: BB69 | D100: J1502.DS11 | E100: J1502.048 | M100: 6086.1102 | N100: 6086.1102 | O100: L24_INT6 | P100: 97 | Q100: BB69 | R100: DDR_VIEW[1] | S100: CPU | V100: 1 | W100: DDR_VIEW[1] | X100: 0
A101: 98 | B101: D3_TC_TD03__DDR_VREF_CA__TC | C101: AY67 | D101: J1502.CS3 | E101: J1502.061 | F101: KC120.8 | G101: KC120.5 | L101: 2844.7441 | M101: 1581.9134 | N101: 4426.6575 | O101: L11_INT1_HS1/L13_INT2_HS2 | P101: 98 | Q101: AY67 | R101: DDR_VREF_CA | S101: CPU | V101: 1 | W101: DDR_VREF_CA | X101: 0
A102: 99 | B102: D3_TC_TD03__DDR_VREF_DQ0__TC | C102: AY68 | D102: J1502.CS2 | E102: J1502.063 | F102: KC121.8 | G102: KC121.5 | L102: 2268.3346 | M102: 1768.5906 | N102: 4036.9252 | O102: L11_INT1_HS1/L13_INT2_HS2 | P102: 99 | Q102: AY68 | R102: DDR_VREF_DQ[0] | S102: CPU | V102: 1 | W102: DDR_VREF_DQ[0] | X102: 0
A103: 100 | B103: D3_TC_TD03__DDR_VREF_DQ1__TC | C103: BA67 | D103: J1502.DS2 | E103: J1502.064 | F103: KC122.8 | G103: KC122.5 | L103: 1889.9724 | M103: 2160.5512 | N103: 4050.5236 | O103: L11_INT1_HS1/L13_INT2_HS2 | P103: 100 | Q103: BA67 | R103: DDR_VREF_DQ[1] | S103: CPU | V103: 1 | W103: DDR_VREF_DQ[1] | X103: 0
A104: 101 | B104: D3_TC_TD02__DDR_VTT_CNTL | C104: AW67 | D104: J1801.CS4 | E104: J1801.015 | M104: 4849.7717 | N104: 4849.7717 | O104: L30_INT9 | P104: 101 | Q104: AW67 | R104: DDR_VTT_CNTL | S104: CPU | U104: 1 | W104: DDR_VTT_CNTL | X104: 0
A105: 102 | B105: D3_TC_TD02__DDR0_ALERT_N | C105: AW50 | D105: J1801.DS2 | E105: J1801.020 | M105: 4953.9449 | N105: 4953.9449 | O105: L30_INT9 | P105: 102 | Q105: AW50 | R105: DDR0_ALERT_N | S105: CPU | U105: 1 | W105: DDR0_ALERT_N | X105: 0
A106: 103 | B106: D3_TC_SH38_TD01__CSI2_DN_3_7_11__DDR0_DDR1_BA0_CAB4__TC | C106: AU52 | D106: J1806.DS14 | E106: J1806.086 | F106: KC105.7 | G106: KC105.8 | L106: 8936.2677 | M106: 8960.2244 | N106: 17896.492 | O106: L26_INT7/L17_INT4_HS4 | P106: 103 | Q106: AU52 | R106: DDR0_BA[0]_CAB4 | S106: CPU | U106: 0 | W106: DDR0_BA[0]_CAB4 | X106: 0 | Z106: Y connected with DDR0 Shared with PCH
A107: 104 | B107: D3_TC_SH39_TD01__CSI2_DP_1_5_9__DDR0_DDR1_BA1_CAB6__TC | C107: AT48 | D107: J1807.BS2 | E107: J1807.023 | F107: KC106.3 | G107: KC106.2 | L107: 5944.5866 | M107: 8976.3937 | N107: 14920.98 | O107: L17_INT4_HS4/L15_INT3_HS3 | P107: 104 | Q107: AT48 | R107: DDR0_BA[1]_CAB6 | S107: CPU | U107: 0 | W107: DDR0_BA[1]_CAB6 | X107: 0 | Z107: Y connected with DDR0 Shared with PCH
A108: 105 | B108: D3_TC_SH40_TD01__CSI2_DP_2_6_10__DDR0_DDR1_BA2_CAA5_BG0__TC | C108: AY55 | D108: J1805.AS14 | E108: J1805.084 | F108: KC106.7 | G108: KC106.8 | L108: 7006.0709 | M108: 8914.8661 | N108: 15920.937 | O108: L11_INT1_HS1/L17_INT4_HS4 | P108: 105 | Q108: AY55 | R108: DDR0_BA[2]_CAA5_BG0 | S108: CPU | U108: 0 | W108: DDR0_BA[2]_CAA5_BG0 | X108: 0 | Z108: Y connected with DDR0 Shared with PCH
A109: 106 | B109: D3_TC_TD02__DDR0_CAS_N_CAB1_MA15 | C109: AU48 | D109: J1801.CS8 | E109: J1801.009 | M109: 4350.1732 | N109: 4350.1732 | O109: L28_INT8 | P109: 106 | Q109: AU48 | R109: DDR0_CAS_N_CAB1_MA15 | S109: CPU | U109: 1 | W109: DDR0_CAS_N_CAB1_MA15 | X109: 0
A110: 107 | B110: D3_TC_DP117_SH29_TD01__CLKOUT_ITPXDP_N__DDR0_DDR1_CKE0__TC | C110: BA56 | D110: J1804.CS14 | E110: J1804.001 | F110: KC101.3 | G110: KC101.2 | L110: 7951.8071 | M110: 6470.3228 | N110: 14422.13 | O110: L11_INT1_HS1/L15_INT3_HS3 | P110: 107 | Q110: BA56 | R110: DDR0_CKE[0] | S110: CPU | U110: 0 | W110: DDR0_CKE[0] | X110: 0 | Z110: Y connected with DDR0 Shared with PCH
A111: 108 | B111: D3_TC_DP117_SH30_TD01__CLKOUT_ITPXDP_P__DDR0_DDR1_CKE1__TC | C111: BB56 | D111: J1804.CS13 | E111: J1804.003 | F111: KC101.7 | G111: KC101.8 | L111: 7951.6496 | M111: 6682.622 | N111: 14634.272 | O111: L30_INT9/L15_INT3_HS3 | P111: 108 | Q111: BB56 | R111: DDR0_CKE[1] | S111: CPU | U111: 0 | W111: DDR0_CKE[1] | X111: 0 | Z111: Y connected with DDR0 Shared with PCH
A112: 109 | B112: D3_TC_SH31_TD01__CLKOUT_SRC_N_0_5__DDR0_DDR1_CKE2__TC | C112: AW56 | D112: J1805.BS7 | E112: J1805.077 | F112: KC102.3 | G112: KC102.2 | L112: 8030.4449 | M112: 6630.0591 | N112: 14660.504 | O112: L17_INT4_HS4/L11_INT1_HS1 | P112: 109 | Q112: AW56 | R112: DDR0_CKE[2] | S112: CPU | U112: 0 | W112: DDR0_CKE[2] | X112: 0 | Z112: Y connected with DDR0 Shared with PCH
A113: 110 | B113: D3_TC_SH32_TD01__CLKOUT_SRC_P_0_5__DDR0_DDR1_CKE3__TC | C113: AY56 | D113: J1805.BS9 | E113: J1805.081 | F113: KC102.7 | G113: KC102.8 | L113: 8031.0079 | M113: 6740.8071 | N113: 14771.815 | O113: L15_INT3_HS3/L11_INT1_HS1 | P113: 110 | Q113: AY56 | R113: DDR0_CKE[3] | S113: CPU | U113: 0 | W113: DDR0_CKE[3] | X113: 0 | Z113: Y connected with DDR0 Shared with PCH
A114: 111 | B114: D3_TC_SH33_TD01__CSI2_CLKN_0_3__DDR0_DDR1_CLK_N0__TC | C114: AU53 | D114: J1805.BS14 | E114: J1805.083 | F114: KC103.3 | G114: KC103.2 | L114: 6298.6457 | M114: 10010.661 | N114: 16309.307 | O114: L15_INT3_HS3/L17_INT4_HS4 | P114: 111 | Q114: AU53 | R114: DDR0_CLK_N[0] | S114: CPU | U114: 0 | W114: DDR0_CLK_N[0] | X114: 0 | Z114: Y connected with DDR0 Shared with PCH
A115: 112 | B115: D3_TC_SH34_TD01__CSI2_CLKP_0_3__DDR0_DDR1_CLK_N1__TC | C115: AU55 | D115: J1806.AS14 | E115: J1806.128 | F115: KC103.7 | G115: KC103.8 | L115: 6297.7165 | M115: 10723.303 | N115: 17021.02 | O115: L30_INT9/L17_INT4_HS4 | P115: 112 | Q115: AU55 | R115: DDR0_CLK_N[1] | S115: CPU | U115: 0 | W115: DDR0_CLK_N[1] | X115: 0 | Z115: Y connected with DDR0 Shared with PCH
A116: 113 | B116: D3_TC_SH35_TD01__CSI2_DN_0_4_8__DDR0_DDR1_CLK_P0__TC | C116: AT53 | D116: J1807.CS1 | E116: J1807.021 | F116: KC104.3 | G116: KC104.2 | L116: 6770.2638 | M116: 9118.7165 | N116: 15888.98 | O116: L26_INT7/L15_INT3_HS3 | P116: 113 | Q116: AT53 | R116: DDR0_CLK_P[0] | S116: CPU | U116: 0 | W116: DDR0_CLK_P[0] | X116: 0 | Z116: Y connected with DDR0 Shared with PCH
...

Sheet Pinlist(S5)
B1: ITTO-620-0089 SKL ULT 2+2 X6 | O1: 41787 | R1: ULT 2+2 | S1: Avaliable | U1: 192 | V1: 64 | W1: ULX | X1: 256
S2: Used | U2: 191 | V2: 64 | X2: 256 | Z2: 0
A3: Sort | B3: Function | C3: Land# | D3: Channel/Tester No | F3: Components | L3: Minor Length | M3: Major Length | N3: Total Length | O3: Trace Layer | P3: Sort | Q3: XY | R3: PIN NAME | S3: DIE | T3: Power supply | U3: DDR TD | V3: Legacy TD | W3: NET | X3: PCH | Z3: Coment
A4: 1 | B4: D5_TC_SH60_TD01__AZA_BCLK_SSP0_SCLK__GPP_F_14_EMMC_DATA1__TC | C4: AY22 | D4: J1703.CS7 | E4: J1703.011 | F4: KE142.6 | G4: KE142.8 | L4: 6533.811 | M4: 8405.4055 | N4: 14939.217 | O4: L13_INT2_HS2/L13_INT2_HS2 | P4: 1 | Q4: AY22 | R4: AZA_BCLK_SSP0_SCLK | S4: PCH | W4: AZA_BCLK_SSP0_SCLK | X4: 1 | Z4: PCH-PCH relay with GPP_F_14
A5: 2 | B5: - | C5: BA4 | P5: 2 | Q5: BA4 | R5: AZA_PLLMON_N | S5: PCH | W5: AZA_PLLMON_N | X5: 0
A6: 3 | B6: - | C6: BB4 | P6: 3 | Q6: BB4 | R6: AZA_PLLMON_P | S6: PCH | W6: AZA_PLLMON_P | X6: 0
A7: 4 | B7: D5_TC_SH64_TD01__AZA_RSTB_SSP1_SCLK__GPP_F_16_EMMC_DATA3__TC | C7: AW22 | D7: J1703.DS14 | E7: J1703.002 | F7: KE144.6 | G7: KE144.8 | L7: 9519.2362 | M7: 6956.3228 | N7: 16475.559 | O7: L15_INT3_HS3/L19_INT5 | P7: 4 | Q7: AW22 | R7: AZA_RSTB_SSP1_SCLK | S7: PCH | W7: AZA_RSTB_SSP1_SCLK | X7: 1 | Z7: PCH-PCH relay with GPP_F_16
A8: 5 | B8: D5_TC_SH56_TD01__AZA_SDI_0_SSP0_RXD__GPP_F_12_EMMC_CMD__TC | C8: BA21 | D8: J1703.CS8 | E8: J1703.009 | F8: KE140.6 | G8: KE140.8 | L8: 5702.9685 | M8: 6625.9803 | N8: 12328.949 | O8: L17_INT4_HS4/L13_INT2_HS2 | P8: 5 | Q8: BA21 | R8: AZA_SDI_0_SSP0_RXD | S8: PCH | W8: AZA_SDI_0_SSP0_RXD | X8: 1 | Z8: PCH-PCH relay with GPP_F_12
A9: 6 | B9: D5_TC_SH66_TD01__AZA_SDI_1_SSP1_RXD__GPP_G_2_SD_DATA1__TC | C9: AY21 | D9: J1703.BS7 | E9: J1703.033 | F9: KE145.6 | G9: KE145.8 | L9: 8333.063 | M9: 5749.7874 | N9: 14082.85 | O9: L13_INT2_HS2/L13_INT2_HS2 | P9: 6 | Q9: AY21 | R9: AZA_SDI_1_SSP1_RXD | S9: PCH | W9: AZA_SDI_1_SSP1_RXD | X9: 1 | Z9: PCH-PCH relay with GPP_G_2
A10: 7 | B10: D5_TC_SH58_TD01__AZA_SDO_SSP0_TXD__GPP_F_13_EMMC_DATA0__TC | C10: BB22 | D10: J1702.DS2 | E10: J1702.064 | F10: KE141.6 | G10: KE141.8 | L10: 5996.0197 | M10: 3636.4291 | N10: 9632.4488 | O10: L17_INT4_HS4/L15_INT3_HS3 | P10: 7 | Q10: BB22 | R10: AZA_SDO_SSP0_TXD | S10: PCH | W10: AZA_SDO_SSP0_TXD | X10: 1 | Z10: PCH-PCH relay with GPP_F_13
A11: 8 | B11: D5_TC_SH62_TD01__AZA_SYNC_SSP0_SFRM__GPP_F_15_EMMC_DATA2__TC | C11: BA22 | D11: J1703.BS6 | E11: J1703.031 | F11: KE143.6 | G11: KE143.8 | L11: 7048.437 | M11: 6709.1969 | N11: 13757.634 | O11: L15_INT3_HS3/L13_INT2_HS2 | P11: 8 | Q11: BA22 | R11: AZA_SYNC_SSP0_SFRM | S11: PCH | W11: AZA_SYNC_SSP0_SFRM | X11: 1 | Z11: PCH-PCH relay with GPP_F_15
A12: 9 | B12: D5_TC_TD03__CATERR_N | C12: D63 | D12: J1709.DS8 | E12: J1709.010 | M12: 5425.2441 | N12: 5425.2441 | O12: L19_INT5 | P12: 9 | Q12: D63 | R12: CATERR_N | S12: CPU | V12: 1 | W12: CATERR_N | X12: 0
A13: 10 | B13: D5_TC_DP117_SH29_TD01__CLKOUT_ITPXDP_N__DDR0_DDR1_CKE0__TC | C13: F43 | D13: J1703.BS14 | E13: J1703.039 | F13: TPE101.1 | G13: KE101.4 | H13: KE101.2 | L13: 9644.7126 | M13: 2951.7362 | N13: 12596.449 | O13: L17_INT4_HS4/L19_INT5 | P13: 10 | Q13: F43 | R13: CLKOUT_ITPXDP_N | S13: PCH | W13: CLKOUT_ITPXDP_N | X13: 1
A14: 11 | B14: D5_TC_DP117_SH30_TD01__CLKOUT_ITPXDP_P__DDR0_DDR1_CKE1__TC | C14: E43 | D14: J1703.AS14 | E14: J1703.040 | F14: TPE102.1 | G14: KE101.6 | H14: KE101.8 | L14: 9644.9961 | M14: 2951.3937 | N14: 12596.39 | O14: L17_INT4_HS4/L19_INT5 | P14: 11 | Q14: E43 | R14: CLKOUT_ITPXDP_P | S14: PCH | W14: CLKOUT_ITPXDP_P | X14: 1
A15: 12 | B15: D5_TC_SH31_TD01__CLKOUT_SRC_N_0_5__DDR0_DDR1_CKE2__TC | C15: D42 | D15: J1702.AS9 | E15: J1702.082 | F15: TPE103.1 | G15: KE102.4 | H15: KE102.2 | L15: 9132.3661 | M15: 6219.3937 | N15: 15351.76 | O15: L15_INT3_HS3/L30_INT9 | P15: 12 | Q15: D42 | R15: CLKOUT_SRC_N_0 | S15: PCH | X15: 1 | Z15: Y-conntion: N[0:5]
A16: 13 | B16: D5_TC_SH31_TD01__CLKOUT_SRC_N_0_5__DDR0_DDR1_CKE2__TC | C16: B42 | D16: J1702.AS9 | E16: J1702.082 | F16: TPE103.1 | G16: KE102.4 | H16: KE102.2 | L16: 9132.3661 | M16: 6219.3937 | N16: 15351.76 | O16: L15_INT3_HS3/L30_INT9 | P16: 13 | Q16: B42 | R16: CLKOUT_SRC_N_1 | S16: PCH | W16: CLKOUT_SRC_N_1 | X16: 0 | Z16: Y-conntion: N[0:5]
A17: 14 | B17: D5_TC_SH31_TD01__CLKOUT_SRC_N_0_5__DDR0_DDR1_CKE2__TC | C17: D41 | D17: J1702.AS9 | E17: J1702.082 | F17: TPE103.1 | G17: KE102.4 | H17: KE102.2 | L17: 9132.3661 | M17: 6219.3937 | N17: 15351.76 | O17: L15_INT3_HS3/L30_INT9 | P17: 14 | Q17: D41 | R17: CLKOUT_SRC_N_2 | S17: PCH | W17: CLKOUT_SRC_N_2 | X17: 0 | Z17: Y-conntion: N[0:5]
A18: 15 | B18: D5_TC_SH31_TD01__CLKOUT_SRC_N_0_5__DDR0_DDR1_CKE2__TC | C18: D40 | D18: J1702.AS9 | E18: J1702.082 | F18: TPE103.1 | G18: KE102.4 | H18: KE102.2 | L18: 9132.3661 | M18: 6219.3937 | N18: 15351.76 | O18: L15_INT3_HS3/L30_INT9 | P18: 15 | Q18: D40 | R18: CLKOUT_SRC_N_3 | S18: PCH | W18: CLKOUT_SRC_N_3 | X18: 0 | Z18: Y-conntion: N[0:5]
A19: 16 | B19: D5_TC_SH31_TD01__CLKOUT_SRC_N_0_5__DDR0_DDR1_CKE2__TC | C19: B40 | D19: J1702.AS9 | E19: J1702.082 | F19: TPE103.1 | G19: KE102.4 | H19: KE102.2 | L19: 9132.3661 | M19: 6219.3937 | N19: 15351.76 | O19: L15_INT3_HS3/L30_INT9 | P19: 16 | Q19: B40 | R19: CLKOUT_SRC_N_4 | S19: PCH | W19: CLKOUT_SRC_N_4 | X19: 0 | Z19: Y-conntion: N[0:5]
A20: 17 | B20: D5_TC_SH31_TD01__CLKOUT_SRC_N_0_5__DDR0_DDR1_CKE2__TC | C20: E40 | D20: J1702.AS9 | E20: J1702.082 | F20: TPE103.1 | G20: KE102.4 | H20: KE102.2 | L20: 9132.3661 | M20: 6219.3937 | N20: 15351.76 | O20: L15_INT3_HS3/L30_INT9 | P20: 17 | Q20: E40 | R20: CLKOUT_SRC_N_5 | S20: PCH | W20: CLKOUT_SRC_N_5 | X20: 0 | Z20: Y-conntion: N[0:5]
A21: 18 | B21: D5_TC_SH32_TD01__CLKOUT_SRC_P_0_5__DDR0_DDR1_CKE3__TC | C21: C42 | D21: J1702.BS9 | E21: J1702.081 | F21: TPE104.1 | G21: KE102.6 | H21: KE102.8 | L21: 9133.6339 | M21: 6219.878 | N21: 15353.512 | O21: L26_INT7/L30_INT9 | P21: 18 | Q21: C42 | R21: CLKOUT_SRC_P_0 | S21: PCH | W21: CLKOUT_SRC_P_1 | X21: 1 | Z21: Y-conntion: P[0:5]
A22: 19 | B22: D5_TC_SH32_TD01__CLKOUT_SRC_P_0_5__DDR0_DDR1_CKE3__TC | C22: A42 | D22: J1702.BS9 | E22: J1702.081 | F22: TPE104.1 | G22: KE102.6 | H22: KE102.8 | L22: 9133.6339 | M22: 6219.878 | N22: 15353.512 | O22: L26_INT7/L30_INT9 | P22: 19 | Q22: A42 | R22: CLKOUT_SRC_P_1 | S22: PCH | W22: CLKOUT_SRC_P_2 | X22: 0 | Z22: Y-conntion: P[0:5]
A23: 20 | B23: D5_TC_SH32_TD01__CLKOUT_SRC_P_0_5__DDR0_DDR1_CKE3__TC | C23: C41 | D23: J1702.BS9 | E23: J1702.081 | F23: TPE104.1 | G23: KE102.6 | H23: KE102.8 | L23: 9133.6339 | M23: 6219.878 | N23: 15353.512 | O23: L26_INT7/L30_INT9 | P23: 20 | Q23: C41 | R23: CLKOUT_SRC_P_2 | S23: PCH | W23: CLKOUT_SRC_P_3 | X23: 0 | Z23: Y-conntion: P[0:5]
A24: 21 | B24: D5_TC_SH32_TD01__CLKOUT_SRC_P_0_5__DDR0_DDR1_CKE3__TC | C24: C40 | D24: J1702.BS9 | E24: J1702.081 | F24: TPE104.1 | G24: KE102.6 | H24: KE102.8 | L24: 9133.6339 | M24: 6219.878 | N24: 15353.512 | O24: L26_INT7/L30_INT9 | P24: 21 | Q24: C40 | R24: CLKOUT_SRC_P_3 | S24: PCH | W24: CLKOUT_SRC_P_4 | X24: 0 | Z24: Y-conntion: P[0:5]
A25: 22 | B25: D5_TC_SH32_TD01__CLKOUT_SRC_P_0_5__DDR0_DDR1_CKE3__TC | C25: A40 | D25: J1702.BS9 | E25: J1702.081 | F25: TPE104.1 | G25: KE102.6 | H25: KE102.8 | L25: 9133.6339 | M25: 6219.878 | N25: 15353.512 | O25: L26_INT7/L30_INT9 | P25: 22 | Q25: A40 | R25: CLKOUT_SRC_P_4 | S25: PCH | W25: CLKOUT_SRC_P_5 | X25: 0 | Z25: Y-conntion: P[0:5]
A26: 23 | B26: D5_TC_SH32_TD01__CLKOUT_SRC_P_0_5__DDR0_DDR1_CKE3__TC | C26: E38 | D26: J1702.BS9 | E26: J1702.081 | F26: TPE104.1 | G26: KE102.6 | H26: KE102.8 | L26: 9133.6339 | M26: 6219.878 | N26: 15353.512 | O26: L26_INT7/L30_INT9 | P26: 23 | Q26: E38 | R26: CLKOUT_SRC_P_5 | S26: PCH | W26: CPU_EDM[0] | X26: 0 | Z26: Y-conntion: P[0:5]
A27: 24 | B27: D5_TC_TD03__CPU_EDM0 | C27: A69 | D27: J1709.AS14 | E27: J1709.040 | M27: 6911 | N27: 6911 | O27: L32_INT10 | P27: 24 | Q27: A69 | R27: CPU_EDM[0] | S27: CPU | V27: 1 | W27: CPU_EDM[1] | X27: 0
A28: 25 | B28: D5_TC_TD03__CPU_EDM1 | C28: B69 | D28: J1709.CS7 | E28: J1709.011 | M28: 6157.7835 | N28: 6157.7835 | O28: L19_INT5 | P28: 25 | Q28: B69 | R28: CPU_EDM[1] | S28: CPU | V28: 1
A29: 26 | B29: - | C29: H65 | P29: 26 | Q29: H65 | R29: CPU_EOPIO_RCOMP | S29: EDRAM | U29: 0 | V29: 0 | Z29: Added from ULX but it is EDRAM
A30: 27 | B30: - | C30: BA70 | P30: 27 | Q30: BA70 | R30: CPU_EOPIO_VIEW[0] | S30: EDRAM | V30: 0 | Z30: Added from ULX but it is EDRAM
A31: 28 | B31: - | C31: BA68 | P31: 28 | Q31: BA68 | R31: CPU_EOPIO_VIEW[1] | S31: EDRAM | V31: 0 | Z31: Added from ULX but it is EDRAM
A32: 29 | B32: D5_TC_TD03__CPU_JTAG_TCK__TC | C32: B61 | D32: J1708.CS13 | E32: J1708.043 | F32: RE333.1 | G32: RE332.1 | H32: RE332.2 | L32: 9022.4094 | M32: 12189.854 | N32: 21212.264 | O32: L13_INT2_HS2/L11_INT1_HS1 | P32: 29 | Q32: B61 | R32: CPU_JTAG_TCK | S32: CPU | V32: 1 | W32: CPU_JTAG_TCK | X32: 0
A33: 30 | B33: D5_TC_TD03__CPU_JTAG_TDI__TC | C33: D60 | D33: J1709.DS10 | E33: J1709.006 | F33: RE327.1 | G33: RE326.1 | H33: RE326.2 | L33: 9028.0512 | M33: 12171.047 | N33: 21199.098 | O33: L30_INT9/L11_INT1_HS1 | P33: 30 | Q33: D60 | R33: CPU_JTAG_TDI | S33: CPU | V33: 1 | W33: CPU_JTAG_TDI | X33: 0
A34: 31 | B34: D5_TC_TD03__CPU_JTAG_TDO__TC | C34: A61 | D34: J1709.DS9 | E34: J1709.008 | F34: RE321.1 | G34: RE320.1 | H34: RE320.2 | L34: 9026.2008 | M34: 12187.587 | N34: 21213.787 | O34: L19_INT5/L11_INT1_HS1 | P34: 31 | Q34: A61 | R34: CPU_JTAG_TDO | S34: CPU | V34: 1 | W34: CPU_JTAG_TDO | X34: 0
A35: 32 | B35: D5_TC_TD03__CPU_JTAG_TMS__TC | C35: C60 | D35: J1709.CS13 | E35: J1709.003 | F35: RE330.1 | G35: RE329.1 | H35: RE329.2 | L35: 9048.3819 | M35: 12173.319 | N35: 21221.701 | O35: L13_INT2_HS2/L11_INT1_HS1 | P35: 32 | Q35: C60 | R35: CPU_JTAG_TMS | S35: CPU | V35: 1 | W35: CPU_JTAG_TMS | X35: 0
A36: 33 | B36: D5_TC_TD03__CPU_JTAG_TRST_N__TC | C36: B59 | D36: J1709.CS10 | E36: J1709.005 | F36: RE324.1 | G36: RE323.1 | H36: RE323.2 | L36: 8850.3346 | M36: 12383.311 | N36: 21233.646 | O36: L28_INT8/L11_INT1_HS1 | P36: 33 | Q36: B59 | R36: CPU_JTAG_TRST_N | S36: CPU | V36: 1 | W36: CPU_JTAG_TRST_N | X36: 0
A37: 34 | B37: D5_TC_TD03__CPU_POPIO_VIEW0 | C37: BB2 | D37: J1708.CS14 | E37: J1708.041 | M37: 9064.3425 | N37: 9064.3425 | O37: L15_INT3_HS3 | P37: 34 | Q37: BB2 | R37: CPU_POPIO_VIEW[0] | S37: CPU | V37: 1 | W37: CPU_POPIO_VIEW[0] | X37: 0
A38: 35 | B38: D5_TC_TD03__CPU_POPIO_VIEW1 | C38: BA3 | D38: J1708.DS14 | E38: J1708.042 | M38: 8865.7205 | N38: 8865.7205 | O38: L15_INT3_HS3 | P38: 35 | Q38: BA3 | R38: CPU_POPIO_VIEW[1] | S38: CPU | V38: 1 | W38: CPU_POPIO_VIEW[1] | X38: 0
A39: 36 | B39: D5_TC_TD02__CPU_POPIRCOMP__TC | C39: AT16 | D39: J1704.AS14 | E39: J1704.128 | F39: RE136.2 | G39: RE135.1 | H39: RE135.2 | L39: 4525.8268 | M39: 1223.5945 | N39: 5749.4213 | O39: L11_INT1_HS1/L17_INT4_HS4 | P39: 36 | Q39: AT16 | R39: CPU_POPIRCOMP | S39: CPU | U39: 1 | W39: CPU_POPIRCOMP | X39: 0
A40: 37 | B40: D5_TC_TD01__CPUPWRGD | C40: A68 | D40: J1703.AS5 | E40: J1703.030 | M40: 5149.3465 | N40: 5149.3465 | O40: L26_INT7 | P40: 37 | Q40: A68 | R40: CPUPWRGD | S40: PCH | W40: CPUPWRGD | X40: 1
A41: 38 | B41: D5_TC_SH33_TD01__CSI2_CLKN_0_3__DDR0_DDR1_CLK_N0__TC | C41: C37 | D41: J1601.DS14 | E41: J1601.002 | F41: KE103.4 | G41: KE103.2 | L41: 13188.913 | M41: 5078.3228 | N41: 18267.236 | O41: L28_INT8/L30_INT9 | P41: 38 | Q41: C37 | R41: CSI2_CLKN_0 | S41: PCH | W41: CSI2_CLKN_0 | X41: 1 | Z41: Y-conntion: CLKN[0:3]
A42: 39 | B42: D5_TC_SH33_TD01__CSI2_CLKN_0_3__DDR0_DDR1_CLK_N0__TC | C42: C32 | D42: J1601.DS14 | E42: J1601.002 | F42: KE103.4 | G42: KE103.2 | L42: 13188.913 | M42: 5078.3228 | N42: 18267.236 | O42: L28_INT8/L30_INT9 | P42: 39 | Q42: C32 | R42: CSI2_CLKN_1 | S42: PCH | W42: CSI2_CLKN_1 | X42: 0 | Z42: Y-conntion: CLKN[0:3]
A43: 40 | B43: D5_TC_SH33_TD01__CSI2_CLKN_0_3__DDR0_DDR1_CLK_N0__TC | C43: C29 | D43: J1601.DS14 | E43: J1601.002 | F43: KE103.4 | G43: KE103.2 | L43: 13188.913 | M43: 5078.3228 | N43: 18267.236 | O43: L28_INT8/L30_INT9 | P43: 40 | Q43: C29 | R43: CSI2_CLKN_2 | S43: PCH | W43: CSI2_CLKN_2 | X43: 0 | Z43: Y-conntion: CLKN[0:3]
A44: 41 | B44: D5_TC_SH33_TD01__CSI2_CLKN_0_3__DDR0_DDR1_CLK_N0__TC | C44: B26 | D44: J1601.DS14 | E44: J1601.002 | F44: KE103.4 | G44: KE103.2 | L44: 13188.913 | M44: 5078.3228 | N44: 18267.236 | O44: L28_INT8/L30_INT9 | P44: 41 | Q44: B26 | R44: CSI2_CLKN_3 | S44: PCH | W44: CSI2_CLKN_3 | X44: 0 | Z44: Y-conntion: CLKN[0:3]
A45: 42 | B45: D5_TC_SH34_TD01__CSI2_CLKP_0_3__DDR0_DDR1_CLK_N1__TC | C45: D37 | D45: J1701.CS8 | E45: J1701.097 | F45: KE103.6 | G45: KE103.8 | L45: 13187.902 | M45: 5077.7402 | N45: 18265.642 | O45: L24_INT6/L30_INT9 | P45: 42 | Q45: D37 | R45: CSI2_CLKP_0 | S45: PCH | W45: CSI2_CLKP_0 | X45: 1 | Z45: Y-conntion: CLKP[0:3]
A46: 43 | B46: D5_TC_SH34_TD01__CSI2_CLKP_0_3__DDR0_DDR1_CLK_N1__TC | C46: D32 | D46: J1701.CS8 | E46: J1701.097 | F46: KE103.6 | G46: KE103.8 | L46: 13187.902 | M46: 5077.7402 | N46: 18265.642 | O46: L24_INT6/L30_INT9 | P46: 43 | Q46: D32 | R46: CSI2_CLKP_1 | S46: PCH | W46: CSI2_CLKP_1 | X46: 0 | Z46: Y-conntion: CLKP[0:3]
A47: 44 | B47: D5_TC_SH34_TD01__CSI2_CLKP_0_3__DDR0_DDR1_CLK_N1__TC | C47: D29 | D47: J1701.CS8 | E47: J1701.097 | F47: KE103.6 | G47: KE103.8 | L47: 13187.902 | M47: 5077.7402 | N47: 18265.642 | O47: L24_INT6/L30_INT9 | P47: 44 | Q47: D29 | R47: CSI2_CLKP_2 | S47: PCH | W47: CSI2_CLKP_2 | X47: 0 | Z47: Y-conntion: CLKP[0:3]
A48: 45 | B48: D5_TC_SH34_TD01__CSI2_CLKP_0_3__DDR0_DDR1_CLK_N1__TC | C48: A26 | D48: J1701.CS8 | E48: J1701.097 | F48: KE103.6 | G48: KE103.8 | L48: 13187.902 | M48: 5077.7402 | N48: 18265.642 | O48: L24_INT6/L30_INT9 | P48: 45 | Q48: A26 | R48: CSI2_CLKP_3 | S48: PCH | W48: CSI2_CLKP_3 | X48: 0 | Z48: Y-conntion: CLKP[0:3]
A49: 46 | B49: - | C49: E13 | F49: RE120.2 | P49: 46 | Q49: E13 | R49: CSI2_COMP | S49: PCH | W49: CSI2_COMP | X49: 0
A50: 47 | B50: D5_TC_SH35_TD01__CSI2_DN_0_4_8__DDR0_DDR1_CLK_P0__TC | C50: A36 | D50: J1603.DS3 | E50: J1603.106 | F50: KE104.4 | G50: KE104.2 | L50: 15905.232 | M50: 6652.5433 | N50: 22557.776 | O50: L30_INT9/L32_INT10 | P50: 47 | Q50: A36 | R50: CSI2_DN_0 | S50: PCH | W50: CSI2_DN_0 | X50: 1 | Z50: Y-connection: 0,4,8
A51: 48 | B51: D5_TC_SH36_TD01__CSI2_DN_1_5_9__DDR0_DDR1_CLK_P1__TC | C51: C38 | D51: J1603.DS14 | E51: J1603.086 | F51: KE104.6 | G51: KE104.8 | L51: 14644.618 | M51: 6651.9606 | N51: 21296.579 | O51: L30_INT9/L32_INT10 | P51: 48 | Q51: C38 | R51: CSI2_DN_1 | S51: PCH | W51: CSI2_DN_1 | X51: 1 | Z51: Y-connection: 1, 5, 9
A52: 49 | B52: D5_TC_SH37_TD01__CSI2_DN_2_6_10__DDR0_DDR1_ODT0__TC | C52: A27 | D52: J1701.CS14 | E52: J1701.085 | F52: KE105.4 | G52: KE105.2 | L52: 9565.5354 | M52: 6653.2992 | N52: 16218.835 | O52: L26_INT7/L30_INT9 | P52: 49 | Q52: A27 | R52: CSI2_DN_10 | S52: PCH | W52: CSI2_DN_10 | X52: 1 | Z52: Y-connection: 2, 6, 10
A53: 50 | B53: D5_TC_SH38_TD01__CSI2_DN_3_7_11__DDR0_DDR1_BA0_CAB4__TC | C53: C27 | D53: J1701.DS14 | E53: J1701.086 | F53: KE105.6 | G53: KE105.8 | L53: 10432.634 | M53: 6652.7559 | N53: 17085.39 | O53: L24_INT6/L30_INT9 | P53: 50 | Q53: C27 | R53: CSI2_DN_11 | S53: PCH | W53: CSI2_DN_11 | X53: 1 | Z53: Y-connection: 3, 7, 11
A54: 51 | B54: D5_TC_SH37_TD01__CSI2_DN_2_6_10__DDR0_DDR1_ODT0__TC | C54: C36 | D54: J1701.CS14 | E54: J1701.085 | F54: KE105.4 | G54: KE105.2 | L54: 9565.5354 | M54: 6653.2992 | N54: 16218.835 | O54: L26_INT7/L30_INT9 | P54: 51 | Q54: C36 | R54: CSI2_DN_2 | S54: PCH | W54: CSI2_DN_2 | X54: 0 | Z54: Y-connection: 2, 6, 10
A55: 52 | B55: D5_TC_SH38_TD01__CSI2_DN_3_7_11__DDR0_DDR1_BA0_CAB4__TC | C55: A38 | D55: J1701.DS14 | E55: J1701.086 | F55: KE105.6 | G55: KE105.8 | L55: 10432.634 | M55: 6652.7559 | N55: 17085.39 | O55: L24_INT6/L30_INT9 | P55: 52 | Q55: A38 | R55: CSI2_DN_3 | S55: PCH | W55: CSI2_DN_3 | X55: 0 | Z55: Y-connection: 3, 7, 11
A56: 53 | B56: D5_TC_SH35_TD01__CSI2_DN_0_4_8__DDR0_DDR1_CLK_P0__TC | C56: C31 | D56: J1603.DS3 | E56: J1603.106 | F56: KE104.4 | G56: KE104.2 | L56: 15905.232 | M56: 6652.5433 | N56: 22557.776 | O56: L30_INT9/L32_INT10 | P56: 53 | Q56: C31 | R56: CSI2_DN_4 | S56: PCH | W56: CSI2_DN_4 | X56: 0 | Z56: Y-connection: 0,4,8
A57: 54 | B57: D5_TC_SH36_TD01__CSI2_DN_1_5_9__DDR0_DDR1_CLK_P1__TC | C57: C33 | D57: J1603.DS14 | E57: J1603.086 | F57: KE104.6 | G57: KE104.8 | L57: 14644.618 | M57: 6651.9606 | N57: 21296.579 | O57: L30_INT9/L32_INT10 | P57: 54 | Q57: C33 | R57: CSI2_DN_5 | S57: PCH | W57: CSI2_DN_5 | X57: 0 | Z57: Y-connection: 1, 5, 9
A58: 55 | B58: D5_TC_SH37_TD01__CSI2_DN_2_6_10__DDR0_DDR1_ODT0__TC | C58: A31 | D58: J1701.CS14 | E58: J1701.085 | F58: KE105.4 | G58: KE105.2 | L58: 9565.5354 | M58: 6653.2992 | N58: 16218.835 | O58: L26_INT7/L30_INT9 | P58: 55 | Q58: A31 | R58: CSI2_DN_6 | S58: PCH | W58: CSI2_DN_6 | X58: 0 | Z58: Y-connection: 2, 6, 10
A59: 56 | B59: D5_TC_SH38_TD01__CSI2_DN_3_7_11__DDR0_DDR1_BA0_CAB4__TC | C59: A33 | D59: J1701.DS14 | E59: J1701.086 | F59: KE105.6 | G59: KE105.8 | L59: 10432.634 | M59: 6652.7559 | N59: 17085.39 | O59: L24_INT6/L30_INT9 | P59: 56 | Q59: A33 | R59: CSI2_DN_7 | S59: PCH | W59: CSI2_DN_7 | X59: 0 | Z59: Y-connection: 3, 7, 11
A60: 57 | B60: D5_TC_SH35_TD01__CSI2_DN_0_4_8__DDR0_DDR1_CLK_P0__TC | C60: A29 | D60: J1603.DS3 | E60: J1603.106 | F60: KE104.4 | G60: KE104.2 | L60: 15905.232 | M60: 6652.5433 | N60: 22557.776 | O60: L30_INT9/L32_INT10 | P60: 57 | Q60: A29 | R60: CSI2_DN_8 | S60: PCH | W60: CSI2_DN_8 | X60: 0 | Z60: Y-connection: 0,4,8
A61: 58 | B61: D5_TC_SH36_TD01__CSI2_DN_1_5_9__DDR0_DDR1_CLK_P1__TC | C61: C28 | D61: J1603.DS14 | E61: J1603.086 | F61: KE104.6 | G61: KE104.8 | L61: 14644.618 | M61: 6651.9606 | N61: 21296.579 | O61: L30_INT9/L32_INT10 | P61: 58 | Q61: C28 | R61: CSI2_DN_9 | S61: PCH | W61: CSI2_DN_9 | X61: 0 | Z61: Y-connection: 1, 5, 9
... A73: 70 | B73: D5_TC_SH39_TD01__CSI2_DP_1_5_9__DDR0_DDR1_BA1_CAB6__TC | C73: D28 | D73: J1603.CS14 | E73: J1603.085 | F73: KE106.4 | G73: KE106.2 | L73: 14644.925 | M73: 6652.2598 | N73: 21297.185 | O73: L11_INT1_HS1/L32_INT10 | P73: 70 | Q73: D28 | R73: CSI2_DP_9 | S73: PCH | W73: CSI2_DP_9 | X73: 0 | Z73: Y-connection: 1, 5, 9
A74: 71 | B74: D5_TC_DP39_TD03__DDI1_AUXN | C74: G50 | D74: J1709.DS3 | E74: J1709.018 | M74: 14841.571 | N74: 14841.571 | O74: L32_INT10 | P74: 71 | Q74: G50 | R74: DDI1_AUXN | S74: CPU | V74: 1 | W74: DDI1_AUXN | X74: 0
A75: 72 | B75: D5_TC_DP39_TD03__DDI1_AUXP | C75: F50 | D75: J1709.DS4 | E75: J1709.016 | M75: 14841.244 | N75: 14841.244 | O75: L32_INT10 | P75: 72 | Q75: F50 | R75: DDI1_AUXP | S75: CPU | V75: 1 | W75: DDI1_AUXP | X75: 0
A76: 73 | B76: D5_TC_DP54_SH02_TD03__NOA_N2__DDI1_TXN0__TC | C76: E55 | D76: J1708.DS6 | E76: J1708.058 | F76: KE123.7 | G76: KE123.8 | L76: 8109.3583 | M76: 6732.2677 | N76: 14841.626 | O76: L28_INT8/L26_INT7 | P76: 73 | Q76: E55 | R76: DDI1_TXN[0] | S76: CPU | V76: 1 | W76: DDI1_TXN[0] | X76: 0 | Z76: NOA_N[2] SHARING WITH RELAY
A77: 74 | B77: D5_TC_DP55_SH04_TD03__NOA_N3__DDI1_TXN1__TC | C77: E58 | D77: J1708.CS6 | E77: J1708.057 | F77: KE124.7 | G77: KE124.8 | L77: 8110.0079 | M77: 6730.8976 | N77: 14840.906 | O77: L15_INT3_HS3/L26_INT7 | P77: 74 | Q77: E58 | R77: DDI1_TXN[1] | S77: CPU | V77: 1 | W77: DDI1_TXN[1] | X77: 0 | Z77: NOA_N[3] SHARING WITH RELAY
A78: 75 | B78: D5_TC_DP56_SH06_TD03__NOA_N4__DDI1_TXN2__TC | C78: F53 | D78: J1709.DS2 | E78: J1709.020 | F78: KE125.7 | G78: KE125.8 | L78: 8109.5669 | M78: 6731.3543 | N78: 14840.921 | O78: L11_INT1_HS1/L26_INT7 | P78: 75 | Q78: F53 | R78: DDI1_TXN[2] | S78: CPU | V78: 1 | W78: DDI1_TXN[2] | X78: 0 | Z78: NOA_N[4] SHARING WITH RELAY
A79: 76 | B79: D5_TC_DP57_SH08_TD03__NOA_N5__DDI1_TXN3__TC | C79: F56 | D79: J1709.CS2 | E79: J1709.019 | F79: KE126.7 | G79: KE126.8 | L79: 8109.6299 | M79: 6731.4528 | N79: 14841.083 | O79: L11_INT1_HS1/L26_INT7 | P79: 76 | Q79: F56 | R79: DDI1_TXN[3] | S79: CPU | V79: 1 | W79: DDI1_TXN[3] | X79: 0 | Z79: NOA_N[5] SHARING WITH RELAY
A80: 77 | B80: D5_TC_DP54_SH01_TD03__NOA_N6__DDI1_TXP0__TC | C80: F55 | D80: J1708.DS7 | E80: J1708.056 | F80: KE123.3 | G80: KE123.2 | L80: 8109.3898 | M80: 6731.4567 | N80: 14840.846 | O80: L28_INT8/L26_INT7 | P80: 77 | Q80: F55 | R80: DDI1_TXP[0] | S80: CPU | V80: 1 | W80: DDI1_TXP[0] | X80: 0 | Z80: NOA_N[6] SHARING WITH RELAY
A81: 78 | B81: D5_TC_DP55_SH03_TD03__NOA_N7__DDI1_TXP1__TC | C81: F58 | D81: J1708.CS7 | E81: J1708.055 | F81: KE124.3 | G81: KE124.2 | L81: 8108.6772 | M81: 6731.2638 | N81: 14839.941 | O81: L15_INT3_HS3/L26_INT7 | P81: 78 | Q81: F58 | R81: DDI1_TXP[1] | S81: CPU | V81: 1 | W81: DDI1_TXP[1] | X81: 0 | Z81: NOA_N[7] SHARING WITH RELAY
A82: 79 | B82: D5_TC_DP56_SH05_TD03__NOA_N8__DDI1_TXP2__TC | C82: G53 | D82: J1709.DS1 | E82: J1709.022 | F82: KE125.3 | G82: KE125.2 | L82: 8108.8583 | M82: 6731.6181 | N82: 14840.476 | O82: L11_INT1_HS1/L26_INT7 | P82: 79 | Q82: G53 | R82: DDI1_TXP[2] | S82: CPU | V82: 1 | W82: DDI1_TXP[2] | X82: 0 | Z82: NOA_N[8] SHARING WITH RELAY
A83: 80 | B83: D5_TC_DP57_SH07_TD03__NOA_N9__DDI1_TXP3__TC | C83: G56 | D83: J1709.CS1 | E83: J1709.021 | F83: KE126.3 | G83: KE126.2 | L83: 8109.811 | M83: 6731.3661 | N83: 14841.177 | O83: L11_INT1_HS1/L26_INT7 | P83: 80 | Q83: G56 | R83: DDI1_TXP[3] | S83: CPU | V83: 1 | W83: DDI1_TXP[3] | X83: 0 | Z83: NOA_N[9] SHARING WITH RELAY
A84: 81 | B84: D5_TC_DP116_SH53_TD03__DDI2_AUXN__DDI3_AUXN__TC | C84: E48 | D84: J1709.AS8 | E84: J1709.036 | F84: KE146.4 | G84: KE146.2 | L84: 8936.6772 | M84: 5904.8346 | N84: 14841.512 | O84: L13_INT2_HS2/L17_INT4_HS4 | P84: 81 | Q84: E48 | R84: DDI2_AUXN | S84: CPU | V84: 1 | W84: DDI2_AUXN | X84: 0 | Z84: relayed with DDI3_AUXN
A85: 82 | B85: D5_TC_DP116_SH54_TD03__DDI2_AUXP__DDI3_AUXP__TC | C85: F48 | D85: J1709.AS7 | E85: J1709.034 | F85: KE146.6 | G85: KE146.8 | L85: 8936.4921 | M85: 5904.3583 | N85: 14840.85 | O85: L13_INT2_HS2/L17_INT4_HS4 | P85: 82 | Q85: F48 | R85: DDI2_AUXP | S85: CPU | V85: 1 | W85: DDI2_AUXP | X85: 0 | Z85: relayed with DDI3_AUXP
A86: 83 | B86: D5_TC_DP58_SH10_TD03__NOA_N10__DDI2_TXN0__TC | C86: C50 | D86: J1709.CS9 | E86: J1709.007 | F86: KE127.7 | G86: KE127.8 | L86: 8109.7756 | M86: 6731.1024 | N86: 14840.878 | O86: L17_INT4_HS4/L15_INT3_HS3 | P86: 83 | Q86: C50 | R86: DDI2_TXN[0] | S86: CPU | V86: 1 | W86: DDI2_TXN[0] | X86: 0 | Z86: NOA_N[10] SHARING WITH RELAY
A87: 84 | B87: D5_TC_DP59_SH12_TD03__NOA_N11__DDI2_TXN1__TC | C87: C52 | D87: J1709.CS14 | E87: J1709.001 | F87: KE128.7 | G87: KE128.8 | L87: 8699.9449 | M87: 6141.3465 | N87: 14841.291 | O87: L28_INT8/L13_INT2_HS2 | P87: 84 | Q87: C52 | R87: DDI2_TXN[1] | S87: CPU | V87: 1 | W87: DDI2_TXN[1] | X87: 0 | Z87: NOA_N[11] SHARING WITH RELAY
... A93: 90 | B93: D5_TC_DP61_SH15_TD03__NOA_STBP1__DDI2_TXP3__TC | C93: C51 | D93: J1709.AS6 | E93: J1709.032 | F93: KE130.3 | G93: KE130.2 | L93: 8108.4803 | M93: 6731.4567 | N93: 14839.937 | O93: L13_INT2_HS2/L17_INT4_HS4 | P93: 90 | Q93: C51 | R93: DDI2_TXP[3] | S93: CPU | V93: 1 | W93: DDI2_TXP[3] | X93: 0 | Z93: NOA_STBP[1] SHARING WITH RELAY
A94: 91 | B94: D5_TC_DP116_SH53_TD03__DDI2_AUXN__DDI3_AUXN__TC | C94: G46 | D94: J1709.AS8 | E94: J1709.036 | F94: KE146.3 | G94: KE146.2 | L94: 8936.6772 | M94: 5904.4803 | N94: 14841.157 | O94: L11_INT1_HS1/L17_INT4_HS4 | P94: 91 | Q94: G46 | R94: DDI3_AUXN | S94: CPU | V94: 0 | Z94: relayed with DDI2_AUXN
A95: 92 | B95: D5_TC_DP116_SH54_TD03__DDI2_AUXP__DDI3_AUXP__TC | C95: F46 | D95: J1709.AS7 | E95: J1709.034 | F95: KE146.7 | G95: KE146.8 | L95: 8936.4921 | M95: 5904.2087 | N95: 14840.701 | O95: L11_INT1_HS1/L17_INT4_HS4 | P95: 92 | Q95: F46 | R95: DDI3_AUXP | S95: CPU | V95: 0 | Z95: relayed with DDI2_AUXP
A96: 93 | B96: D5_TC_TD03__DDR_COMP0__TC | C96: AR18 | D96: J1708.DS2 | E96: J1708.064 | F96: RE105.1 | G96: RE104.2 | H96: RE104.1 | L96: 7950.9567 | M96: 1094.0551 | N96: 9045.0118 | O96: L13_INT2_HS2/L17_INT4_HS4 | P96: 93 | Q96: AR18 | R96: DDR_COMP[0] | S96: CPU | V96: 1 | W96: DDR_COMP[0] | X96: 0
A97: 94 | B97: D5_TC_TD03__DDR_COMP1__TC | C97: AT18 | D97: J1708.DS3 | E97: J1708.062 | F97: RE107.1 | G97: RE106.2 | H97: RE106.1 | L97: 8001.9488 | M97: 1054.4213 | N97: 9056.3701 | O97: L19_INT5/L17_INT4_HS4 | P97: 94 | Q97: AT18 | R97: DDR_COMP[1] | S97: CPU | V97: 1 | W97: DDR_COMP[1] | X97: 0
A98: 95 | B98: D5_TC_TD03__DDR_COMP2__TC | C98: AU18 | D98: J1708.DS4 | E98: J1708.060 | F98: RE109.1 | G98: RE108.2 | H98: RE108.1 | L98: 8058.6024 | M98: 1012.2953 | N98: 9070.8976 | O98: L11_INT1_HS1/L17_INT4_HS4 | P98: 95 | Q98: AU18 | R98: DDR_COMP[2] | S98: CPU | V98: 1 | W98: DDR_COMP[2] | X98: 0
A99: 96 | B99: D5_TC_TD03__DDR_VIEW0 | C99: BB68 | D99: J1708.CS10 | E99: J1708.049 | M99: 9777.8622 | N99: 9777.8622 | O99: L15_INT3_HS3 | P99: 96 | Q99: BB68 | R99: DDR_VIEW[0] | S99: CPU | V99: 1 | W99: DDR_VIEW[0] | X99: 0
A100: 97 | B100: D5_TC_TD03__DDR_VIEW1 | C100: BB69 | D100: J1708.CS11 | E100: J1708.047 | M100: 9852.752 | N100: 9852.752 | O100: L15_INT3_HS3 | P100: 97 | Q100: BB69 | R100: DDR_VIEW[1] | S100: CPU | V100: 1 | W100: DDR_VIEW[1] | X100: 0
A101: 98 | B101: D5_TC_TD03__DDR_VREF_CA__TC | C101: AY67 | D101: J1708.CS2 | E101: J1708.063 | F101: KE120.8 | G101: KE120.5 | L101: 2179.8661 | M101: 1593.5472 | N101: 3773.4134 | O101: L11_INT1_HS1/L17_INT4_HS4 | P101: 98 | Q101: AY67 | R101: DDR_VREF_CA | S101: CPU | V101: 1 | W101: DDR_VREF_CA | X101: 0
A102: 99 | B102: D5_TC_TD03__DDR_VREF_DQ0__TC | C102: AY68 | D102: J1708.CS4 | E102: J1708.059 | F102: KE121.8 | G102: KE121.5 | L102: 2332.3425 | M102: 1804.1732 | N102: 4136.5157 | O102: L11_INT1_HS1/L17_INT4_HS4 | P102: 99 | Q102: AY68 | R102: DDR_VREF_DQ[0] | S102: CPU | V102: 1 | W102: DDR_VREF_DQ[0] | X102: 0
A103: 100 | B103: D5_TC_TD03__DDR_VREF_DQ1__TC | C103: BA67 | D103: J1708.CS3 | E103: J1708.061 | F103: KE122.8 | G103: KE122.5 | L103: 1638.1811 | M103: 2139.2323 | N103: 3777.4134 | O103: L11_INT1_HS1/L17_INT4_HS4 | P103: 100 | Q103: BA67 | R103: DDR_VREF_DQ[1] | S103: CPU | V103: 1 | W103: DDR_VREF_DQ[1] | X103: 0
A104: 101 | B104: D5_TC_TD02__DDR_VTT_CNTL | C104: AW67 | D104: J1706.AS7 | E104: J1706.034 | M104: 4885.6575 | N104: 4885.6575 | O104: L30_INT9 | P104: 101 | Q104: AW67 | R104: DDR_VTT_CNTL | S104: CPU | U104: 1 | W104: DDR_VTT_CNTL | X104: 0
A105: 102 | B105: D5_TC_TD02__DDR0_ALERT_N | C105: AW50 | D105: J1706.AS5 | E105: J1706.030 | M105: 5120.6575 | N105: 5120.6575 | O105: L30_INT9 | P105: 102 | Q105: AW50 | R105: DDR0_ALERT_N | S105: CPU | U105: 1 | W105: DDR0_ALERT_N | X105: 0
A106: 103 | B106: D5_TC_SH38_TD01__CSI2_DN_3_7_11__DDR0_DDR1_BA0_CAB4__TC | C106: AU52 | D106: J1701.DS14 | E106: J1701.086 | F106: KE105.7 | G106: KE105.8 | L106: 10432.634 | M106: 5955.2638 | N106: 16387.898 | O106: L26_INT7/L30_INT9 | P106: 103 | Q106: AU52 | R106: DDR0_BA[0]_CAB4 | S106: CPU | U106: 0 | W106: DDR0_BA[0]_CAB4 | X106: 0 | Z106: Y connected with DDR0 Shared with PCH
A107: 104 | B107: D5_TC_SH39_TD01__CSI2_DP_1_5_9__DDR0_DDR1_BA1_CAB6__TC | C107: AT48 | D107: J1603.CS14 | E107: J1603.085 | F107: KE106.3 | G107: KE106.2 | L107: 14644.925 | M107: 5896.3898 | N107: 20541.315 | O107: L17_INT4_HS4/L32_INT10 | P107: 104 | Q107: AT48 | R107: DDR0_BA[1]_CAB6 | S107: CPU | U107: 0 | W107: DDR0_BA[1]_CAB6 | X107: 0 | Z107: Y connected with DDR0 Shared with PCH
A108: 105 | B108: D5_TC_SH40_TD01__CSI2_DP_2_6_10__DDR0_DDR1_BA2_CAA5_BG0__TC | C108: AY55 | D108: J1702.BS2 | E108: J1702.067 | F108: KE106.7 | G108: KE106.8 | L108: 9566.0906 | M108: 6126.252 | N108: 15692.343 | O108: L11_INT1_HS1/L15_INT3_HS3 | P108: 105 | Q108: AY55 | R108: DDR0_BA[2]_CAA5_BG0 | S108: CPU | U108: 0 | W108: DDR0_BA[2]_CAA5_BG0 | X108: 0 | Z108: Y connected with DDR0 Shared with PCH
A109: 106 | B109: D5_TC_TD02__DDR0_CAS_N_CAB1_MA15 | C109: AU48 | D109: J1706.CS2 | E109: J1706.019 | M109: 3387.0866 | N109: 3387.0866 | O109: L32_INT10 | P109: 106 | Q109: AU48 | R109: DDR0_CAS_N_CAB1_MA15 | S109: CPU | U109: 1 | W109: DDR0_CAS_N_CAB1_MA15 | X109: 0
A110: 107 | B110: D5_TC_DP117_SH29_TD01__CLKOUT_ITPXDP_N__DDR0_DDR1_CKE0__TC | C110: BA56 | D110: J1703.BS14 | E110: J1703.039 | F110: KE101.3 | G110: KE101.2 | L110: 9644.7126 | M110: 2626.5669 | N110: 12271.28 | O110: L11_INT1_HS1/L19_INT5 | P110: 107 | Q110: BA56 | R110: DDR0_CKE[0] | S110: CPU | U110: 0 | W110: DDR0_CKE[0] | X110: 0 | Z110: Y connected with DDR0 Shared with PCH
A111: 108 | B111: D5_TC_DP117_SH30_TD01__CLKOUT_ITPXDP_P__DDR0_DDR1_CKE1__TC | C111: BB56 | D111: J1703.AS14 | E111: J1703.040 | F111: KE101.7 | G111: KE101.8 | L111: 9644.9961 | M111: 2905.4134 | N111: 12550.409 | O111: L30_INT9/L19_INT5 | P111: 108 | Q111: BB56 | R111: DDR0_CKE[1] | S111: CPU | U111: 0 | W111: DDR0_CKE[1] | X111: 0 | Z111: Y connected with DDR0 Shared with PCH
A112: 109 | B112: D5_TC_SH31_TD01__CLKOUT_SRC_N_0_5__DDR0_DDR1_CKE2__TC | C112: AW56 | D112: J1702.AS9 | E112: J1702.082 | F112: KE102.3 | G112: KE102.2 | L112: 9132.3661 | M112: 5621.685 | N112: 14754.051 | O112: L17_INT4_HS4/L30_INT9 | P112: 109 | Q112: AW56 | R112: DDR0_CKE[2] | S112: CPU | U112: 0 | W112: DDR0_CKE[2] | X112: 0 | Z112: Y connected with DDR0 Shared with PCH
A113: 110 | B113: D5_TC_SH32_TD01__CLKOUT_SRC_P_0_5__DDR0_DDR1_CKE3__TC | C113: AY56 | D113: J1702.BS9 | E113: J1702.081 | F113: KE102.7 | G113: KE102.8 | L113: 9133.6339 | M113: 5439.3858 | N113: 14573.02 | O113: L15_INT3_HS3/L30_INT9 | P113: 110 | Q113: AY56 | R113: DDR0_CKE[3] | S113: CPU | U113: 0 | W113: DDR0_CKE[3] | X113: 0 | Z113: Y connected with DDR0 Shared with PCH
A114: 111 | B114: D5_TC_SH33_TD01__CSI2_CLKN_0_3__DDR0_DDR1_CLK_N0__TC | C114: AU53 | D114: J1601.DS14 | E114: J1601.002 | F114: KE103.3 | G114: KE103.2 | L114: 13188.913 | M114: 4408.7165 | N114: 17597.63 | O114: L15_INT3_HS3/L30_INT9 | P114: 111 | Q114: AU53 | R114: DDR0_CLK_N[0] | S114: CPU | U114: 0 | W114: DDR0_CLK_N[0] | X114: 0 | Z114: Y connected with DDR0 Shared with PCH
A115: 112 | B115: D5_TC_SH34_TD01__CSI2_CLKP_0_3__DDR0_DDR1_CLK_N1__TC | C115: AU55 | D115: J1701.CS8 | E115: J1701.097 | F115: KE103.7 | G115: KE103.8 | L115: 13187.902 | M115: 4320.4567 | N115: 17508.358 | O115: L30_INT9/L30_INT9 | P115: 112 | Q115: AU55 | R115: DDR0_CLK_N[1] | S115: CPU | U115: 0 | W115: DDR0_CLK_N[1] | X115: 0 | Z115: Y connected with DDR0 Shared with PCH
A116: 113 | B116: D5_TC_SH35_TD01__CSI2_DN_0_4_8__DDR0_DDR1_CLK_P0__TC | C116: AT53 | D116: J1603.DS3 | E116: J1603.106 | F116: KE104.3 | G116: KE104.2 | L116: 15905.232 | M116: 6482.9252 | N116: 22388.157 | O116: L26_INT7/L32_INT10 | P116: 113 | Q116: AT53 | R116: DDR0_CLK_P[0] | S116: CPU | U116: 0 | W116: DDR0_CLK_P[0] | X116: 0 | Z116: Y connected with DDR0 Shared with PCH
...

Sheet Crosstalk
D1: ITTO-620-0089 SKL ULT 2+2 X6 | U1: 41712
P2: To avoid crosstalk on HSIO signal
Q3: preliminary pin assignment
C4: 【Module side connector】 | I4: 【PB side connector】
B5: J1 | C5: pin | D5: B列 | E5: C列 | F5: D列 | J5: #3 | Q5: Site1
D6: S | E6: S | F6: S | J6: J1603 | Q6: HSIO group | R6: Tch | U6: nearby signals | V6: Tch
C7: A14 | D7: - | E7: - | F7: - | I7: pin | J7: D | K7: C | L7: B | M7: A | P7: 1 | Q7: PCIE_1_USB3_5_RXN_TXN | R7: J1506PIN038 | S7: HSIO1 | T7: 1 | U7: USB2_VBUSSENSE | V7: J1506PIN023 | W7: Near1
C8: A13 | D8: PIN98 | E8: PIN96 | F8: PIN97 | J8: S | K8: S | L8: S | M8: S | P8: 2 | Q8: PCIE_1_USB3_5_RXP_TXP | R8: J1506PIN036 | S8: HSIO1 | T8: 2 | U8: THRMTRIPB | V8: J1504PIN107 | W8: Near2
C9: A12 | D9: PIN94 | E9: PIN99 | F9: PIN95 | I9: 1 | J9: PIN110 | K9: PIN109 | L9: NC | M9: RIVET | P9: 3 | Q9: PCIE_2_UFS_0A_USB3_6_RXN_TXN | R9: J1504PIN097 | S9: HSIO2 | T9: 3 | U9: PECI | V9: J1504PIN108 | W9: Near2
C10: A11 | D10: PIN101 | E10: PIN93 | F10: PIN100 | I10: 2 | J10: PIN108 | K10: PIN107 | L10: PIN111 | M10: PIN112 | P10: 4 | Q10: PCIE_2_UFS_0A_USB3_6_RXP_TXP | R10: J1504PIN095 | S10: HSIO2 | T10: 4 | U10: RSMRSTB | V10: J1504PIN086 | W10: Near2
C11: A10 | D11: PIN91 | E11: PIN102 | F11: PIN92 | I11: 3 | J11: PIN106 | K11: PIN105 | L11: PIN113 | M11: PIN114 | P11: 5 | Q11: PCIE_3_UFS_0B_LAN_0A_RXN_TXN | R11: J1506PIN037 | S11: HSIO1 | T11: 5 | U11: PCH_PWROK | V11: J1504PIN105 | W11: Near2
C12: A9 | D12: PIN104 | E12: PIN90 | F12: PIN103 | I12: 4 | J12: PIN104 | K12: PIN103 | L12: PIN115 | M12: PIN116 | P12: 6 | Q12: PCIE_3_UFS_0B_LAN_0A_RXP_TXP | R12: J1506PIN035 | S12: HSIO1 | T12: 6 | U12: SYS_PWROK | V12: J1504PIN089 | W12: Near2
C13: A8 | D13: PIN88 | E13: PIN105 | F13: PIN89 | I13: 5 | J13: RIVET | K13: NC | L13: PIN117 | M13: PIN118 | P13: 7 | Q13: PCIE_4_LAN_0B_RXN_TXN | R13: J1506PIN032 | S13: HSIO1 | T13: 7 | U13: DSW_PWROK | V13: J1504PIN087 | W13: Near2
C14: A7 | D14: PIN107 | E14: PIN87 | F14: PIN106 | I14: 6 | J14: PIN102 | K14: PIN101 | L14: PIN119 | M14: PIN120 | P14: 8 | Q14: PCIE_4_LAN_0B_RXP_TXP | R14: J1506PIN034 | S14: HSIO1 | T14: 8 | U14: DRAM_RESETB | V14: J1505PIN043 | W14: Near1
C15: A6 | D15: PIN85 | E15: PIN108 | F15: PIN86 | I15: 7 | J15: PIN100 | K15: PIN99 | L15: PIN121 | M15: PIN122 | P15: 9 | Q15: PCIE_5_LAN_0C_RXN_TXN | R15: J1506PIN040 | S15: HSIO1 | T15: 9 | U15: WAKEB | V15: J1504PIN085 | W15: Near2
C16: A5 | D16: PIN110 | E16: PIN84 | F16: PIN109 | I16: 8 | J16: PIN98 | K16: PIN97 | L16: PIN123 | M16: PIN124 | P16: 10 | Q16: PCIE_5_LAN_0C_RXP_TXP | R16: J1506PIN039 | S16: HSIO1 | T16: 10 | U16: SYS_RESETB | V16: J1505PIN044 | W16: Near1
C17: A4 | D17: PIN82 | E17: PIN111 | F17: PIN83 | I17: 9 | J17: PIN96 | K17: PIN95 | L17: PIN125 | M17: PIN126 | P17: 11 | Q17: PCIE_6_RXN_TXN | R17: J1506PIN024 | S17: HSIO1 | T17: 11 | U17: RTESTB | V17: J1505PIN041 | W17: Near1
C18: A3 | D18: PHGND2 | E18: PIN81 | F18: PIN112 | I18: 10 | J18: PIN94 | K18: PIN93 | L18: NC | M18: NC | P18: 12 | Q18: PCIE_6_RXP_TXP | R18: J1506PIN026 | S18: HSIO1 | T18: 12 | U18: SRTCRSTB | V18: J1505PIN042 | W18: Near1
C19: A2 | E19: PMDTR2 | F19: PMDTR3 | I19: 11 | J19: PIN92 | K19: PIN91 | L19: NC | M19: NC | P19: 13 | Q19: PCIE_7_SATA_0_RXN_TXN | R19: J1504PIN093 | S19: HSIO2 | T19: 13 | U19: CSI2_DN_0 | V19: J1506PIN022 | W19: Near1
C20: A1 | F20: PCHK4 | I20: 12 | J20: PIN90 | K20: PIN89 | L20: NC | M20: RIVET | P20: 14 | Q20: PCIE_7_SATA_0_RXP_TXP | R20: J1504PIN091 | S20: HSIO2 | T20: 14 | U20: CSI2_DP_0 | V20: J1506PIN021 | W20: Near1
I21: 13 | J21: PIN88 | K21: PIN87 | L21: PHGND2 | M21: PVPP65 | P21: 15 | Q21: PCIE_8_SATA_1A_RXN_TXN | R21: J1504PIN088 | S21: HSIO2 | T21: 15 | U21: CSI2_DN_1 | V21: J1506PIN025 | W21: Near1
B22: J3 | C22: pin | D22: B列 | E22: C列 | F22: D列 | I22: 14 | J22: PIN86 | K22: PIN85 | L22: PIN127 | M22: PIN128 | P22: 16 | Q22: PCIE_8_SATA_1A_RXP_TXP | R22: J1504PIN090 | S22: HSIO2 | T22: 16 | U22: CSI2_DP_1 | V22: J1504PIN106 | W22: Near2
D23: S | E23: S | F23: S | I23: 15 | J23: NC | K23: NC | L23: - | M23: - | P23: 17 | Q23: PCIE_9_LAN_0D_RXN_TXN | R23: J1504PIN101 | S23: HSIO2
C24: A14 | D24: - | E24: - | F24: - | I24: 16 | J24: RIVET | K24: NC | L24: PCHK3 | M24: NC | P24: 18 | Q24: PCIE_9_LAN_0D_RXP_TXP | R24: J1504PIN099 | S24: HSIO2
C25: A13 | D25: PIN80 | E25: - | F25: - | P25: 19 | Q25: PCIE_10_LAN_0E_RXN_TXN | R25: J1504PIN096 | S25: HSIO2
C26: A12 | D26: PIN114 | E26: PIN79 | F26: PIN113 | J26: #2 | P26: 20 | Q26: PCIE_10_LAN_0E_RXP_TXP | R26: J1504PIN098 | S26: HSIO2
C27: A11 | D27: PIN77 | E27: PIN115 | F27: PIN78 | J27: J1602 | P27: 21 | Q27: PCIE_11_SATA_1B_RXN_TXN | R27: J1504PIN104 | S27: HSIO2
C28: A10 | D28: PIN117 | E28: PIN76 | F28: PIN116 | I28: pin | J28: D | K28: C | L28: B | M28: A | P28: 22 | Q28: PCIE_11_SATA_1B_RXP_TXP | R28: J1504PIN103 | S28: HSIO2
C29: A9 | D29: PIN74 | E29: PIN118 | F29: PIN75 | J29: S | K29: S | L29: S | M29: S | P29: 23 | Q29: PCIE_12_SATA_2_RXN_TXN | R29: J1504PIN100 | S29: HSIO2
C30: A8 | D30: PIN120 | E30: PIN73 | F30: PIN119 | I30: 1 | J30: PIN66 | K30: PIN65 | L30: NC | M30: RIVET | P30: 24 | Q30: PCIE_12_SATA_2_RXP_TXP | R30: J1504PIN102 | S30: HSIO2
C31: A7 | D31: PIN71 | E31: PIN121 | F31: PIN72 | I31: 2 | J31: PIN64 | K31: PIN63 | L31: PIN67 | M31: PIN68 | P31: 25 | Q31: USB3_1_RXN_TXN | R31: J1506PIN029 | S31: HSIO1
C32: A6 | D32: PIN123 | E32: PIN70 | F32: PIN122 | I32: 3 | J32: PIN62 | K32: PIN61 | L32: PIN69 | M32: PIN70 | P32: 26 | Q32: USB3_1_RXP_TXP | R32: J1506PIN027 | S32: HSIO1
C33: A5 | D33: PIN68 | E33: PIN124 | F33: PIN69 | I33: 4 | J33: PIN60 | K33: PIN59 | L33: PIN71 | M33: PIN72 | P33: 27 | Q33: USB3_2_SSIC_1_RXN_TXN | R33: J1506PIN033 | S33: HSIO1
C34: A4 | D34: PIN126 | E34: PIN67 | F34: PIN125 | I34: 5 | J34: RIVET | K34: NC | L34: PIN73 | M34: PIN74 | P34: 28 | Q34: USB3_2_SSIC_1_RXP_TXP | R34: J1506PIN031 | S34: HSIO1
C35: A3 | D35: PIN65 | E35: PIN127 | F35: PIN66 | I35: 6 | J35: PIN58 | K35: PIN57 | L35: PIN75 | M35: PIN76 | P35: 29 | Q35: USB3_3_SSIC_2_RXN_TXN | R35: J1504PIN094 | S35: HSIO2
C36: A2 | D36: - | E36: PVPP65 | F36: PIN128 | I36: 7 | J36: PIN56 | K36: PIN55 | L36: PIN77 | M36: PIN78 | P36: 30 | Q36: USB3_3_SSIC_2_RXP_TXP | R36: J1504PIN092 | S36: HSIO2
C37: A1 | D37: - | E37: - | F37: PCHK3 | I37: 8 | J37: PIN54 | K37: PIN53 | L37: PIN79 | M37: PIN80 | P37: 31 | Q37: USB3_4_RXN_TXN | R37: J1506PIN028 | S37: HSIO1
I38: 9 | J38: PIN52 | K38: PIN51 | L38: PIN81 | M38: PIN82 | P38: 32 | Q38: USB3_4_RXP_TXP | R38: J1506PIN030 | S38: HSIO1
B39: J5 | C39: pin | D39: B列 | E39: C列 | F39: D列 | I39: 10 | J39: PIN50 | K39: PIN49 | L39: NC | M39: NC | Q39: Site3
D40: S | E40: S | F40: S | I40: 11 | J40: PIN48 | K40: PIN47 | L40: NC | M40: NC | Q40: HSIO group | R40: Tch | U40: nearby signals | V40: Tch
C41: A14 | D41: - | E41: - | F41: - | I41: 12 | J41: PIN46 | K41: PIN45 | L41: NC | M41: RIVET | P41: 1 | Q41: PCIE_1_USB3_5_RXN_TXN | R41: J1807PIN033 | S41: HSIO1 | T41: 1 | U41: USB2_VBUSSENSE | V41: J1808PIN043 | W41: Near1
C42: A13 | D42: PIN34 | E42: PIN32 | F42: PIN33 | I42: 13 | J42: PIN44 | K42: PIN43 | L42: NC | M42: - | P42: 2 | Q42: PCIE_1_USB3_5_RXP_TXP | R42: J1807PIN031 | S42: HSIO1 | T42: 2 | U42: THRMTRIPB | V42: J1809PIN106 | W42: Near2
C43: A12 | D43: PIN30 | E43: PIN35 | F43: PIN31 | I43: 14 | J43: PIN42 | K43: PIN41 | L43: PIN83 | M43: PIN84 | P43: 3 | Q43: PCIE_2_UFS_0A_USB3_6_RXN_TXN | R43: J1807PIN028 | S43: HSIO1 | T43: 3 | U43: PECI | V43: J1809PIN108 | W43: Near2
C44: A11 | D44: PIN37 | E44: PIN29 | F44: PIN36 | I44: 15 | J44: NC | K44: NC | L44: - | M44: - | P44: 4 | Q44: PCIE_2_UFS_0A_USB3_6_RXP_TXP | R44: J1807PIN030 | S44: HSIO1 | T44: 4 | U44: RSMRSTB | V44: J1809PIN086 | W44: Near2
C45: A10 | D45: PIN27 | E45: PIN38 | F45: PIN28 | I45: 16 | J45: RIVET | K45: NC | L45: PCHK2 | M45: NC | P45: 5 | Q45: PCIE_3_UFS_0B_LAN_0A_RXN_TXN | R45: J1809PIN091 | S45: HSIO2 | T45: 5 | U45: PCH_PWROK | V45: J1808PIN044 | W45: Near1
C46: A9 | D46: PIN40 | E46: PIN26 | F46: PIN39 | P46: 6 | Q46: PCIE_3_UFS_0B_LAN_0A_RXP_TXP | R46: J1809PIN093 | S46: HSIO2 | T46: 6 | U46: SYS_PWROK | V46: J1809PIN105 | W46: Near2
C47: A8 | D47: PIN24 | E47: PIN41 | F47: PIN25 | J47: #1 | P47: 7 | Q47: PCIE_4_LAN_0B_RXN_TXN | R47: J1807PIN032 | S47: HSIO1 | T47: 7 | U47: DSW_PWROK | V47: J1808PIN042 | W47: Near1
C48: A7 | D48: PIN43 | E48: PIN23 | F48: PIN42 | J48: J1601 | P48: 8 | Q48: PCIE_4_LAN_0B_RXP_TXP | R48: J1807PIN034 | S48: HSIO1 | T48: 8 | U48: DRAM_RESETB | V48: J1808PIN041 | W48: Near1
C49: A6 | D49: PIN21 | E49: PIN44 | F49: PIN22 | I49: pin | J49: D | K49: C | L49: B | M49: A | P49: 9 | Q49: PCIE_5_LAN_0C_RXN_TXN | R49: J1809PIN097 | S49: HSIO2 | T49: 9 | U49: WAKEB | V49: J1809PIN085 | W49: Near2
C50: A5 | D50: PIN46 | E50: PIN20 | F50: PIN45 | J50: S | K50: S | L50: S | M50: S | P50: 10 | Q50: PCIE_5_LAN_0C_RXP_TXP | R50: J1809PIN095 | S50: HSIO2 | T50: 10 | U50: SYS_RESETB | V50: J1809PIN107 | W50: Near2
C51: A4 | D51: PIN18 | E51: PIN47 | F51: PIN19 | I51: 1 | J51: PIN22 | K51: PIN21 | L51: NC | M51: RIVET | P51: 11 | Q51: PCIE_6_RXN_TXN | R51: J1809PIN101 | S51: HSIO2 | T51: 11 | U51: RTESTB | V51: J1809PIN089 | W51: Near2
C52: A3 | D52: PHGND1 | E52: PIN17 | F52: PIN48 | I52: 2 | J52: PIN20 | K52: PIN19 | L52: PIN23 | M52: PIN24 | P52: 12 | Q52: PCIE_6_RXP_TXP | R52: J1809PIN099 | S52: HSIO2 | T52: 12 | U52: SRTCRSTB | V52: J1809PIN087 | W52: Near2
C53: A2 | D53: - | E53: PMDTR0 | F53: PMDTR1 | I53: 3 | J53: PIN18 | K53: PIN17 | L53: PIN25 | M53: PIN26 | P53: 13 | Q53: PCIE_7_SATA_0_RXN_TXN | R53: J1809PIN103 | S53: HSIO2 | T53: 13 | U53: CSI2_DN_0 | V53: J1807PIN021 | W53: Near1
C54: A1 | D54: CBLID3 | E54: CBLID2 | F54: PCHK2 | I54: 4 | J54: PIN16 | K54: PIN15 | L54: PIN27 | M54: PIN28 | P54: 14 | Q54: PCIE_7_SATA_0_RXP_TXP | R54: J1809PIN104 | S54: HSIO2 | T54: 14 | U54: CSI2_DP_0 | V54: J1807PIN025 | W54: Near1
I55: 5 | J55: RIVET | K55: NC | L55: PIN29 | M55: PIN30 | P55: 15 | Q55: PCIE_8_SATA_1A_RXN_TXN | R55: J1809PIN092 | S55: HSIO2 | T55: 15 | U55: CSI2_DN_1 | V55: J1807PIN022 | W55: Near1
B56: J7 | C56: pin | D56: B列 | E56: C列 | F56: D列 | I56: 6 | J56: PIN14 | K56: PIN13 | L56: PIN31 | M56: PIN32 | P56: 16 | Q56: PCIE_8_SATA_1A_RXP_TXP | R56: J1809PIN094 | S56: HSIO2 | T56: 16 | U56: CSI2_DP_1 | V56: J1807PIN023 | W56: Near1
D57: S | E57: S | F57: S | I57: 7 | J57: PIN12 | K57: PIN11 | L57: PIN33 | M57: PIN34 | P57: 17 | Q57: PCIE_9_LAN_0D_RXN_TXN | R57: J1809PIN098 | S57: HSIO2
C58: A14 | D58: - | E58: - | F58: - | I58: 8 | J58: PIN10 | K58: PIN09 | L58: PIN35 | M58: PIN36 | P58: 18 | Q58: PCIE_9_LAN_0D_RXP_TXP | R58: J1809PIN096 | S58: HSIO2
C59: A13 | D59: PIN16 | E59: - | F59: - | I59: 9 | J59: PIN08 | K59: PIN07 | L59: PIN37 | M59: PIN38 | P59: 19 | Q59: PCIE_10_LAN_0E_RXN_TXN | R59: J1809PIN090 | S59: HSIO2
C60: A12 | D60: PIN50 | E60: PIN15 | F60: PIN49 | I60: 10 | J60: PIN06 | K60: PIN05 | L60: PMDTR2 | M60: Dummy2 | P60: 20 | Q60: PCIE_10_LAN_0E_RXP_TXP | R60: J1809PIN088 | S60: HSIO2
C61: A11 | D61: PIN13 | E61: PIN51 | F61: PIN14 | I61: 11 | J61: Dummy1 | K61: PMDTR0 | L61: PMDTR3 | M61: Dummy2 | P61: 21 | Q61: PCIE_11_SATA_1B_RXN_TXN | R61: J1809PIN102 | S61: HSIO2
C62: A10 | D62: PIN53 | E62: PIN12 | F62: PIN52 | I62: 12 | J62: Dummy1 | K62: PMDTR1 | L62: NC | M62: RIVET | P62: 22 | Q62: PCIE_11_SATA_1B_RXP_TXP | R62: J1809PIN100 | S62: HSIO2
C63: A9 | D63: PIN10 | E63: PIN54 | F63: PIN11 | I63: 13 | J63: PIN04 | K63: PIN03 | L63: PHGND1 | M63: PVPP1 | P63: 23 | Q63: PCIE_12_SATA_2_RXN_TXN | R63: J1807PIN026 | S63: HSIO1
C64: A8 | D64: PIN56 | E64: PIN9 | F64: PIN55 | I64: 14 | J64: PIN02 | K64: PIN01 | L64: PIN39 | M64: PIN40 | P64: 24 | Q64: PCIE_12_SATA_2_RXP_TXP | R64: J1807PIN024 | S64: HSIO1
C65: A7 | D65: PIN7 | E65: PIN57 | F65: PIN8 | I65: 15 | J65: NC | K65: NC | L65: - | M65: - | P65: 25 | Q65: USB3_1_RXN_TXN | R65: J1807PIN036 | S65: HSIO1
C66: A6 | D66: PIN59 | E66: PIN6 | F66: PIN58 | I66: 16 | J66: RIVET | K66: NC | L66: PCHK1 | M66: NC | P66: 26 | Q66: USB3_1_RXP_TXP | R66: J1807PIN038 | S66: HSIO1
C67: A5 | D67: PIN4 | E67: PIN60 | F67: PIN5 | P67: 27 | Q67: USB3_2_SSIC_1_RXN_TXN | R67: J1807PIN029 | S67: HSIO1
C68: A4 | D68: PIN62 | E68: PIN3 | F68: PIN61 | P68: 28 | Q68: USB3_2_SSIC_1_RXP_TXP | R68: J1807PIN027 | S68: HSIO1
C69: A3 | D69: PIN1 | E69: PIN63 | F69: PIN2 | P69: 29 | Q69: USB3_3_SSIC_2_RXN_TXN | R69: J1807PIN040 | S69: HSIO1
C70: A2 | D70: - | E70: PVPP1 | F70: PIN64 | P70: 30 | Q70: USB3_3_SSIC_2_RXP_TXP | R70: J1807PIN039 | S70: HSIO1
C71: A1 | D71: CBLID1 | E71: CBLID0 | F71: PCHK1 | P71: 31 | Q71: USB3_4_RXN_TXN | R71: J1807PIN037 | S71: HSIO1
P72: 32 | Q72: USB3_4_RXP_TXP | R72: J1807PIN035 | S72: HSIO1
Q73: Site5
Q74: HSIO group | R74: Tch | U74: nearby signals | V74: Tch
P75: 1 | Q75: PCIE_1_USB3_5_RXN_TXN | R75: J1603PIN088 | S75: HSIO2 | T75: 1 | U75: USB2_VBUSSENSE | V75: J1603PIN087 | W75: Near2
P76: 2 | Q76: PCIE_1_USB3_5_RXP_TXP | R76: J1603PIN090 | S76: HSIO2 | T76: 2 | U76: THRMTRIPB | V76: J1601PIN021 | W76: Near1
P77: 3 | Q77: PCIE_2_UFS_0A_USB3_6_RXN_TXN | R77: J1603PIN102 | S77: HSIO2 | T77: 3 | U77: PECI | V77: J1603PIN108 | W77: Near2
P78: 4 | Q78: PCIE_2_UFS_0A_USB3_6_RXP_TXP | R78: J1603PIN100 | S78: HSIO2 | T78: 4 | U78: RSMRSTB | V78: J1603PIN105 | W78: Near2
P79: 5 | Q79: PCIE_3_UFS_0B_LAN_0A_RXN_TXN | R79: J1603PIN095 | S79: HSIO2 | T79: 5 | U79: PCH_PWROK | V79: J1602PIN041 | W79: Near1
P80: 6 | Q80: PCIE_3_UFS_0B_LAN_0A_RXP_TXP | R80: J1603PIN097 | S80: HSIO2 | T80: 6 | U80: SYS_PWROK | V80: J1602PIN043 | W80: Near1
P81: 7 | Q81: PCIE_4_LAN_0B_RXN_TXN | R81: J1603PIN091 | S81: HSIO2 | T81: 7 | U81: DSW_PWROK | V81: J1601PIN022 | W81: Near1
P82: 8 | Q82: PCIE_4_LAN_0B_RXP_TXP | R82: J1603PIN093 | S82: HSIO2 | T82: 8 | U82: DRAM_RESETB | V82: J1601PIN025 | W82: Near1
P83: 9 | Q83: PCIE_5_LAN_0C_RXN_TXN | R83: J1601PIN033 | S83: HSIO1 | T83: 9 | U83: WAKEB | V83: J1601PIN023 | W83: Near1
P84: 10 | Q84: PCIE_5_LAN_0C_RXP_TXP | R84: J1601PIN035 | S84: HSIO1 | T84: 10 | U84: SYS_RESETB | V84: J1603PIN089 | W84: Near2
P85: 11 | Q85: PCIE_6_RXN_TXN | R85: J1601PIN038 | S85: HSIO1 | T85: 11 | U85: RTESTB | V85: J1602PIN044 | W85: Near1
P86: 12 | Q86: PCIE_6_RXP_TXP | R86: J1601PIN037 | S86: HSIO1 | T86: 12 | U86: SRTCRSTB | V86: J1602PIN042 | W86: Near1
... P90: 16 | Q90: PCIE_8_SATA_1A_RXP_TXP | R90: J1601PIN029 | S90: HSIO1 | T90: 16 | U90: CSI2_DP_1 | V90: J1603PIN085 | W90: Near2
P91: 17 | Q91: PCIE_9_LAN_0D_RXN_TXN | R91: J1601PIN026 | S91: HSIO1
P92: 18 | Q92: PCIE_9_LAN_0D_RXP_TXP | R92: J1601PIN024 | S92: HSIO1
P93: 19 | Q93: PCIE_10_LAN_0E_RXN_TXN | R93: J1601PIN027 | S93: HSIO1
P94: 20 | Q94: PCIE_10_LAN_0E_RXP_TXP | R94: J1601PIN028 | S94: HSIO1
P95: 21 | Q95: PCIE_11_SATA_1B_RXN_TXN | R95: J1601PIN034 | S95: HSIO1
P96: 22 | Q96: PCIE_11_SATA_1B_RXP_TXP | R96: J1601PIN036 | S96: HSIO1
P97: 23 | Q97: PCIE_12_SATA_2_RXN_TXN | R97: J1601PIN039 | S97: HSIO1
P98: 24 | Q98: PCIE_12_SATA_2_RXP_TXP | R98: J1601PIN040 | S98: HSIO1
P99: 25 | Q99: USB3_1_RXN_TXN | R99: J1603PIN094 | S99: HSIO2
P100: 26 | Q100: USB3_1_RXP_TXP | R100: J1603PIN092 | S100: HSIO2
P101: 27 | Q101: USB3_2_SSIC_1_RXN_TXN | R101: J1603PIN098 | S101: HSIO2
P102: 28 | Q102: USB3_2_SSIC_1_RXP_TXP | R102: J1603PIN096 | S102: HSIO2
... P106: 32 | Q106: USB3_4_RXP_TXP | R106: J1603PIN104 | S106: HSIO2

Sheet LoopBack
E1: ITTO-620-0089 SKL ULT 2+2 X6 | R1: 41712
E2: PCIE,SATA,USB LoopBack | M2: =IF(MAX(M7:M70)>M4,"Wrong","OK") -> OK
F3: OK | L3: =IF(MAX(K7:L70)>L4,"Wrong","OK") -> OK | M3: Less than | U3: =IF(MAX(S7:U70)>U4,"Wrong","OK") -> OK
E4: Less than | F4: 6000 | K4: Less than | L4: 12000 | M4: 20 | T4: Less than | U4: 10
C5: PIN Name | D5: DUT to Relay or Capacitor(mil) | G5: Capacitor to Relay(mil) | K5: LOOPBACK(mil) | M5: Difference between SITE | O5: DUT to Jconnector (mil) | R5: Difference between the P and N (mil)
B6: Ball | D6: SITE1 | E6: SITE3 | F6: SITE5 | G6: SITE1 | H6: SITE3 | I6: SITE5 | J6: SITE1 | K6: SITE3 | L6: SITE5 | O6: SITE1 | P6: SITE3 | Q6: SITE5 | S6: SITE1 | T6: SITE3 | U6: SITE5
B7: A17 | C7: PCIE_1_USB3_5_TXP | D7: 4644.185 | E7: 4645.2835 | F7: 4644.6969 | G7: 299.90945 | H7: 299.90945 | I7: 299.90945 | J7: =+D7+D8+G7 -> 9589.3071 | K7: =+E7+E8+H7 -> 9590.0157 | L7: =+F7+F8+I7 -> 9589.2126 | M7: =MAX(J7:L8)-MIN(J7:L8) -> 0.80314961 | O7: 12202.016 | P7: 16101.126 | Q7: 12596.154 | R7: PCIE_1_USB3_5_TX* | S7: =ABS(O7-O9) -> 1.4173228 | T7: =ABS(P7-P9) -> 0.92125984 | U7: =ABS(Q7-Q9) -> 0.49212598
B8: G13 | C8: PCIE_1_USB3_5_RXP | D8: 4645.2126 | E8: 4644.8228 | F8: 4644.6063 | O8: 12203.043 | P8: 16100.665 | Q8: 12596.063 | R8: PCIE_1_USB3_5_RX* | S8: =ABS(O8-O10) -> 0.11417323 | T8: =ABS(P8-P10) -> 0.34645669 | U8: =ABS(Q8-Q10) -> 0.80708661
B9: B17 | C9: PCIE_1_USB3_5_TXN | D9: 4644.6811 | E9: 4644.4961 | F9: 4644.8583 | G9: 299.90945 | H9: 299.90945 | I9: 299.90945 | J9: =+D9+D10+G9 -> 9588.7677 | K9: =+E9+E10+H9 -> 9589.0157 | L9: =+F9+F10+I9 -> 9589.8504 | M9: =MAX(J9:L10)-MIN(J9:L10) -> 1.0826772 | O9: 12203.433 | P9: 16100.205 | Q9: 12596.646
B10: H13 | C10: PCIE_1_USB3_5_RXN | D10: 4644.1772 | E10: 4644.6102 | F10: 4645.0827 | O10: 12202.929 | P10: 16100.319 | Q10: 12596.87
B11: C16 | C11: PCIE_2_UFS_0A_USB3_6_TXP | D11: 4644.8465 | E11: 4644.5039 | F11: 4645.252 | G11: 299.90945 | H11: 299.90945 | I11: 299.90945 | J11: =+D11+D12+G11 -> 9589.4961 | K11: =+E11+E12+H11 -> 9589.0394 | L11: =+F11+F12+I11 -> 9590.4409 | M11: =MAX(J11:L12)-MIN(J11:L12) -> 1.4015748 | O11: 14998.374 | P11: 15549.26 | Q11: 12794.307 | R11: PCIE_2_UFS_0A_USB3_6_TX* | S11: =ABS(O11-O13) -> 0.05511811 | T11: =ABS(P11-P13) -> 0.51574803 | U11: =ABS(Q11-Q13) -> 0.74409449
B12: F11 | C12: PCIE_2_UFS_0A_USB3_6_RXP | D12: 4644.7402 | E12: 4644.626 | F12: 4645.2795 | O12: 14998.268 | P12: 15549.382 | Q12: 12794.335 | R12: PCIE_2_UFS_0A_USB3_6_RX* | S12: =ABS(O12-O14) -> 0.031496063 | T12: =ABS(P12-P14) -> 0.71653543 | U12: =ABS(Q12-Q14) -> 0.078740157
B13: D16 | C13: PCIE_2_UFS_0A_USB3_6_TXN | D13: 4644.8071 | E13: 4644.5197 | F13: 4644.2756 | G13: 299.90945 | H13: 299.90945 | I13: 299.90945 | J13: =+D13+D14+G13 -> 9589.4409 | K13: =+E13+E14+H13 -> 9589.2717 | L13: =+F13+F14+I13 -> 9589.311 | M13: =MAX(J13:L14)-MIN(J13:L14) -> 0.16929134 | O13: 14998.319 | P13: 15549.776 | Q13: 12793.563
B14: G11 | C14: PCIE_2_UFS_0A_USB3_6_RXN | D14: 4644.7244 | E14: 4644.8425 | F14: 4645.126 | O14: 14998.236 | P14: 15550.098 | Q14: 12794.413
B15: C17 | C15: PCIE_3_UFS_0B_LAN_0A_TXP | D15: 4644.4409 | E15: 4644.7441 | F15: 4644.7244 | G15: 299.90945 | H15: 299.90945 | I15: 299.90945 | J15: =+D15+D16+G15 -> 9589.2205 | K15: =+E15+E16+H15 -> 9589.252 | L15: =+F15+F16+I15 -> 9589.315 | M15: =MAX(J15:L16)-MIN(J15:L16) -> 0.094488189 | O15: 11965.996 | P15: 14131.685 | Q15: 12636.583 | R15: PCIE_3_UFS_0B_LAN_0A_TX* | S15: =ABS(O15-O17) -> 1.1259843 | T15: =ABS(P15-P17) -> 0.9015748 | U15: =ABS(Q15-Q17) -> 0.12598425
B16: G16 | C16: PCIE_3_UFS_0B_LAN_0A_RXP | D16: 4644.8701 | E16: 4644.5984 | F16: 4644.6811 | O16: 11966.425 | P16: 14131.539 | Q16: 12636.539 | R16: PCIE_3_UFS_0B_LAN_0A_RX* | S16: =ABS(O16-O18) -> 0.20472441 | T16: =ABS(P16-P18) -> 0.81102362 | U16: =ABS(Q16-Q18) -> 0.2992126
B17: D17 | C17: PCIE_3_UFS_0B_LAN_0A_TXN | D17: 4645.5709 | E17: 4644.9173 | F17: 4644.6142 | G17: 299.90945 | H17: 299.90945 | I17: 299.90945 | J17: =+D17+D18+G17 -> 9590.1496 | K17: =+E17+E18+H17 -> 9589.5079 | L17: =+F17+F18+I17 -> 9589.2677 | M17: =MAX(J17:L18)-MIN(J17:L18) -> 0.88188976 | O17: 11967.122 | P17: 14132.587 | Q17: 12636.709
B18: H16 | C18: PCIE_3_UFS_0B_LAN_0A_RXN | D18: 4644.6693 | E18: 4644.6811 | F18: 4644.7441 | O18: 11966.22 | P18: 14132.35 | Q18: 12636.839
B19: A19 | C19: PCIE_4_LAN_0B_TXP | D19: 4644.685 | E19: 4645.0787 | F19: 4644.9606 | G19: 299.90945 | H19: 299.90945 | I19: 299.90945 | J19: =+D19+D20+G19 -> 9588.9016 | K19: =+E19+E20+H19 -> 9589.5118 | L19: =+F19+F20+I19 -> 9588.9882 | M19: =MAX(J19:L20)-MIN(J19:L20) -> 0.61023622 | O19: 11061.079 | P19: 17675.465 | Q19: 13541.295 | R19: PCIE_4_LAN_0B_TX* | S19: =ABS(O19-O21) -> 0.29527559 | T19: =ABS(P19-P21) -> 0.043307087 | U19: =ABS(Q19-Q21) -> 0.92519685
B20: F15 | C20: PCIE_4_LAN_0B_RXP | D20: 4644.3071 | E20: 4644.5236 | F20: 4644.1181 | O20: 11060.701 | P20: 17674.909 | Q20: 13540.453 | R20: PCIE_4_LAN_0B_RX* | S20: =ABS(O20-O22) -> 0.88582677 | T20: =ABS(P20-P22) -> 0.90551181 | U20: =ABS(Q20-Q22) -> 1.988189
B21: B19 | C21: PCIE_4_LAN_0B_TXN | D21: 4645.1693 | E21: 4644.5236 | F21: 4645.1654 | G21: 299.90945 | H21: 299.90945 | I21: 299.90945 | J21: =+D21+D22+G21 -> 9590.4606 | K21: =+E21+E22+H21 -> 9589.3504 | L21: =+F21+F22+I21 -> 9590.4606 | M21: =MAX(J21:L22)-MIN(J21:L22) -> 1.1102362 | O21: 11061.374 | P21: 17675.421 | Q21: 13542.22
B22: G15 | C22: PCIE_4_LAN_0B_RXN | D22: 4645.3819 | E22: 4644.9173 | F22: 4645.3858 | O22: 11061.587 | P22: 17675.815 | Q22: 13542.441
B23: D19 | C23: PCIE_5_LAN_0C_TXP | D23: 4645.1063 | E23: 4644.8071 | F23: 4644.4449 | G23: 299.90945 | H23: 299.90945 | I23: 299.90945 | J23: =+D23+D24+G23 -> 9589.6142 | K23: =+E23+E24+H23 -> 9589.6457 | L23: =+F23+F24+I23 -> 9588.9528 | M23: =MAX(J23:L24)-MIN(J23:L24) -> 0.69291339 | O23: 14053.496 | P23: 13698.776 | Q23: 26454.594 | R23: PCIE_5_LAN_0C_TX* | S23: =ABS(O23-O25) -> 0.15748031 | T23: =ABS(P23-P25) -> 0.015748031 | U23: =ABS(Q23-Q25) -> 0.17716535
B24: E16 | C24: PCIE_5_LAN_0C_RXP | D24: 4644.5984 | E24: 4644.9291 | F24: 4644.5984 | O24: 14052.988 | P24: 13698.898 | Q24: 26454.748 | R24: PCIE_5_LAN_0C_RX* | S24: =ABS(O24-O26) -> 0.086614173 | T24: =ABS(P24-P26) -> 0.094488189 | U24: =ABS(Q24-Q26) -> 0.023622047
B25: C19 | C25: PCIE_5_LAN_0C_TXN | D25: 4644.9646 | E25: 4644.4528 | F25: 4644.5 | G25: 299.90945 | H25: 299.90945 | I25: 299.90945 | J25: =+D25+D26+G25 -> 9589.5748 | K25: =+E25+E26+H25 -> 9589.0472 | L25: =+F25+F26+I25 -> 9589.2165 | M25: =MAX(J25:L26)-MIN(J25:L26) -> 0.52755906 | O25: 14053.339 | P25: 13698.76 | Q25: 26454.417
B26: F16 | C26: PCIE_5_LAN_0C_RXN | D26: 4644.7008 | E26: 4644.685 | F26: 4644.8071 | O26: 14053.075 | P26: 13698.992 | Q26: 26454.724
B27: C20 | C27: PCIE_6_TXP | D27: 4644.5945 | E27: 4644.6693 | F27: 4645.3898 | G27: 299.90945 | H27: 299.90945 | I27: 299.90945 | J27: =+D27+D28+G27 -> 9589.3898 | K27: =+E27+E28+H27 -> 9588.9803 | L27: =+F27+F28+I27 -> 9589.9961 | M27: =MAX(J27:L28)-MIN(J27:L28) -> 1.015748 | O27: 9683.9252 | P27: 14014.075 | Q27: 25628.76 | R27: PCIE_6_TX* | S27: =ABS(O27-O29) -> 0.4488189 | T27: =ABS(P27-P29) -> 0.21259843 | U27: =ABS(Q27-Q29) -> 1.4685039
B28: F18 | C28: PCIE_6_RXP | D28: 4644.8858 | E28: 4644.4016 | F28: 4644.6969 | O28: 9684.2165 | P28: 14013.807 | Q28: 25628.067 | R28: PCIE_6_RX* | S28: =ABS(O28-O30) -> 0.78740157 | T28: =ABS(P28-P30) -> 0.38188976 | U28: =ABS(Q28-Q30) -> 0.1023622
B29: D20 | C29: PCIE_6_TXN | D29: 4644.5748 | E29: 4644.748 | F29: 4644.2165 | G29: 299.90945 | H29: 299.90945 | I29: 299.90945 | J29: =+D29+D30+G29 -> 9589.0118 | K29: =+E29+E30+H29 -> 9589.7323 | L29: =+F29+F30+I29 -> 9589.0157 | M29: =MAX(J29:L30)-MIN(J29:L30) -> 0.72047244 | O29: 9683.4764 | P29: 14013.862 | Q29: 25627.291
B30: G18 | C30: PCIE_6_RXN | D30: 4644.5276 | E30: 4645.0748 | F30: 4644.8898 | O30: 9683.4291 | P30: 14014.189 | Q30: 25627.965
B31: A21 | C31: PCIE_7_SATA_0_TXP | D31: 4644.4803 | E31: 4644.8622 | F31: 4644.4094 | G31: 299.90945 | H31: 299.90945 | I31: 299.90945 | J31: =+D31+D32+G31 -> 9589.1378 | K31: =+E31+E32+H31 -> 9589.5197 | L31: =+F31+F32+I31 -> 9588.8346 | M31: =MAX(J31:L32)-MIN(J31:L32) -> 0.68503937 | O31: 12714 | P31: 13817.043 | Q31: 25273.283 | R31: PCIE_7_SATA_0_TX* | S31: =ABS(O31-O33) -> 0.54330709 | T31: =ABS(P31-P33) -> 0.19291339 | U31: =ABS(Q31-Q33) -> 0.098425197
B32: E20 | C32: PCIE_7_SATA_0_RXP | D32: 4644.748 | E32: 4644.748 | F32: 4644.5157 | O32: 12714.268 | P32: 13816.929 | Q32: 25273.39 | R32: PCIE_7_SATA_0_RX* | S32: =ABS(O32-O34) -> 0.57086614 | T32: =ABS(P32-P34) -> 0.15748031 | U32: =ABS(Q32-Q34) -> 0.53543307
B33: B21 | C33: PCIE_7_SATA_0_TXN | D33: 4644.5197 | E33: 4644.8701 | F33: 4644.4921 | G33: 299.90945 | H33: 299.90945 | I33: 299.90945 | J33: =+D33+D34+G33 -> 9589.2441 | K33: =+E33+E34+H33 -> 9589.5 | L33: =+F33+F34+I33 -> 9589.437 | M33: =MAX(J33:L34)-MIN(J33:L34) -> 0.25590551 | O33: 12714.543 | P33: 13817.236 | Q33: 25273.382
B34: F20 | C34: PCIE_7_SATA_0_RXN | D34: 4644.815 | E34: 4644.7205 | F34: 4645.0354 | O34: 12714.839 | P34: 13817.087 | Q34: 25273.925
B35: C21 | C35: PCIE_8_SATA_1A_TXP | D35: 4644.6535 | E35: 4644.8504 | F35: 4644.7126 | G35: 299.90945 | H35: 299.90945 | I35: 299.90945 | J35: =+D35+D36+G35 -> 9589.0315 | K35: =+E35+E36+H35 -> 9589.6969 | L35: =+F35+F36+I35 -> 9589.3425 | M35: =MAX(J35:L36)-MIN(J35:L36) -> 0.66535433 | O35: 12045.244 | P35: 18265.638 | Q35: 23895.693 | R35: PCIE_8_SATA_1A_TX* | S35: =ABS(O35-O37) -> 0.55905512 | T35: =ABS(P35-P37) -> 1.3661417 | U35: =ABS(Q35-Q37) -> 0.42519685
B36: F21 | C36: PCIE_8_SATA_1A_RXP | D36: 4644.4685 | E36: 4644.937 | F36: 4644.7205 | O36: 12045.059 | P36: 18265.724 | Q36: 23895.701 | R36: PCIE_8_SATA_1A_RX* | S36: =ABS(O36-O38) -> 0.062992126 | T36: =ABS(P36-P38) -> 1.1338583 | U36: =ABS(Q36-Q38) -> 0.16535433
B37: D21 | C37: PCIE_8_SATA_1A_TXN | D37: 4645.1654 | E37: 4645.0669 | F37: 4644.4606 | G37: 299.90945 | H37: 299.90945 | I37: 299.90945 | J37: =+D37+D38+G37 -> 9589.5591 | K37: =+E37+E38+H37 -> 9589.8976 | L37: =+F37+F38+I37 -> 9589.0984 | M37: =MAX(J37:L38)-MIN(J37:L38) -> 0.7992126 | O37: 12045.803 | P37: 18267.004 | Q37: 23895.268
B38: G21 | C38: PCIE_8_SATA_1A_RXN | D38: 4644.4843 | E38: 4644.9213 | F38: 4644.7283 | O38: 12045.122 | P38: 18266.858 | Q38: 23895.535
B39: A23 | C39: PCIE_9_LAN_0D_TXP | D39: 4644.6142 | E39: 4644.1535 | F39: 4644.1535 | G39: 299.90945 | H39: 299.90945 | I39: 299.90945 | J39: =+D39+D40+G39 -> 9589.2559 | K39: =+E39+E40+H39 -> 9588.8583 | L39: =+F39+F40+I39 -> 9588.6811 | M39: =MAX(J39:L40)-MIN(J39:L40) -> 0.57480315 | O39: 12202.689 | P39: 17202.157 | Q39: 22398.713 | R39: PCIE_9_LAN_0D_TX* | S39: =ABS(O39-O41) -> 0.88188976 | T39: =ABS(P39-P41) -> 0.79527559 | U39: =ABS(Q39-Q41) -> 1.3976378
B40: E23 | C40: PCIE_9_LAN_0D_RXP | D40: 4644.7323 | E40: 4644.7953 | F40: 4644.6181 | O40: 12202.807 | P40: 17202.799 | Q40: 22399.177 | R40: PCIE_9_LAN_0D_RX* | S40: =ABS(O40-O42) -> 0.36614173 | T40: =ABS(P40-P42) -> 0.46062992 | U40: =ABS(Q40-Q42) -> 1.4055118
B41: B23 | C41: PCIE_9_LAN_0D_TXN | D41: 4645.2362 | E41: 4644.7835 | F41: 4644.4488 | G41: 299.90945 | H41: 299.90945 | I41: 299.90945 | J41: =+D41+D42+G41 -> 9589.9843 | K41: =+E41+E42+H41 -> 9589.7835 | L41: =+F41+F42+I41 -> 9589.2795 | M41: =MAX(J41:L42)-MIN(J41:L42) -> 0.70472441 | O41: 12203.571 | P41: 17202.953 | Q41: 22400.11
B42: E22 | C42: PCIE_9_LAN_0D_RXN | D42: 4644.8386 | E42: 4645.0906 | F42: 4644.9213 | O42: 12203.173 | P42: 17203.26 | Q42: 22400.583
B43: C23 | C43: PCIE_10_LAN_0E_TXP | D43: 4644.3425 | E43: 4644.8976 | F43: 4644.9606 | G43: 299.90945 | H43: 299.90945 | I43: 299.90945 | J43: =+D43+D44+G43 -> 9588.6378 | K43: =+E43+E44+H43 -> 9589.7126 | L43: =+F43+F44+I43 -> 9589.6929 | M43: =MAX(J43:L44)-MIN(J43:L44) -> 1.0748031 | O43: 11966.819 | P43: 20076.898 | Q43: 22242.327 | R43: PCIE_10_LAN_0E_TX* | S43: =ABS(O43-O45) -> 0.55511811 | T43: =ABS(P43-P45) -> 0.070866142 | U43: =ABS(Q43-Q45) -> 0.22834646
B44: E25 | C44: PCIE_10_LAN_0E_RXP | D44: 4644.3858 | E44: 4644.9055 | F44: 4644.8228 | O44: 11966.862 | P44: 20076.906 | Q44: 22242.189 | R44: PCIE_10_LAN_0E_RX* | S44: =ABS(O44-O46) -> 0.098425197 | T44: =ABS(P44-P46) -> 0.086614173 | U44: =ABS(Q44-Q46) -> 0.0078740157
B45: D23 | C45: PCIE_10_LAN_0E_TXN | D45: 4645.122 | E45: 4644.7638 | F45: 4644.4094 | G45: 299.90945 | H45: 299.90945 | I45: 299.90945 | J45: =+D45+D46+G45 -> 9589.7402 | K45: =+E45+E46+H45 -> 9589.2874 | L45: =+F45+F46+I45 -> 9588.8268 | M45: =MAX(J45:L46)-MIN(J45:L46) -> 0.91338583 | O45: 11967.374 | P45: 20076.969 | Q45: 22242.098
B46: F25 | C46: PCIE_10_LAN_0E_RXN | D46: 4644.7087 | E46: 4644.6142 | F46: 4644.5079 | O46: 11966.961 | P46: 20076.819 | Q46: 22242.197
B47: C24 | C47: PCIE_11_SATA_1B_TXP | D47: 4644.6299 | E47: 4645.3465 | F47: 4644.4843 | G47: 299.90945 | H47: 299.90945 | I47: 299.90945 | J47: =+D47+D48+G47 -> 9589.2047 | K47: =+E47+E48+H47 -> 9590.5118 | L47: =+F47+F48+I47 -> 9589.0945 | M47: =MAX(J47:L48)-MIN(J47:L48) -> 1.4173228 | O47: 10628.118 | P47: 17046.874 | Q47: 21769.386 | R47: PCIE_11_SATA_1B_TX* | S47: =ABS(O47-O49) -> 0.23228346 | T47: =ABS(P47-P49) -> 1.0472441 | U47: =ABS(Q47-Q49) -> 0.62992126
B48: E27 | C48: PCIE_11_SATA_1B_RXP | D48: 4644.6654 | E48: 4645.2559 | F48: 4644.7008 | O48: 10628.154 | P48: 17046.783 | Q48: 21769.602 | R48: PCIE_11_SATA_1B_RX* | S48: =ABS(O48-O50) -> 0.40944882 | T48: =ABS(P48-P50) -> 1.1023622 | U48: =ABS(Q48-Q50) -> 0.023622047
B49: D24 | C49: PCIE_11_SATA_1B_TXN | D49: 4644.7756 | E49: 4645.3465 | F49: 4645.1102 | G49: 299.90945 | H49: 299.90945 | I49: 299.90945 | J49: =+D49+D50+G49 -> 9589.3189 | K49: =+E49+E50+H49 -> 9590.4567 | L49: =+F49+F50+I49 -> 9589.7402 | M49: =MAX(J49:L50)-MIN(J49:L50) -> 1.1377953 | O49: 10627.886 | P49: 17045.827 | Q49: 21770.016
B50: E28 | C50: PCIE_11_SATA_1B_RXN | D50: 4644.6339 | E50: 4645.2008 | F50: 4644.7205 | O50: 10627.744 | P50: 17045.681 | Q50: 21769.626
B51: B25 | C51: PCIE_12_SATA_2_TXP | D51: 4644.6339 | E51: 4645.0118 | F51: 4643.8189 | G51: 299.90945 | H51: 299.90945 | I51: 299.90945 | J51: =+D51+D52+G51 -> 9589.1457 | K51: =+E51+E52+H51 -> 9589.9134 | L51: =+F51+F52+I51 -> 9588.7165 | M51: =MAX(J51:L52)-MIN(J51:L52) -> 1.1968504 | O51: 12596.354 | P51: 16101.685 | Q51: 18619.882 | R51: PCIE_12_SATA_2_TX* | S51: =ABS(O51-O53) -> 0.22047244 | T51: =ABS(P51-P53) -> 0.69291339 | U51: =ABS(Q51-Q53) -> 0.12204724
B52: F30 | C52: PCIE_12_SATA_2_RXP | D52: 4644.6024 | E52: 4644.9921 | F52: 4644.9882 | O52: 12596.323 | P52: 16101.665 | Q52: 18621.051 | R52: PCIE_12_SATA_2_RX* | S52: =ABS(O52-O54) -> 0.11811024 | T52: =ABS(P52-P54) -> 1.2125984 | U52: =ABS(Q52-Q54) -> 0.094488189
B53: A25 | C53: PCIE_12_SATA_2_TXN | D53: 4644.3583 | E53: 4645.2244 | F53: 4643.9173 | G53: 299.90945 | H53: 299.90945 | I53: 299.90945 | J53: =+D53+D54+G53 -> 9588.6969 | K53: =+E53+E54+H53 -> 9589.8189 | L53: =+F53+F54+I53 -> 9588.6969 | M53: =MAX(J53:L54)-MIN(J53:L54) -> 1.1220472 | O53: 12596.134 | P53: 16100.992 | Q53: 18620.004
B54: E30 | C54: PCIE_12_SATA_2_RXN | D54: 4644.4291 | E54: 4644.685 | F54: 4644.8701 | O54: 12596.205 | P54: 16100.453 | Q54: 18620.957
B55: D13 | C55: USB3_1_TXP | D55: 4644.8937 | E55: 4644.2795 | F55: 4644.7126 | G55: 299.90945 | H55: 299.90945 | I55: 299.90945 | J55: =+D55+D56+G55 -> 9589.4882 | K55: =+E55+E56+H55 -> 9589.1457 | L55: =+F55+F56+I55 -> 9589.4528 | M55: =MAX(J55:L56)-MIN(J55:L56) -> 0.34251969 | O55: 15825.197 | P55: 14525.067 | Q55: 12636.35 | R55: USB3_1_TX* | S55: =ABS(O55-O57) -> 0.41338583 | T55: =ABS(P55-P57) -> 0.20866142 | U55: =ABS(Q55-Q57) -> 0.73228346
B56: G8 | C56: USB3_1_RXP | D56: 4644.685 | E56: 4644.9567 | F56: 4644.8307 | O56: 15824.988 | P56: 14525.744 | Q56: 12636.469 | R56: USB3_1_RX* | S56: =ABS(O56-O58) -> 0.18503937 | T56: =ABS(P56-P58) -> 0.15354331 | U56: =ABS(Q56-Q58) -> 0.84251969
B57: C13 | C57: USB3_1_TXN | D57: 4644.7244 | E57: 4644.3465 | F57: 4644.6457 | G57: 299.90945 | H57: 299.90945 | I57: 299.90945 | J57: =+D57+D58+G57 -> 9589.378 | K57: =+E57+E58+H57 -> 9589.2244 | L57: =+F57+F58+I57 -> 9589.2087 | M57: =MAX(J57:L58)-MIN(J57:L58) -> 0.16929134 | O57: 15824.783 | P57: 14525.276 | Q57: 12635.618
B58: H8 | C58: USB3_1_RXN | D58: 4644.7441 | E58: 4644.9685 | F58: 4644.6535 | O58: 15824.803 | P58: 14525.898 | Q58: 12635.626
B59: A13 | C59: USB3_2_SSIC_1_TXP | D59: 4645.5748 | E59: 4644.4882 | F59: 4644.8071 | G59: 299.90945 | H59: 299.90945 | I59: 299.90945 | J59: =+D59+D60+G59 -> 9590.3268 | K59: =+E59+E60+H59 -> 9589.1024 | L59: =+F59+F60+I59 -> 9590.1496 | M59: =MAX(J59:L60)-MIN(J59:L60) -> 1.2244094 | O59: 15235.11 | P59: 12950.476 | Q59: 12557.976 | R59: USB3_2_SSIC_1_TX* | S59: =ABS(O59-O61) -> 0.97637795 | T59: =ABS(P59-P61) -> 0.2992126 | U59: =ABS(Q59-Q61) -> 0.2992126
B60: H6 | C60: USB3_2_SSIC_1_RXP | D60: 4644.8425 | E60: 4644.7047 | F60: 4645.4331 | O60: 15234.378 | P60: 12950.693 | Q60: 12558.602 | R60: USB3_2_SSIC_1_RX* | S60: =ABS(O60-O62) -> 0.54724409 | T60: =ABS(P60-P62) -> 0.52755906 | U60: =ABS(Q60-Q62) -> 0.91338583
B61: B13 | C61: USB3_2_SSIC_1_TXN | D61: 4644.6378 | E61: 4644.4882 | F61: 4645.2717 | G61: 299.90945 | H61: 299.90945 | I61: 299.90945 | J61: =+D61+D62+G61 -> 9588.8819 | K61: =+E61+E62+H61 -> 9588.874 | L61: =+F61+F62+I61 -> 9590.4646 | M61: =MAX(J61:L62)-MIN(J61:L62) -> 1.5905512 | O61: 15234.134 | P61: 12950.177 | Q61: 12557.677
B62: J6 | C62: USB3_2_SSIC_1_RXN | D62: 4644.3346 | E62: 4644.4764 | F62: 4645.2835 | O62: 15233.831 | P62: 12950.165 | Q62: 12557.689
B63: A15 | C63: USB3_3_SSIC_2_TXP | D63: 4644.8346 | E63: 4644.7283 | F63: 4644.1575 | G63: 299.90945 | H63: 299.90945 | I63: 299.90945 | J63: =+D63+D64+G63 -> 9589.7087 | K63: =+E63+E64+H63 -> 9589.3622 | L63: =+F63+F64+I63 -> 9588.752 | M63: =MAX(J63:L64)-MIN(J63:L64) -> 0.95669291 | O63: 14643.839 | P63: 13541.496 | Q63: 11769.382 | R63: USB3_3_SSIC_2_TX* | S63: =ABS(O63-O65) -> 0.64173228 | T63: =ABS(P63-P65) -> 0.25984252 | U63: =ABS(Q63-Q65) -> 0.99606299
B64: H10 | C64: USB3_3_SSIC_2_RXP | D64: 4644.9646 | E64: 4644.7244 | F64: 4644.685 | O64: 14643.969 | P64: 13541.492 | Q64: 11769.909 | R64: USB3_3_SSIC_2_RX* | S64: =ABS(O64-O66) -> 0.047244094 | T64: =ABS(P64-P66) -> 0.46850394 | U64: =ABS(Q64-Q66) -> 0.19685039
B65: B15 | C65: USB3_3_SSIC_2_TXN | D65: 4645.4094 | E65: 4643.8701 | F65: 4645.248 | G65: 299.90945 | H65: 299.90945 | I65: 299.90945 | J65: =+D65+D66+G65 -> 9590.1693 | K65: =+E65+E66+H65 -> 9588.374 | L65: =+F65+F66+I65 -> 9590.1339 | M65: =MAX(J65:L66)-MIN(J65:L66) -> 1.7952756 | O65: 14644.48 | P65: 13541.236 | Q65: 11770.378
B66: J10 | C66: USB3_3_SSIC_2_RXN | D66: 4644.8504 | E66: 4644.5945 | F66: 4644.9764 | O66: 14643.921 | P66: 13541.961 | Q66: 11770.106
B67: D15 | C67: USB3_4_TXP | D67: 4644.3858 | E67: 4644.7047 | F67: 4645.1024 | G67: 299.90945 | H67: 299.90945 | I67: 299.90945 | J67: =+D67+D68+G67 -> 9588.9173 | K67: =+E67+E68+H67 -> 9589.4803 | L67: =+F67+F68+I67 -> 9590.2283 | M67: =MAX(J67:L68)-MIN(J67:L68) -> 1.3110236 | O67: 18935.118 | P67: 13069.039 | Q67: 11770.031 | R67: USB3_4_TX* | S67: =ABS(O67-O69) -> 0.71653543 | T67: =ABS(P67-P69) -> 0.52362205 | U67: =ABS(Q67-Q69) -> 0.22440945
B68: F10 | C68: USB3_4_RXP | D68: 4644.622 | E68: 4644.8661 | F68: 4645.2165 | O68: 18935.354 | P68: 13069.201 | Q68: 11770.146 | R68: USB3_4_RX* | S68: =ABS(O68-O70) -> 0.35826772 | T68: =ABS(P68-P70) -> 0.11811024 | U68: =ABS(Q68-Q70) -> 0.023622047
B69: C15 | C69: USB3_4_TXN | D69: 4645.2205 | E69: 4645.2441 | F69: 4644.8937 | G69: 299.90945 | H69: 299.90945 | I69: 299.90945 | J69: =+D69+D70+G69 -> 9590.2283 | K69: =+E69+E70+H69 -> 9589.9173 | L69: =+F69+F70+I69 -> 9589.6102 | M69: =MAX(J69:L70)-MIN(J69:L70) -> 0.61811024 | O69: 18935.835 | P69: 13069.563 | Q69: 11770.256
B70: E10 | C70: USB3_4_RXN | D70: 4645.0984 | E70: 4644.7638 | F70: 4644.8071 | O70: 18935.713 | P70: 13069.083 | Q70: 11770.169
K74: Max | L74: =MAX(J7:L70) -> 9590.5118
K75: Min | L75: =MIN(J7:L70) -> 9588.374
L76: =+L74-L75 -> 2.1377953
K78: Less than | L78: 1000 | M78: =IF(L76>L78,"Wrong","OK") -> OK

Sheet DDR
C1: ITTO-620-0089 SKL ULT 2+2 X6 | G1: 41712
C2: DDR | D2: Less than | E2: 11000
D3: MAX | E3: =MAX(D6:F165) -> 7172.2756 | F3: mil | G3: =IF(E2<E$3,"Wrong","OK") -> OK
C4: PIN Name | D4: LENGTH(mil)
B5: Ball | D5: SITE1 | E5: SITE3 | F5: SITE5 | H5: SITE1 | I5: SITE3 | J5: SITE5
B6: AL71 | C6: DDRDQ_IL00_NIL00[0] | D6: 6412.3937 | E6: 6415.4606 | F6: 6424.9016
B7: AL68 | C7: DDRDQ_IL00_NIL00[1] | D7: 6422.7047 | E7: 6424.748 | F7: 6416.8504 | G7: DDRDQ_IL00
B8: AN68 | C8: DDRDQ_IL00_NIL00[2] | D8: 6411.6024 | E8: 6424.3425 | F8: 6421.2205 | H8: SITE1 | I8: SITE3 | J8: SITE5
B9: AN69 | C9: DDRDQ_IL00_NIL00[3] | D9: 6418.0197 | E9: 6416.2638 | F9: 6424.4724 | G9: MAX | H9: =MAX(D6:D15) -> 6422.7047 | I9: =MAX(E6:E15) -> 6424.748 | J9: =MAX(F6:F15) -> 6424.9016
B10: AL70 | C10: DDRDQ_IL00_NIL00[4] | D10: 6411.0157 | E10: 6412.4331 | F10: 6411.5354 | G10: MIN | H10: =MIN(D6:D15) -> 6411.0157 | I10: =MIN(E6:E15) -> 6412.4331 | J10: =MIN(F6:F15) -> 6410.3228
B11: AL69 | C11: DDRDQ_IL00_NIL00[5] | D11: 6411.7835 | E11: 6424.2047 | F11: 6410.3228 | G11: DIFF. | H11: =H9-H10 -> 11.688976 | I11: =I9-I10 -> 12.314961 | J11: =J9-J10 -> 14.57874
B12: AN70 | C12: DDRDQ_IL00_NIL00[6] | D12: 6414.4646 | E12: 6424.3819 | F12: 6418.5866 | H12: =IF(H11>$L12,"Wrong","OK") -> OK | I12: =IF(I11>$L12,"Wrong","OK") -> OK | J12: =IF(J11>$L12,"Wrong","OK") -> OK | K12: Less than | L12: 20
B13: AN71 | C13: DDRDQ_IL00_NIL00[7] | D13: 6416.3346 | E13: 6416.7402 | F13: 6421.8858 | H13: SITE1 | I13: SITE3 | J13: SITE5
B14: AM70 | C14: DDRDQSN_IL00_NIL00 | D14: 6417.4291 | E14: 6417.4606 | F14: 6418.2244 | G14: Diff. PEAR | H14: =ABS(D14-D15) -> 0.69685039 | I14: =ABS(E14-E15) -> 0.18897638 | J14: =ABS(F14-F15) -> 0.51574803 | K14: Less than | L14: 4
B15: AM69 | C15: DDRDQSP_IL00_NIL00 | D15: 6418.126 | E15: 6417.6496 | F15: 6418.7402 | L15: =IF(MAX(H14:J15)>L14,"Wrong","OK") -> OK
B16: AR70 | C16: DDRDQ_IL01_NIL01[0] | D16: 4966.748 | E16: 4957.6181 | F16: 4967.8583
B17: AR68 | C17: DDRDQ_IL01_NIL01[1] | D17: 4965.4409 | E17: 4965.248 | F17: 4967.2835 | G17: DDRDQ_IL01
B18: AU71 | C18: DDRDQ_IL01_NIL01[2] | D18: 4960.4449 | E18: 4963.0236 | F18: 4960.8819 | H18: SITE1 | I18: SITE3 | J18: SITE5
B19: AU68 | C19: DDRDQ_IL01_NIL01[3] | D19: 4966.4094 | E19: 4964.8937 | F19: 4955.7283 | G19: MAX | H19: =MAX(D16:D25) -> 4966.748 | I19: =MAX(E16:E25) -> 4966.2913 | J19: =MAX(F16:F25) -> 4967.8583
B20: AR71 | C20: DDRDQ_IL01_NIL01[4] | D20: 4965.8268 | E20: 4960.5079 | F20: 4963.752 | G20: MIN | H20: =MIN(D16:D25) -> 4953.7717 | I20: =MIN(E16:E25) -> 4956.0669 | J20: =MIN(F16:F25) -> 4954.6732
B21: AR69 | C21: DDRDQ_IL01_NIL01[5] | D21: 4953.7717 | E21: 4962.0315 | F21: 4954.6732 | G21: DIFF. | H21: =H19-H20 -> 12.976378 | I21: =I19-I20 -> 10.224409 | J21: =J19-J20 -> 13.185039
B22: AU70 | C22: DDRDQ_IL01_NIL01[6] | D22: 4964.5433 | E22: 4956.0669 | F22: 4963.7795 | H22: =IF(H21>$L22,"Wrong","OK") -> OK | I22: =IF(I21>$L22,"Wrong","OK") -> OK | J22: =IF(J21>$L22,"Wrong","OK") -> OK | K22: Less than | L22: 20
B23: AU69 | C23: DDRDQ_IL01_NIL01[7] | D23: 4959.3701 | E23: 4966.2913 | F23: 4960.8937 | H23: SITE1 | I23: SITE3 | J23: SITE5
B24: AT69 | C24: DDRDQSN_IL01_NIL01 | D24: 4961.2795 | E24: 4963.6614 | F24: 4963.1299 | G24: Diff. PEAR | H24: =ABS(D24-D25) -> 0.28740157 | I24: =ABS(E24-E25) -> 1.7047244 | J24: =ABS(F24-F25) -> 0.59055118 | K24: Less than | L24: 4
B25: AT70 | C25: DDRDQSP_IL01_NIL01 | D25: 4961.5669 | E25: 4961.9567 | F25: 4963.7205 | L25: =IF(MAX(H24:J25)>L24,"Wrong","OK") -> OK
B26: BB65 | C26: DDRDQ_IL02_NIL04[0] | D26: 5083.6535 | E26: 5076.437 | F26: 5082.6496
B27: AW65 | C27: DDRDQ_IL02_NIL04[1] | D27: 5075.252 | E27: 5082.4331 | F27: 5079.2677 | G27: DDRDQ_IL02
B28: AW63 | C28: DDRDQ_IL02_NIL04[2] | D28: 5072.6654 | E28: 5084.9094 | F28: 5077.4016 | H28: SITE1 | I28: SITE3 | J28: SITE5
B29: AY63 | C29: DDRDQ_IL02_NIL04[3] | D29: 5079.626 | E29: 5076.0512 | F29: 5078.3583 | G29: MAX | H29: =MAX(D26:D35) -> 5083.8937 | I29: =MAX(E26:E35) -> 5084.9094 | J29: =MAX(F26:F35) -> 5082.6496
B30: BA65 | C30: DDRDQ_IL02_NIL04[4] | D30: 5080.4882 | E30: 5082.6732 | F30: 5078.1063 | G30: MIN | H30: =MIN(D26:D35) -> 5072.6654 | I30: =MIN(E26:E35) -> 5076.0512 | J30: =MIN(F26:F35) -> 5077.4016
B31: AY65 | C31: DDRDQ_IL02_NIL04[5] | D31: 5082.8504 | E31: 5081.1417 | F31: 5080.1693 | G31: DIFF. | H31: =H29-H30 -> 11.228346 | I31: =I29-I30 -> 8.8582677 | J31: =J29-J30 -> 5.2480315
B32: BA63 | C32: DDRDQ_IL02_NIL04[6] | D32: 5083.8937 | E32: 5077.3465 | F32: 5078.9252 | H32: =IF(H31>$L32,"Wrong","OK") -> OK | I32: =IF(I31>$L32,"Wrong","OK") -> OK | J32: =IF(J31>$L32,"Wrong","OK") -> OK | K32: Less than | L32: 20
B33: BB63 | C33: DDRDQ_IL02_NIL04[7] | D33: 5080.185 | E33: 5077.2087 | F33: 5080.2992 | H33: SITE1 | I33: SITE3 | J33: SITE5
B34: BA64 | C34: DDRDQSN_IL02_NIL04 | D34: 5079.4882 | E34: 5081.189 | F34: 5079.0709 | G34: Diff. PEAR | H34: =ABS(D34-D35) -> 0.65354331 | I34: =ABS(E34-E35) -> 1.5866142 | J34: =ABS(F34-F35) -> 0.066929134 | K34: Less than | L34: 4
B35: AY64 | C35: DDRDQSP_IL02_NIL04 | D35: 5080.1417 | E35: 5079.6024 | F35: 5079.0039 | L35: =IF(MAX(H34:J35)>L34,"Wrong","OK") -> OK
B36: BA61 | C36: DDRDQ_IL03_NIL05[0] | D36: 5597.5433 | E36: 5590.6575 | F36: 5592.5394
B37: AW61 | C37: DDRDQ_IL03_NIL05[1] | D37: 5584.3937 | E37: 5590.0236 | F37: 5597.2126 | G37: DDRDQ_IL03
B38: BB59 | C38: DDRDQ_IL03_NIL05[2] | D38: 5585.5748 | E38: 5590.6969 | F38: 5591.815 | H38: SITE1 | I38: SITE3 | J38: SITE5
B39: AW59 | C39: DDRDQ_IL03_NIL05[3] | D39: 5588.1969 | E39: 5587.4488 | F39: 5597.0276 | G39: MAX | H39: =MAX(D36:D45) -> 5597.626 | I39: =MAX(E36:E45) -> 5597.6772 | J39: =MAX(F36:F45) -> 5597.2126
B40: BB61 | C40: DDRDQ_IL03_NIL05[4] | D40: 5583.9685 | E40: 5590.6496 | F40: 5582.7362 | G40: MIN | H40: =MIN(D36:D45) -> 5583.9685 | I40: =MIN(E36:E45) -> 5583.5394 | J40: =MIN(F36:F45) -> 5582.7362
B41: AY61 | C41: DDRDQ_IL03_NIL05[5] | D41: 5594.9724 | E41: 5583.5394 | F41: 5591.6496 | G41: DIFF. | H41: =H39-H40 -> 13.65748 | I41: =I39-I40 -> 14.137795 | J41: =J39-J40 -> 14.476378
B42: BA59 | C42: DDRDQ_IL03_NIL05[6] | D42: 5597.626 | E42: 5597.6772 | F42: 5594.4291 | H42: =IF(H41>$L42,"Wrong","OK") -> OK | I42: =IF(I41>$L42,"Wrong","OK") -> OK | J42: =IF(J41>$L42,"Wrong","OK") -> OK | K42: Less than | L42: 20
B43: AY59 | C43: DDRDQ_IL03_NIL05[7] | D43: 5590.4094 | E43: 5596.4961 | F43: 5587.874 | H43: SITE1 | I43: SITE3 | J43: SITE5
B44: AY60 | C44: DDRDQSN_IL03_NIL05 | D44: 5594.1102 | E44: 5593.9094 | F44: 5593.9488 | G44: Diff. PEAR | H44: =ABS(D44-D45) -> 3.2874016 | I44: =ABS(E44-E45) -> 2.7716535 | J44: =ABS(F44-F45) -> 2.988189 | K44: Less than | L44: 4
B45: BA60 | C45: DDRDQSP_IL03_NIL05 | D45: 5590.8228 | E45: 5591.1378 | F45: 5590.9606 | L45: =IF(MAX(H44:J45)>L44,"Wrong","OK") -> OK
B46: AY39 | C46: DDRDQ_IL04_NIL10[0] | D46: 4682.0197 | E46: 4683.0433 | F46: 4681.1417
B47: AW39 | C47: DDRDQ_IL04_NIL10[1] | D47: 4686.6535 | E47: 4684.248 | F47: 4683.8701 | G47: DDRDQ_IL04
B48: AY37 | C48: DDRDQ_IL04_NIL10[2] | D48: 4685.0551 | E48: 4687.0591 | F48: 4684.5512 | H48: SITE1 | I48: SITE3 | J48: SITE5
B49: AW37 | C49: DDRDQ_IL04_NIL10[3] | D49: 4689.4488 | E49: 4689.2874 | F49: 4685.4331 | G49: MAX | H49: =MAX(D46:D55) -> 4689.4488 | I49: =MAX(E46:E55) -> 4689.2874 | J49: =MAX(F46:F55) -> 4690.4331
B50: BB39 | C50: DDRDQ_IL04_NIL10[4] | D50: 4680.315 | E50: 4686.7677 | F50: 4683.2283 | G50: MIN | H50: =MIN(D46:D55) -> 4680.315 | I50: =MIN(E46:E55) -> 4681.2362 | J50: =MIN(F46:F55) -> 4679.6811
B51: BA39 | C51: DDRDQ_IL04_NIL10[5] | D51: 4682.8386 | E51: 4685.0236 | F51: 4690.4331 | G51: DIFF. | H51: =H49-H50 -> 9.1338583 | I51: =I49-I50 -> 8.0511811 | J51: =J49-J50 -> 10.751969
B52: BA37 | C52: DDRDQ_IL04_NIL10[6] | D52: 4688.1732 | E52: 4681.2362 | F52: 4679.6811 | H52: =IF(H51>$L52,"Wrong","OK") -> OK | I52: =IF(I51>$L52,"Wrong","OK") -> OK | J52: =IF(J51>$L52,"Wrong","OK") -> OK | K52: Less than | L52: 20
B53: BB37 | C53: DDRDQ_IL04_NIL10[7] | D53: 4682.3031 | E53: 4686.2008 | F53: 4686.7953 | H53: SITE1 | I53: SITE3 | J53: SITE5
B54: BA38 | C54: DDRDQSN_IL04_NIL10 | D54: 4685.2008 | E54: 4685.374 | F54: 4684.1024 | G54: Diff. PEAR | H54: =ABS(D54-D55) -> 0.54724409 | I54: =ABS(E54-E55) -> 0.72834646 | J54: =ABS(F54-F55) -> 3.2283465 | K54: Less than | L54: 4
B55: AY38 | C55: DDRDQSP_IL04_NIL10 | D55: 4685.748 | E55: 4686.1024 | F55: 4687.3307 | L55: =IF(MAX(H54:J55)>L54,"Wrong","OK") -> OK
B56: AY35 | C56: DDRDQ_IL05_NIL11[0] | D56: 6059.689 | E56: 6058.4764 | F56: 6063.9961
B57: AW35 | C57: DDRDQ_IL05_NIL11[1] | D57: 6061.1102 | E57: 6060.7126 | F57: 6060.6654 | G57: DDRDQ_IL05
B58: AY33 | C58: DDRDQ_IL05_NIL11[2] | D58: 6070.0827 | E58: 6067.0039 | F58: 6060.122 | H58: SITE1 | I58: SITE3 | J58: SITE5
B59: AW33 | C59: DDRDQ_IL05_NIL11[3] | D59: 6064.9803 | E59: 6057.5 | F59: 6056.0276 | G59: MAX | H59: =MAX(D56:D65) -> 6070.0827 | I59: =MAX(E56:E65) -> 6068.8858 | J59: =MAX(F56:F65) -> 6066.4803
B60: BB35 | C60: DDRDQ_IL05_NIL11[4] | D60: 6064.2835 | E60: 6055.8031 | F60: 6062.5118 | G60: MIN | H60: =MIN(D56:D65) -> 6058.0945 | I60: =MIN(E56:E65) -> 6055.8031 | J60: =MIN(F56:F65) -> 6056.0276
B61: BA35 | C61: DDRDQ_IL05_NIL11[5] | D61: 6064.9724 | E61: 6063.1181 | F61: 6064.4882 | G61: DIFF. | H61: =H59-H60 -> 11.988189 | I61: =I59-I60 -> 13.082677 | J61: =J59-J60 -> 10.452756
B62: BA33 | C62: DDRDQ_IL05_NIL11[6] | D62: 6058.0945 | E62: 6068.8858 | F62: 6057.5354 | H62: =IF(H61>$L62,"Wrong","OK") -> OK | I62: =IF(I61>$L62,"Wrong","OK") -> OK | J62: =IF(J61>$L62,"Wrong","OK") -> OK | K62: Less than | L62: 20
B63: BB33 | C63: DDRDQ_IL05_NIL11[7] | D63: 6059.7283 | E63: 6057.815 | F63: 6060.5157 | H63: SITE1 | I63: SITE3 | J63: SITE5
B64: AY34 | C64: DDRDQSN_IL05_NIL11 | D64: 6066.0236 | E64: 6066.7362 | F64: 6062.7008 | G64: Diff. PEAR | H64: =ABS(D64-D65) -> 3.6023622 | I64: =ABS(E64-E65) -> 3.3307087 | J64: =ABS(F64-F65) -> 3.7795276 | K64: Less than | L64: 4
B65: BA34 | C65: DDRDQSP_IL05_NIL11 | D65: 6062.4213 | E65: 6063.4055 | F65: 6066.4803 | L65: =IF(MAX(H64:J65)>L64,"Wrong","OK") -> OK
B66: AY31 | C66: DDRDQ_IL06_NIL14[0] | D66: 5204.5157 | E66: 5192.5512 | F66: 5194.8425
B67: AW31 | C67: DDRDQ_IL06_NIL14[1] | D67: 5201.9055 | E67: 5202.685 | F67: 5204.2677 | G67: DDRDQ_IL06
B68: AY29 | C68: DDRDQ_IL06_NIL14[2] | D68: 5203.0472 | E68: 5196.811 | F68: 5192.622 | H68: SITE1 | I68: SITE3 | J68: SITE5
B69: AW29 | C69: DDRDQ_IL06_NIL14[3] | D69: 5200.2165 | E69: 5194.8543 | F69: 5195.1654 | G69: MAX | H69: =MAX(D66:D75) -> 5204.5157 | I69: =MAX(E66:E75) -> 5202.685 | J69: =MAX(F66:F75) -> 5204.2677
B70: BB31 | C70: DDRDQ_IL06_NIL14[4] | D70: 5197.5669 | E70: 5192.6496 | F70: 5190.0827 | G70: MIN | H70: =MIN(D66:D75) -> 5193.6299 | I70: =MIN(E66:E75) -> 5192.3819 | J70: =MIN(F66:F75) -> 5190.0827
B71: BA31 | C71: DDRDQ_IL06_NIL14[5] | D71: 5193.6299 | E71: 5196.874 | F71: 5191.0118 | G71: DIFF. | H71: =H69-H70 -> 10.885827 | I71: =I69-I70 -> 10.30315 | J71: =J69-J70 -> 14.185039
B72: BA29 | C72: DDRDQ_IL06_NIL14[6] | D72: 5199.3661 | E72: 5192.3819 | F72: 5195.315 | H72: =IF(H71>$L72,"Wrong","OK") -> OK | I72: =IF(I71>$L72,"Wrong","OK") -> OK | J72: =IF(J71>$L72,"Wrong","OK") -> OK | K72: Less than | L72: 20
B73: BB29 | C73: DDRDQ_IL06_NIL14[7] | D73: 5195.1772 | E73: 5196.9882 | F73: 5191.4094 | H73: SITE1 | I73: SITE3 | J73: SITE5
B74: BA30 | C74: DDRDQSN_IL06_NIL14 | D74: 5197.6142 | E74: 5199.3031 | F74: 5198.5787 | G74: Diff. PEAR | H74: =ABS(D74-D75) -> 1.8188976 | I74: =ABS(E74-E75) -> 0.64173228 | J74: =ABS(F74-F75) -> 2.1574803 | K74: Less than | L74: 4
B75: AY30 | C75: DDRDQSP_IL06_NIL14 | D75: 5199.4331 | E75: 5198.6614 | F75: 5200.7362 | L75: =IF(MAX(H74:J75)>L74,"Wrong","OK") -> OK
B76: AY27 | C76: DDRDQ_IL07_NIL15[0] | D76: 6185.6102 | E76: 6181.9961 | F76: 6183.8701
B77: AW27 | C77: DDRDQ_IL07_NIL15[1] | D77: 6183.8701 | E77: 6179.0157 | F77: 6184.5079 | G77: DDRDQ_IL07
B78: AY25 | C78: DDRDQ_IL07_NIL15[2] | D78: 6176.0236 | E78: 6180.8858 | F78: 6182.6181 | H78: SITE1 | I78: SITE3 | J78: SITE5
B79: AW25 | C79: DDRDQ_IL07_NIL15[3] | D79: 6181.8031 | E79: 6179.1614 | F79: 6182.2283 | G79: MAX | H79: =MAX(D76:D85) -> 6185.6102 | I79: =MAX(E76:E85) -> 6185.1772 | J79: =MAX(F76:F85) -> 6185
B80: BB27 | C80: DDRDQ_IL07_NIL15[4] | D80: 6184.8307 | E80: 6184.5197 | F80: 6182.1378 | G80: MIN | H80: =MIN(D76:D85) -> 6176.0236 | I80: =MIN(E76:E85) -> 6176.9134 | J80: =MIN(F76:F85) -> 6180.5512
B81: BA27 | C81: DDRDQ_IL07_NIL15[5] | D81: 6179.3937 | E81: 6178.8583 | F81: 6181.4213 | G81: DIFF. | H81: =H79-H80 -> 9.5866142 | I81: =I79-I80 -> 8.2637795 | J81: =J79-J80 -> 4.4488189
B82: BA25 | C82: DDRDQ_IL07_NIL15[6] | D82: 6184.4488 | E82: 6176.9134 | F82: 6180.5512 | H82: =IF(H81>$L82,"Wrong","OK") -> OK | I82: =IF(I81>$L82,"Wrong","OK") -> OK | J82: =IF(J81>$L82,"Wrong","OK") -> OK | K82: Less than | L82: 20
B83: BB25 | C83: DDRDQ_IL07_NIL15[7] | D83: 6178.6339 | E83: 6185.1772 | F83: 6185 | H83: SITE1 | I83: SITE3 | J83: SITE5
B84: AY26 | C84: DDRDQSN_IL07_NIL15 | D84: 6182.8898 | E84: 6184.3425 | F84: 6184.1378 | G84: Diff. PEAR | H84: =ABS(D84-D85) -> 0.11023622 | I84: =ABS(E84-E85) -> 0.46062992 | J84: =ABS(F84-F85) -> 2.0708661 | K84: Less than | L84: 4
B85: BA26 | C85: DDRDQSP_IL07_NIL15 | D85: 6182.7795 | E85: 6184.8031 | F85: 6182.0669 | L85: =IF(MAX(H84:J85)>L84,"Wrong","OK") -> OK
B86: AF65 | C86: DDRDQ_IL10_NIL02[0] | D86: 7159.5394 | E86: 7164.9764 | F86: 7172.2756
B87: AF64 | C87: DDRDQ_IL10_NIL02[1] | D87: 7168.0669 | E87: 7169.5472 | F87: 7165.1024 | G87: DDRDQ_IL10
B88: AK65 | C88: DDRDQ_IL10_NIL02[2] | D88: 7167.8189 | E88: 7159.6654 | F88: 7171.0591 | H88: SITE1 | I88: SITE3 | J88: SITE5
B89: AK64 | C89: DDRDQ_IL10_NIL02[3] | D89: 7167.3819 | E89: 7158.8228 | F89: 7163.5394 | G89: MAX | H89: =MAX(D86:D95) -> 7170.3661 | I89: =MAX(E86:E95) -> 7171.1654 | J89: =MAX(F86:F95) -> 7172.2756
B90: AF66 | C90: DDRDQ_IL10_NIL02[4] | D90: 7166.2402 | E90: 7160.7165 | F90: 7160.4843 | G90: MIN | H90: =MIN(D86:D95) -> 7159.122 | I90: =MIN(E86:E95) -> 7158.8228 | J90: =MIN(F86:F95) -> 7157.8858
B91: AF67 | C91: DDRDQ_IL10_NIL02[5] | D91: 7166.3937 | E91: 7161.3031 | F91: 7167.1693 | G91: DIFF. | H91: =H89-H90 -> 11.244094 | I91: =I89-I90 -> 12.34252 | J91: =J89-J90 -> 14.389764
B92: AK67 | C92: DDRDQ_IL10_NIL02[6] | D92: 7170.3661 | E92: 7171.1654 | F92: 7163.6811 | H92: =IF(H91>$L92,"Wrong","OK") -> OK | I92: =IF(I91>$L92,"Wrong","OK") -> OK | J92: =IF(J91>$L92,"Wrong","OK") -> OK | K92: Less than | L92: 20
B93: AK66 | C93: DDRDQ_IL10_NIL02[7] | D93: 7159.122 | E93: 7165.1457 | F93: 7157.8858 | H93: SITE1 | I93: SITE3 | J93: SITE5
B94: AH66 | C94: DDRDQSN_IL10_NIL02 | D94: 7166.4961 | E94: 7164.9449 | F94: 7167.1772 | G94: Diff. PEAR | H94: =ABS(D94-D95) -> 1.5590551 | I94: =ABS(E94-E95) -> 1.2480315 | J94: =ABS(F94-F95) -> 0.65748031 | K94: Less than | L94: 4
B95: AH65 | C95: DDRDQSP_IL10_NIL02 | D95: 7164.937 | E95: 7163.6969 | F95: 7167.8346 | L95: =IF(MAX(H94:J95)>L94,"Wrong","OK") -> OK
B96: AF70 | C96: DDRDQ_IL11_NIL03[0] | D96: 6732.9882 | E96: 6731.8189 | F96: 6728.7323
B97: AF68 | C97: DDRDQ_IL11_NIL03[1] | D97: 6734.8228 | E97: 6734.8819 | F97: 6735.8268 | G97: DDRDQ_IL11
B98: AH71 | C98: DDRDQ_IL11_NIL03[2] | D98: 6731.0827 | E98: 6736.563 | F98: 6731.3622 | H98: SITE1 | I98: SITE3 | J98: SITE5
B99: AH68 | C99: DDRDQ_IL11_NIL03[3] | D99: 6734.6614 | E99: 6736.5236 | F99: 6732.1969 | G99: MAX | H99: =MAX(D96:D105) -> 6738.4843 | I99: =MAX(E96:E105) -> 6737.0394 | J99: =MAX(F96:F105) -> 6735.8268
B100: AF71 | C100: DDRDQ_IL11_NIL03[4] | D100: 6733.189 | E100: 6733.874 | F100: 6731.4055 | G100: MIN | H100: =MIN(D96:D105) -> 6728.1142 | I100: =MIN(E96:E105) -> 6730.3543 | J100: =MIN(F96:F105) -> 6728.7323
...

Sheet USB2
A1: ITTO-620-0089 SKL ULT 2+2 X6 | O1: 41712
A2: USB2
R3: =IF(MAX(P8:R27)>R4,"Wrong","OK") -> OK | T3: =IF(MAX(S8:S27)>T4,"Wrong","OK") -> OK
Q4: Less than | R4: 40 | S4: Less than | T4: 40
D5: LENGTH(mil) | M5: TOTAL LENGTH(mil) | P5: Diff. Pear | S5: Difference
B6: Ball | C6: PIN Name | D6: SITE１ | G6: SITE3 | J6: SITE5 | M6: SITE１ | N6: SITE3 | O6: SITE5 | P6: SITE１ | Q6: SITE3 | R6: SITE5 | S6: between SITE
D7: DUT to Relay | E7: Relay to Relay | F7: Relay to Jcon. | G7: DUT to Relay | H7: Relay to Relay | I7: Relay to Jcon. | J7: DUT to Relay | K7: Relay to Relay | L7: Relay to Jcon. | M7: TOTAL | N7: TOTAL | O7: TOTAL
B8: AB9 | C8: USB2N_1 | D8: 5106.2362 | E8: 1768.2402 | F8: 14360.398 | G8: 5902.4646 | H8: 1770.7047 | I8: 13579.717 | J8: 6525.1772 | K8: 1767.5748 | L8: 12946.303 | M8: =+D8+E8+F8 -> 21234.874 | N8: =+G8+H8+I8 -> 21252.886 | O8: =+J8+K8+L8 -> 21239.055 | P8: =ABS(M8-M9) -> 3.7244094 | Q8: =ABS(N8-N9) -> 26.562992 | R8: =ABS(O8-O9) -> 11.665354 | S8: =MAX(M8:O9)-MIN(M8:O9) -> 26.562992
B9: AB10 | C9: USB2P_1 | D9: 5107.1772 | E9: 1765.252 | F9: 14358.72 | G9: 5893.2323 | H9: 1764.0512 | I9: 13569.039 | J9: 6527.878 | K9: 1770.5039 | L9: 12952.339 | M9: =+D9+E9+F9 -> 21231.15 | N9: =+G9+H9+I9 -> 21226.323 | O9: =+J9+K9+L9 -> 21250.72
B10: AD6 | C10: USB2N_2 | D10: 5114.0906 | E10: 1768.2402 | F10: 14360.398 | G10: 5896.1654 | H10: 1770.7047 | I10: 13579.717 | J10: 6534.0748 | K10: 1767.5748 | L10: 12946.303 | M10: =+D10+E10+F10 -> 21242.728 | N10: =+G10+H10+I10 -> 21246.587 | O10: =+J10+K10+L10 -> 21247.953 | P10: =ABS(M10-M11) -> 14.751969 | Q10: =ABS(N10-N11) -> 13.228346 | R10: =ABS(O10-O11) -> 3.0314961 | S10: =MAX(M10:O11)-MIN(M10:O11) -> 19.976378
B11: AD7 | C11: USB2P_2 | D11: 5104.0039 | E11: 1765.252 | F11: 14358.72 | G11: 5900.2677 | H11: 1764.0512 | I11: 13569.039 | J11: 6522.0787 | K11: 1770.5039 | L11: 12952.339 | M11: =+D11+E11+F11 -> 21227.976 | N11: =+G11+H11+I11 -> 21233.358 | O11: =+J11+K11+L11 -> 21244.921
B12: AH3 | C12: USB2N_3 | D12: 5114.4331 | E12: 1766.8228 | F12: 14365.331 | G12: 5901.752 | H12: 1766.3268 | I12: 13578.252 | J12: 6533.3504 | K12: 1767.0827 | L12: 12938.043 | M12: =+D12+E12+F12 -> 21246.587 | N12: =+G12+H12+I12 -> 21246.331 | O12: =+J12+K12+L12 -> 21238.476 | P12: =ABS(M12-M13) -> 6.2755906 | Q12: =ABS(N12-N13) -> 2.2716535 | R12: =ABS(O12-O13) -> 6.3385827 | S12: =MAX(M12:O13)-MIN(M12:O13) -> 10.125984
B13: AJ3 | C13: USB2P_3 | D13: 5106.3701 | E13: 1768.8504 | F13: 14365.091 | G13: 5901.8819 | H13: 1764.4252 | I13: 13582.295 | J13: 6522.4213 | K13: 1770.4488 | L13: 12951.945 | M13: =+D13+E13+F13 -> 21240.311 | N13: =+G13+H13+I13 -> 21248.602 | O13: =+J13+K13+L13 -> 21244.815
B14: AD9 | C14: USB2N_4 | D14: 5114.8307 | E14: 1766.8228 | F14: 14365.331 | G14: 5903.5472 | H14: 1766.3268 | I14: 13578.252 | J14: 6534.0551 | K14: 1767.0827 | L14: 12938.043 | M14: =+D14+E14+F14 -> 21246.984 | N14: =+G14+H14+I14 -> 21248.126 | O14: =+J14+K14+L14 -> 21239.181 | P14: =ABS(M14-M15) -> 0.34251969 | Q14: =ABS(N14-N15) -> 2.3464567 | R14: =ABS(O14-O15) -> 11.948819 | S14: =MAX(M14:O15)-MIN(M14:O15) -> 11.948819
B15: AD10 | C15: USB2P_4 | D15: 5112.7008 | E15: 1768.8504 | F15: 14365.091 | G15: 5903.752 | H15: 1764.4252 | I15: 13582.295 | J15: 6528.7362 | K15: 1770.4488 | L15: 12951.945 | M15: =+D15+E15+F15 -> 21246.642 | N15: =+G15+H15+I15 -> 21250.472 | O15: =+J15+K15+L15 -> 21251.13
B16: AJ1 | C16: USB2N_5 | D16: 5111.252 | E16: 1767.2874 | F16: 14368 | G16: 5894.6732 | H16: 1768.9567 | I16: 13575.484 | J16: 6534.5709 | K16: 1770.8425 | L16: 12950.539 | M16: =+D16+E16+F16 -> 21246.539 | N16: =+G16+H16+I16 -> 21239.114 | O16: =+J16+K16+L16 -> 21255.953 | P16: =ABS(M16-M17) -> 2.6417323 | Q16: =ABS(N16-N17) -> 1.7086614 | R16: =ABS(O16-O17) -> 16.393701 | S16: =MAX(M16:O17)-MIN(M16:O17) -> 18.547244
B17: AJ2 | C17: USB2P_5 | D17: 5111.4724 | E17: 1770.1929 | F17: 14362.232 | G17: 5892.063 | H17: 1771.5866 | I17: 13573.756 | J17: 6528.7047 | K17: 1764.8228 | L17: 12946.031 | M17: =+D17+E17+F17 -> 21243.898 | N17: =+G17+H17+I17 -> 21237.406 | O17: =+J17+K17+L17 -> 21239.559
B18: AF6 | C18: USB2N_6 | D18: 5111.7165 | E18: 1767.2874 | F18: 14368 | G18: 5895.4567 | H18: 1768.9567 | I18: 13575.484 | J18: 6531.0669 | K18: 1770.8425 | L18: 12950.539 | M18: =+D18+E18+F18 -> 21247.004 | N18: =+G18+H18+I18 -> 21239.898 | O18: =+J18+K18+L18 -> 21252.449 | P18: =ABS(M18-M19) -> 3.496063 | Q18: =ABS(N18-N19) -> 1.3937008 | R18: =ABS(O18-O19) -> 19.480315 | S18: =MAX(M18:O19)-MIN(M18:O19) -> 19.480315
B19: AF7 | C19: USB2P_6 | D19: 5118.0748 | E19: 1770.1929 | F19: 14362.232 | G19: 5895.9488 | H19: 1771.5866 | I19: 13573.756 | J19: 6522.1142 | K19: 1764.8228 | L19: 12946.031 | M19: =+D19+E19+F19 -> 21250.5 | N19: =+G19+H19+I19 -> 21241.291 | O19: =+J19+K19+L19 -> 21232.969
B20: AH1 | C20: USB2N_7 | D20: 5117.126 | F20: 16141.48 | G20: 5896.7953 | I20: 15346.996 | J20: 6520.6063 | L20: 14724.307 | M20: =+D20+E20+F20 -> 21258.606 | N20: =+G20+H20+I20 -> 21243.791 | O20: =+J20+K20+L20 -> 21244.913 | P20: =ABS(M20-M21) -> 14.259843 | Q20: =ABS(N20-N21) -> 5.3346457 | R20: =ABS(O20-O21) -> 7.1850394 | S20: =MAX(M20:O21)-MIN(M20:O21) -> 20.149606
B21: AH2 | C21: USB2P_7 | D21: 5116.3465 | F21: 16128 | G21: 5892.4528 | I21: 15346.004 | J21: 6534.7756 | L21: 14717.323 | M21: =+D21+E21+F21 -> 21244.346 | N21: =+G21+H21+I21 -> 21238.457 | O21: =+J21+K21+L21 -> 21252.098
B22: AF8 | C22: USB2N_8 | D22: 5109.9882 | F22: 16141.48 | G22: 5903.9921 | I22: 15346.996 | J22: 6530.1142 | L22: 14724.307 | M22: =+D22+E22+F22 -> 21251.469 | N22: =+G22+H22+I22 -> 21250.988 | O22: =+J22+K22+L22 -> 21254.421 | P22: =ABS(M22-M23) -> 10.38189 | Q22: =ABS(N22-N23) -> 3.496063 | R22: =ABS(O22-O23) -> 7.5984252 | S22: =MAX(M22:O23)-MIN(M22:O23) -> 13.334646
B23: AF9 | C23: USB2P_8 | D23: 5113.0866 | F23: 16128 | G23: 5901.4882 | I23: 15346.004 | J23: 6529.5 | L23: 14717.323 | M23: =+D23+E23+F23 -> 21241.087 | N23: =+G23+H23+I23 -> 21247.492 | O23: =+J23+K23+L23 -> 21246.823
B24: AG1 | C24: USB2N_9 | D24: 5109.9449 | F24: 16133.965 | G24: 5898.8346 | I24: 15353.622 | J24: 6525.2756 | L24: 14712.917 | M24: =+D24+E24+F24 -> 21243.909 | N24: =+G24+H24+I24 -> 21252.457 | O24: =+J24+K24+L24 -> 21238.193 | P24: =ABS(M24-M25) -> 2.6299213 | Q24: =ABS(N24-N25) -> 0.85433071 | R24: =ABS(O24-O25) -> 4.2401575 | S24: =MAX(M24:O25)-MIN(M24:O25) -> 19.358268
B25: AG2 | C25: USB2P_9 | D25: 5111.4685 | F25: 16135.071 | G25: 5898.9882 | I25: 15354.323 | J25: 6521.5669 | L25: 14712.386 | M25: =+D25+E25+F25 -> 21246.539 | N25: =+G25+H25+I25 -> 21253.311 | O25: =+J25+K25+L25 -> 21233.953
B26: AH7 | C26: USB2N_10 | D26: 5108.8307 | F26: 16133.965 | G26: 5903.1535 | I26: 15353.622 | J26: 6526.3031 | L26: 14712.917 | M26: =+D26+E26+F26 -> 21242.795 | N26: =+G26+H26+I26 -> 21256.776 | O26: =+J26+K26+L26 -> 21239.22 | P26: =ABS(M26-M27) -> 2.8543307 | Q26: =ABS(N26-N27) -> 10.047244 | R26: =ABS(O26-O27) -> 2.0708661 | S26: =MAX(M26:O27)-MIN(M26:O27) -> 17.555118
B27: AH8 | C27: USB2P_10 | D27: 5104.8701 | F27: 16135.071 | G27: 5892.4055 | I27: 15354.323 | J27: 6528.9055 | L27: 14712.386 | M27: =+D27+E27+F27 -> 21239.941 | N27: =+G27+H27+I27 -> 21246.728 | O27: =+J27+K27+L27 -> 21241.291

Sheet VCCRTCEXT_DSW,synch
A1: ITTO-620-0089 SKL ULT 2+2 X6 | G1: 41712
A2: VCCRTCEXT,VCCDSW_1P0
E4: Less than | F4: 800 | G4: =IF(MAX(E7:F8)>F4,"Wrong","OK") -> OK
E5: LENGTH(DUT to Capacitor)(mil)
B6: Ball | C6: PIN Name | D6: SITE1 | E6: SITE3 | F6: SITE5
B7: BB10 | C7: VCCRTCEXT | D7: 163.50394 | E7: 163.50394 | F7: 163.50394
B8: AL1 | C8: VCCDSW_1P0 | D8: 168.71654 | E8: 168.71654 | F8: 168.71654
B18: synchronize Legacy and DDR time domains
E19: LENGTH(mil)
D20: SITE1 | E20: SITE3 | F20: SITE5 | H20: Max. | I20: =MAX(D21:F21) -> 1586.6457
C21: TD2,3 | D21: 1584.9291 | E21: 1581.689 | F21: 1586.6457 | H21: Min. | I21: =MIN(D21:F21) -> 1581.689
H22: diff. | I22: =+I20-I21 -> 4.9566929
H23: Less than | I23: 100
I24: =IF(I22>I23,"Wrong","OK") -> OK

Sheet Crystal
A1: ITTO-620-0089 SKL ULT 2+2 X6 | N1: 41723
A2: Crystal
F3: Less than | G3: 3000 | J3: Less than | K3: 3000 | N3: Less than | O3: 3000 | P3: Less than | R3: 20
C4: Crystal | D4: LENGTH(mil) | P4: Diff. IN to Out
B5: Ball | C5: PIN Name | D5: SITE1 | H5: SITE3 | L5: SITE5 | P5: SITE１ | Q5: SITE3 | R5: SITE5
D6: DUT to Relay | E6: Relay to Resistor or Crystal | F6: Resistor to Crystal | G6: TOTAL | H6: DUT to Relay | I6: Relay to Resistor or Crystal | J6: Resistor to Crystal | K6: TOTAL | L6: DUT to Relay | M6: Relay to Resistor or Crystal | N6: Resistor to Crystal | O6: TOTAL
B7: AM18 | C7: RTCX1 | D7: 1561 | E7: 582.43701 | F7: 51.070866 | G7: =SUM(D7:F7) -> 2194.5079 | H7: 1573.6732 | I7: 582.43701 | J7: 51.070866 | K7: =SUM(H7:J7) -> 2207.1811 | L7: 1569.248 | M7: 577.28346 | N7: 51.070866 | O7: =SUM(L7:N7) -> 2197.6024 | P7: =ABS(G7-G8) -> 4.0275591 | Q7: =ABS(K7-K8) -> 1.7874016 | R7: =ABS(O7-O8) -> 11.92126
B8: AM20 | C8: RTCX2 | D8: 1564.6693 | E8: 582.79528 | F8: 51.070866 | G8: =SUM(D8:F8) -> 2198.5354 | H8: 1571.5276 | I8: 582.79528 | J8: 51.070866 | K8: =SUM(H8:J8) -> 2205.3937 | L8: 1570.5039 | M8: 587.94882 | N8: 51.070866 | O8: =SUM(L8:N8) -> 2209.5236
B9: E37 | C9: XTAL_IN | D9: 1249.0157 | E9: 759.61024 | G9: =SUM(D9:F9) -> 2008.626 | H9: 1248.1614 | I9: 738.89764 | K9: =SUM(H9:J9) -> 1987.0591 | L9: 1254.6811 | M9: 738.89764 | O9: =SUM(L9:N9) -> 1993.5787 | P9: =ABS(G9-G10) -> 2.488189 | Q9: =ABS(K9-K10) -> 19.511811 | R9: =ABS(O9-O10) -> 18.204724
B10: E35 | C10: XTAL_OUT | D10: 1247.6535 | E10: 758.48425 | G10: =SUM(D10:F10) -> 2006.1378 | H10: 1249.9961 | I10: 756.5748 | K10: =SUM(H10:J10) -> 2006.5709 | L10: 1255.2087 | M10: 756.5748 | O10: =SUM(L10:N10) -> 2011.7835
G12: =IF(MAX(G7:G10)>G$3,"Wrong","OK") -> OK | K12: =IF(MAX(K7:K10)>K$3,"Wrong","OK") -> OK | O12: =IF(MAX(O7:O10)>O$3,"Wrong","OK") -> OK | R12: =IF(MAX(P7:R10)>R$3,"Wrong","OK") -> OK

Sheet HVMCLK
A1: ITTO-620-0089 SKL ULT 2+2 X6 | J1: 41712
A2: HVM_CLK_P/N
H3: Less than | I3: 2
B4: Ball | C4: PIN Name | E4: LENGTH(mil) | H4: Diff(mil)
D5: DUT1 | E5: DUT3 | F5: DUT5 | G5: DUT1 | H5: DUT3 | I5: DUT5
B6: C71 | C6: HVM_CLK_N | D6: 5707.9173 | E6: 7597.9252 | F6: 6495.6969 | G6: =ABS(D6-D7) -> 0.12598425 | H6: =ABS(E6-E7) -> 0.74015748 | I6: =ABS(F6-F7) -> 0.36220472 | J6: =IF(MAX(G6:I7)>I3,"Wrong","OK") -> OK
B7: B70 | C7: HVM_CLK_P | D7: 5707.7913 | E7: 7597.185 | F7: 6496.0591

Sheet HIMONI
A1: ITTO-620-0089 SKL ULT 2+2 X6 | K1: 41712
A2: HIMONI/HVMONI
M3: Less than | N3: 100
J4: LENGTH(mil) | M4: DIFF.(mil)
B5: HIMONI | C5: SITE1 | E5: SITE3 | G5: SITE5 | I5: SITE1 | J5: SITE3 | K5: SITE5 | L5: SITE1 | M5: SITE3 | N5: SITE5
B6: VCCCORE | C6: J1313_R1PF1IP | D6: J1201_HIMONI | E6: J1413_R1PF1IP | F6: J1104_HIMONI | G6: J1313_R2PF1IP | H6: J1304_HIMONI | I6: 8171.1535 | J6: 9702.5039 | K6: 6482.748 | L6: =ABS(I6-I7) -> 0.059055118 | M6: =ABS(J6-J7) -> 5.511811 | N6: =ABS(K6-K7) -> 35.818898 | O6: =IF(MAX(L6:N9)>N$3,"Wrong","OK") -> OK
C7: J1313_R1PF1IM | D7: J1201_HIMONIG | E7: J1413_R1PF1IM | F7: J1104_HIMONIG | G7: J1313_R2PF1IM | H7: J1304_HIMONIG | I7: 8171.2126 | J7: 9696.9921 | K7: 6518.5669
B8: VCCGT | C8: J1313_R1PF2IP | D8: J1205_HIMONI | E8: J1413_R1PF2IP | F8: J1401_HIMONI | G8: J1313_R2PF2IP | H8: J1308_HIMONI | I8: 9969.7677 | J8: 7734.5709 | K8: 2415.2913 | L8: =ABS(I8-I9) -> 0.13779528 | M8: =ABS(J8-J9) -> 37.929134 | N8: =ABS(K8-K9) -> 44.732283
C9: J1313_R1PF2IM | D9: J1205_HIMONIG | E9: J1413_R1PF2IM | F9: J1401_HIMONIG | G9: J1313_R2PF2IM | H9: J1308_HIMONIG | I9: 9969.9055 | J9: 7772.5 | K9: 2460.0236
M10: Less than | N10: 100
B11: HVMONI | C11: SITE1 | E11: SITE3 | G11: SITE5 | I11: SITE1 | J11: SITE3 | K11: SITE5 | L11: SITE1 | M11: SITE3 | N11: SITE5
B12: VCCCORE | C12: J1313_R1PF1VP | D12: J1201_HIMONI | E12: J1413_R1PF1VP | F12: J1104_HVMONI | G12: J1313_R2PF1VP | H12: J1304_HVMONI | I12: 8402.6496 | J12: 10124.413 | K12: 7007.6929 | L12: =ABS(I12-I13) -> 2.4409449 | M12: =ABS(J12-J13) -> 16.023622 | N12: =ABS(K12-K13) -> 0.0039370079 | O12: =IF(MAX(L12:N15)>N$3,"Wrong","OK") -> OK
C13: J1313_R1PF1VM | D13: J1201_HIMONIG | E13: J1413_R1PF1VM | F13: J1104_HVMONIG | G13: J1313_R2PF1VM | H13: J1304_HVMONIG | I13: 8405.0906 | J13: 10140.437 | K13: 7007.689
B14: VCCGT | C14: J1313_R1PF2VP | D14: J1205_HVMONI | E14: J1413_R1PF2VP | F14: J1401_HVMONI | G14: J1313_R2PF2VP | H14: J1308_HVMONI | I14: 10616.854 | J14: 7488.2677 | K14: 2801.5394 | L14: =ABS(I14-I15) -> 30.334646 | M14: =ABS(J14-J15) -> 41.5 | N14: =ABS(K14-K15) -> 44.92126
C15: J1313_R1PF2VM | D15: J1205_HVMONIG | E15: J1413_R1PF2VM | F15: J1401_HVMONIG | G15: J1313_R2PF2VM | H15: J1308_HVMONIG | I15: 10647.189 | J15: 7529.7677 | K15: 2846.4606

Sheet THERMAL
A1: ITTO-620-0089 SKL ULT 2+2 X6 | V1: 41712
A2: THERMAL
B4: THERMD | D4: LENGTH(mil)
B5: Ball | C5: PIN Name | D5: SITE1 | I5: SITE3 | N5: SITE5
D6: DUT to Relay | F6: Relay to Resistor | G6: Resistor to TCI | H6: TOTAL | I6: DUT to Relay | K6: Relay to Resistor | L6: Resistor to TCI | M6: TOTAL | N6: DUT to Relay | P6: Relay to Resistor | Q6: Resistor to TCI | R6: TOTAL | U6: DUT to Relay
B7: K46 | C7: THERMDA1 | D7: 4704.3465 | F7: 180.38189 | G7: 15823.752 | H7: =+G7+F7+D7 -> 20708.48 | I7: 4706.7047 | K7: 180.38189 | L7: 15822.937 | M7: =+L7+K7+I7 -> 20710.024 | N7: 4703.1772 | P7: 180.38189 | Q7: 15823.366 | R7: =+Q7+P7+N7 -> 20706.925 | T7: MAX | U7: =MAX(D7:D10,N7:N10,I7:I10) -> 4706.7047
G8: 15825.736 | H8: =+G8+F7+D7 -> 20710.465 | L8: 15826.031 | M8: =+L8+K7+I7 -> 20713.118 | Q8: 15835.819 | R8: =+Q8+P7+N7 -> 20719.378 | T8: MIN | U8: =MIN(D7:D10,N7:N10,I7:I10) -> 4703.1772
B9: K45 | C9: THERMDC1 | D9: 4705.0433 | F9: 180.38189 | G9: 15824.748 | H9: =+G9+F9+D9 -> 20710.173 | I9: 4704.1102 | K9: 180.38189 | L9: 15825.24 | M9: =+L9+K9+I9 -> 20709.732 | N9: 4703.7638 | P9: 180.38189 | Q9: 15824.067 | R9: =+Q9+P9+N9 -> 20708.213 | T9: DIFF. | U9: =+U7-U8 -> 3.5275591
G10: 15822.949 | H10: =+G10+F9+D9 -> 20708.374 | L10: 15823.087 | M10: =+L10+K9+I9 -> 20707.579 | Q10: 15823.315 | R10: =+Q10+P9+N9 -> 20707.461 | T10: Less than | U10: 100 | V10: =IF(U9>U10,"Wrong","OK") -> OK
B11: AL25 | C11: THERMDA2 | D11: 20719.886 | H11: =+G11+F11+D11 -> 20719.886 | I11: 20714.374 | M11: =+L11+K11+I11 -> 20714.374 | N11: 20703.114 | R11: =+Q11+P11+N11 -> 20703.114
D12: 20721.524 | H12: =+G12+F12+D12 -> 20721.524 | I12: 20728.614 | M12: =+L12+K12+I12 -> 20728.614 | N12: 20712.413 | R12: =+Q12+P12+N12 -> 20712.413 | U12: TOTAL
B13: AL27 | C13: THERMDC2 | D13: 20736.413 | H13: =+G13+F13+D13 -> 20736.413 | I13: 20721.858 | M13: =+L13+K13+I13 -> 20721.858 | N13: 20705.311 | R13: =+Q13+P13+N13 -> 20705.311 | T13: MAX | U13: =MAX(R7:R14,H7:H14,M7:M14) -> 20736.413
D14: 20736.081 | H14: =+G14+F14+D14 -> 20736.081 | I14: 20706.835 | M14: =+L14+K14+I14 -> 20706.835 | N14: 20731.598 | R14: =+Q14+P14+N14 -> 20731.598 | T14: MIN | U14: =MIN(R7:R14,H7:H14,M7:M14) -> 20703.114
T15: DIFF. | U15: =+U13-U14 -> 33.299213
T16: Less than | U16: 100 | V16: =IF(U15>U16,"Wrong","OK") -> OK
B25: TD_CATHODE_ANODE | D25: LENGTH(mil) | U25: DUT to Relay
B26: Ball | C26: PIN Name | D26: SITE1 | I26: SITE3 | N26: SITE5 | T26: MAX | U26: =MAX(D28:D31,I28:I31,N28:N31) -> 5330.1614
D27: DUT to Resistor | E27: Resistor to Relay | F27: Relay to Resistor | G27: Resistor to TCI | H27: TOTAL | I27: DUT to Resistor | J27: Resistor to Relay | K27: Relay to Resistor | L27: Resistor to TCI | M27: TOTAL | N27: DUT to Resistor | O27: Resistor to Relay | P27: Relay to Resistor | Q27: Resistor to TCI | R27: TOTAL | T27: MIN | U27: =MIN(D28:D31,N28:N31,I28:I31) -> 5313.2165
B28: AY2 | C28: TD_ANODE | D28: 5315.7598 | E28: 307.87795 | F28: =+F7 -> 180.38189 | G28: =+G7 -> 15823.752 | H28: =+G28+F28+D28 -> 21319.894 | I28: 5330.1614 | J28: 307.87795 | K28: =+K7 -> 180.38189 | L28: =+L7 -> 15822.937 | M28: =+L28+K28+I28 -> 21333.48 | N28: 5313.2165 | O28: 307.87795 | P28: =+P7 -> 180.38189 | Q28: =+Q7 -> 15823.366 | R28: =+Q28+P28+N28 -> 21316.965 | T28: DIFF. | U28: =+U26-U27 -> 16.944882
G29: =+G8 -> 15825.736 | H29: =+G29+F28+D28 -> 21321.878 | L29: =+L8 -> 15826.031 | M29: =+L29+K28+I28 -> 21336.575 | Q29: =+Q8 -> 15835.819 | R29: =+Q29+P28+N28 -> 21329.417 | T29: Less than | U29: 100 | V29: =IF(U28>U29,"Wrong","OK") -> OK
B30: AY1 | C30: TD_CATHODE | D30: 5314.8661 | E30: 309.59055 | F30: =+F9 -> 180.38189 | G30: =+G9 -> 15824.748 | H30: =+G30+F30+D30 -> 21319.996 | I30: 5325.7362 | J30: 309.59055 | K30: =+K9 -> 180.38189 | L30: =+L9 -> 15825.24 | M30: =+L30+K30+I30 -> 21331.358 | N30: 5315.4055 | O30: 309.59055 | P30: =+P9 -> 180.38189 | Q30: =+Q9 -> 15824.067 | R30: =+Q30+P30+N30 -> 21319.854 | U30: TOTAL
G31: =+G10 -> 15822.949 | H31: =+G31+F30+D30 -> 21318.197 | L31: =+L10 -> 15823.087 | M31: =+L31+K30+I30 -> 21329.205 | Q31: =+Q10 -> 15823.315 | R31: =+Q31+P30+N30 -> 21319.102 | T31: MAX | U31: =MAX(R25:R32,H25:H32,M25:M32) -> 21336.575
T32: MIN | U32: =MIN(R25:R32,H25:H32,M25:M32) -> 21316.965
T33: DIFF. | U33: =+U31-U32 -> 19.610236
T34: Less than | U34: 100 | V34: =IF(U33>U34,"Wrong","OK") -> OK

Sheet EDP,DDR_C,JTAG,MBP
B1: ITTO-620-0089 SKL ULT 2+2 X6 | T1: 41712
B2: EDP,DDR_COMP,CPU_JTAG,MBP | N2: Less than | O2: 4 | P2: =IF(MAX(M7:O17)>O2,"Wrong","OK") -> OK
D4: LENGTH(mil) | N4: Diff. Pear
B5: EDP | D5: SITE1 | G5: SITE3 | J5: SITE5 | M5: SITE1 | N5: SITE3 | O5: SITE5
B6: Ball | C6: PIN Name | D6: DUT to Jcon. | G6: DUT to Jcon. | J6: DUT to Jcon. | Q6: =+B5 -> EDP | R6: SITE1 | S6: SITE3 | T6: SITE5
B7: E45 | C7: EDP_AUXN | E7: 5983.5118 | H7: 11534.5 | K7: 5313.7047 | M7: =ABS(E7-E8) -> 0.11811024 | N7: =ABS(H7-H8) -> 0.07480315 | O7: =ABS(K7-K8) -> 0.27559055 | Q7: Max. | R7: =MAX(E7:E17) -> 5984.189 | S7: =MAX(H7:H17) -> 11535.173 | T7: =MAX(K7:K17) -> 5314.8425
B8: F45 | C8: EDP_AUXP | E8: 5983.6299 | H8: 11534.425 | K8: 5313.9803 | Q8: Min. | R8: =MIN(E7:E17) -> 5982.4567 | S8: =MIN(H7:H17) -> 11534.016 | T8: =MIN(K7:K17) -> 5313.2402
B9: B52 | C9: EDP_DISP_UTIL | E9: 5982.4567 | H9: 11535.173 | K9: 5314.185 | Q9: diff. | R9: =+R7-R8 -> 1.7322835 | S9: =+S7-S8 -> 1.1574803 | T9: =+T7-T8 -> 1.6023622 | U9: Less than | V9: 100
B10: C47 | C10: EDP_TXN[0] | E10: 5983.2205 | H10: 11534.291 | K10: 5314.4646 | M10: =ABS(E10-E11) -> 0.49212598 | N10: =ABS(H10-H11) -> 0.68110236 | O10: =ABS(K10-K11) -> 0.61811024 | U10: =IF(MAX(R9:T9)>V9,"Wrong","OK") -> OK
B11: C46 | C11: EDP_TXP[0] | E11: 5983.7126 | H11: 11534.972 | K11: 5313.8465
B12: D46 | C12: EDP_TXN[1] | E12: 5983.9843 | H12: 11534.528 | K12: 5314.8425 | M12: =ABS(E12-E13) -> 1.003937 | N12: =ABS(H12-H13) -> 0.48425197 | O12: =ABS(K12-K13) -> 0.80314961
B13: C45 | C13: EDP_TXP[1] | E13: 5982.9803 | H13: 11535.012 | K13: 5314.0394
B14: A45 | C14: EDP_TXN[2] | E14: 5983.4055 | H14: 11534.799 | K14: 5313.2402 | M14: =ABS(E14-E15) -> 0.098425197 | N14: =ABS(H14-H15) -> 0.066929134 | O14: =ABS(K14-K15) -> 0.48818898
B15: B45 | C15: EDP_TXP[2] | E15: 5983.3071 | H15: 11534.866 | K15: 5313.7283
B16: A47 | C16: EDP_TXN[3] | E16: 5984.189 | H16: 11534.016 | K16: 5314.311 | M16: =ABS(E16-E17) -> 0.57086614 | N16: =ABS(H16-H17) -> 1.019685 | O16: =ABS(K16-K17) -> 1
B17: B47 | C17: EDP_TXP[3] | E17: 5983.6181 | H17: 11535.035 | K17: 5313.311
D21: SITE1 | G21: SITE3 | J21: SITE5
B22: CPU_JTAG | D22: DUT to | E22: Resistor to | F22: TOTAL | G22: DUT to | H22: Resistor to | I22: TOTAL | J22: DUT to | K22: Resistor to | L22: TOTAL
B23: Ball | C23: PIN Name | D23: Resistor | E23: Jcon. | G23: Resistor | H23: Jcon. | J23: Resistor | K23: Jcon. | Q23: =+B22 -> CPU_JTAG | R23: SITE1 | S23: SITE3 | T23: SITE5
B24: B61 | C24: CPU_JTAG_TCK | D24: 12176.961 | E24: 9019.3701 | F24: =+D24+E24 -> 21196.331 | G24: 12200.429 | H24: 9033.3858 | I24: =+G24+H24 -> 21233.815 | J24: 12189.854 | K24: 9022.4094 | L24: =+J24+K24 -> 21212.264 | Q24: Max. | R24: =MAX(F24:F26) -> 21216.646 | S24: =MAX(I24:I26) -> 21233.815 | T24: =MAX(L24:L26) -> 21213.787
B25: D60 | C25: CPU_JTAG_TDI | D25: 12175.169 | E25: 9038.9449 | F25: =+D25+E25 -> 21214.114 | G25: 12175.169 | H25: 9051.9961 | I25: =+G25+H25 -> 21227.165 | J25: 12171.047 | K25: 9028.0512 | L25: =+J25+K25 -> 21199.098 | Q25: Min. | R25: =MIN(F24:F26) -> 21196.331 | S25: =MIN(I24:I26) -> 21212.638 | T25: =MIN(L24:L26) -> 21199.098
B26: A61 | C26: CPU_JTAG_TDO | D26: 12181.917 | E26: 9034.7283 | F26: =+D26+E26 -> 21216.646 | G26: 12181.917 | H26: 9030.7205 | I26: =+G26+H26 -> 21212.638 | J26: 12187.587 | K26: 9026.2008 | L26: =+J26+K26 -> 21213.787 | Q26: diff. | R26: =+R24-R25 -> 20.314961 | S26: =+S24-S25 -> 21.177165 | T26: =+T24-T25 -> 14.688976 | U26: Less than | V26: 100
B27: C60 | C27: CPU_JTAG_TMS | D27: 12186.823 | E27: 9036 | F27: =+D27+E27 -> 21222.823 | G27: 12186.823 | H27: 9033.622 | I27: =+G27+H27 -> 21220.445 | J27: 12173.319 | K27: 9048.3819 | L27: =+J27+K27 -> 21221.701 | U27: =IF(MAX(R26:T26)>V26,"Wrong","OK") -> OK
B28: B59 | C28: CPU_JTAG_TRST_N | D28: 12192.823 | E28: 9037.9606 | F28: =+D28+E28 -> 21230.783 | G28: 12192.823 | H28: 9031.8819 | I28: =+G28+H28 -> 21224.705 | J28: 12383.311 | K28: 8850.3346 | L28: =+J28+K28 -> 21233.646
D32: SITE1 | G32: SITE3 | J32: SITE5
B33: DDR_COMP | D33: DUT to | E33: Resistor to | F33: TOTAL | G33: DUT to | H33: Resistor to | I33: TOTAL | J33: DUT to | K33: Resistor to | L33: TOTAL
B34: Ball | C34: PIN Name | D34: Resistor | E34: Jcon. | G34: Resistor | H34: Jcon. | J34: Resistor | K34: Jcon. | Q34: =+B33 -> DDR_COMP | R34: SITE1 | S34: SITE3 | T34: SITE5
B35: AR18 | C35: DDR_COMP[0] | D35: 1682.1024 | E35: 7368.878 | F35: =+D35+E35 -> 9050.9803 | G35: 1056.2717 | H35: 8003.063 | I35: =+G35+H35 -> 9059.3346 | J35: 1094.0551 | K35: 7950.9567 | L35: =+J35+K35 -> 9045.0118 | Q35: Max. | R35: =MAX(F35:F37) -> 9063.5315 | S35: =MAX(I35:I37) -> 9074.5866 | T35: =MAX(L35:L37) -> 9070.8976
B36: AT18 | C36: DDR_COMP[1] | D36: 1056.1772 | E36: 7992.6024 | F36: =+D36+E36 -> 9048.7795 | G36: 1056.1772 | H36: 8018.4094 | I36: =+G36+H36 -> 9074.5866 | J36: 1054.4213 | K36: 8001.9488 | L36: =+J36+K36 -> 9056.3701 | Q36: Min. | R36: =MIN(F35:F37) -> 9048.7795 | S36: =MIN(I35:I37) -> 9059.3346 | T36: =MIN(L35:L37) -> 9045.0118
B37: AU18 | C37: DDR_COMP[2] | D37: 1012.2953 | E37: 8051.2362 | F37: =+D37+E37 -> 9063.5315 | G37: 1012.2953 | H37: 8054.622 | I37: =+G37+H37 -> 9066.9173 | J37: 1012.2953 | K37: 8058.6024 | L37: =+J37+K37 -> 9070.8976 | Q37: diff. | R37: =+R35-R36 -> 14.751969 | S37: =+S35-S36 -> 15.251969 | T37: =+T35-T36 -> 25.885827 | U37: Less than | V37: 100
U38: =IF(MAX(R37:T37)>V37,"Wrong","OK") -> OK
B41: MBP | D41: SITE1 | G41: SITE3 | J41: SITE5
B42: Ball | C42: PIN Name | D42: DUT to Jcon. | G42: DUT to Jcon. | J42: DUT to Jcon. | Q42: =+B41 -> MBP | R42: SITE1 | S42: SITE3 | T42: SITE5
B43: C55 | C43: MBP_N[0] | E43: 11040.539 | H43: 10994.76 | K43: 11056.067 | Q43: Max. | R43: =MAX(E43:E46) -> 11041.122 | S43: =MAX(H43:H46) -> 11034.528 | T43: =MAX(K43:K46) -> 11056.067
B44: D55 | C44: MBP_N[1] | E44: 10999.933 | H44: 11034.528 | K44: 11021.846 | Q44: Min. | R44: =MIN(E43:E46) -> 10999.933 | S44: =MIN(H43:H46) -> 10994.76 | T44: =MIN(K43:K46) -> 10996.358
B45: B54 | C45: MBP_N[2] | E45: 11018.752 | H45: 11020.508 | K45: 11015.874 | Q45: diff. | R45: =+R43-R44 -> 41.188976 | S45: =+S43-S44 -> 39.767717 | T45: =+T43-T44 -> 59.708661 | U45: Less than | V45: 100
B46: C56 | C46: MBP_N[3] | E46: 11041.122 | H46: 11012.717 | K46: 10996.358 | U46: =IF(MAX(R45:T45)>V45,"Wrong","OK") -> OK

Sheet NOA,DDI
C1: ITTO-620-0089 SKL ULT 2+2 X6 | W1: 41712
C2: NOA,DDI
P3: Less than | Q3: 1000 | R3: =IF(MAX(P13:R48)>Q3,"Wrong","OK") -> OK
D4: LENGTH(mil)
C5: PIN Name | D5: DUT to RELAY or Jcon. | G5: RELAY to Resistor | J5: RELAY-Jcon | M5: TOTAL | P5: Shared
B6: Ball | D6: SITE1 | E6: SITE3 | F6: SITE5 | G6: SITE1 | H6: SITE3 | I6: SITE5 | J6: SITE1 | K6: SITE3 | L6: SITE5 | M6: SITE1 | N6: SITE3 | O6: SITE5 | P6: SITE1 | Q6: SITE3 | R6: SITE5 | T6: NOA | U6: SITE1 | V6: SITE3 | W6: SITE5
B7: E68 | C7: NOA_N[0] | D7: 20825.772 | E7: 12951.516 | F7: 14329.807 | M7: =+D7+G7+J7 -> 20825.772 | N7: =+E7+H7+K7 -> 12951.516 | O7: =+F7+I7+L7 -> 14329.807 | T7: Max. | U7: =MAX(M7:M10,M13,M15,M17,M19,M21,M23,M25,M27,M29,M31,M33,M35,M37,M39,M41,M43) -> 20827.504 | V7: =MAX(N7:N10,N13,N15,N17,N19,N21,N23,N25,N27,N29,N31,N33,N35,N37,N39,N41,N43) -> 12951.996 | W7: =MAX(O7:O10,O13,O15,O17,O19,O21,O23,O25,O27,O29,O31,O33,O35,O37,O39,O41,O43) -> 14330.146
B8: B67 | C8: NOA_N[1] | D8: 20825.701 | E8: 12951.713 | F8: 14329.803 | M8: =+D8+G8+J8 -> 20825.701 | N8: =+E8+H8+K8 -> 12951.713 | O8: =+F8+I8+L8 -> 14329.803 | T8: Min. | U8: =MIN(M7:M10,M13,M15,M17,M19,M21,M23,M25,M27,M29,M31,M33,M35,M37,M39,M41,M43) -> 20823.457 | V8: =MIN(N7:N10,N13,N15,N17,N19,N21,N23,N25,N27,N29,N31,N33,N35,N37,N39,N41,N43) -> 12950.291 | W8: =MIN(O7:O10,O13,O15,O17,O19,O21,O23,O25,O27,O29,O31,O33,O35,O37,O39,O41,O43) -> 14327.713
B9: E63 | C9: NOA_STBN[0] | D9: 20825.85 | E9: 12951.996 | F9: 14329.783 | M9: =+D9+G9+J9 -> 20825.85 | N9: =+E9+H9+K9 -> 12951.996 | O9: =+F9+I9+L9 -> 14329.783 | T9: diff. | U9: =+U7-U8 -> 4.0472441 | V9: =+V7-V8 -> 1.7047244 | W9: =+W7-W8 -> 2.4330709 | X9: Less than | Y9: 100
B10: F63 | C10: NOA_STBP[0] | D10: 20825.988 | E10: 12951.228 | F10: 14330.146 | M10: =+D10+G10+J10 -> 20825.988 | N10: =+E10+H10+K10 -> 12951.228 | O10: =+F10+I10+L10 -> 14330.146 | X10: =IF(MAX(V9:W9)>Y9,"Wrong","OK") -> OK
B11: G50 | C11: DDI1_AUXN | D11: 19999.083 | E11: 12124.543 | F11: 14841.571 | M11: =+D11+G11+J11 -> 19999.083 | N11: =+E11+H11+K11 -> 12124.543 | O11: =+F11+I11+L11 -> 14841.571
B12: F50 | C12: DDI1_AUXP | D12: 19998.992 | E12: 12124.094 | F12: 14841.244 | M12: =+D12+G12+J12 -> 19998.992 | N12: =+E12+H12+K12 -> 12124.094 | O12: =+F12+I12+L12 -> 14841.244 | T12: DDI | U12: SITE1 | V12: SITE3 | W12: SITE5
A13: KA123.2 | B13: D68 | C13: NOA_N[6] | D13: 7873.1772 | E13: 7321.3071 | F13: 6219.6142 | J13: 12952.26 | K13: 5629.3071 | L13: 8109.3898 | M13: =+D13+G13+J13 -> 20825.437 | N13: =+E13+H13+K13 -> 12950.614 | O13: =+F13+I13+L13 -> 14329.004 | P13: =ABS(M13-M14) -> 827.20866 | Q13: =ABS(N13-N14) -> 826.74803 | R13: =ABS(O13-O14) -> 511.84252 | T13: Max. | U13: =MAX(M11:M12,M14,M16,M18,M20,M22,M24,M26,M28,M30,M32,M34,M36,M38,M40,M42,M44:M48) -> 20001.661 | V13: =MAX(N11:N12,N14,N16,N18,N20,N22,N24,N26,N28,N30,N32,N34,N36,N38,N40,N42,N44:N48) -> 12125.075 | W13: =MAX(O11:O12,O14,O16,O18,O20,O22,O24,O26,O28,O30,O32,O34,O36,O38,O40,O42,O44:O48) -> 14841.626
A14: KA123.2 | B14: F55 | C14: DDI1_TXP[0] | D14: 7045.9685 | E14: 6494.5591 | F14: 6731.4567 | J14: 12952.26 | K14: 5629.3071 | L14: 8109.3898 | M14: =+D14+G14+J14 -> 19998.228 | N14: =+E14+H14+K14 -> 12123.866 | O14: =+F14+I14+L14 -> 14840.846 | T14: Min. | U14: =MIN(M11:M12,M14,M16,M18,M20,M22,M24,M26,M28,M30,M32,M34,M36,M38,M40,M42,M44:M48) -> 19997.299 | V14: =MIN(N11:N12,N14,N16,N18,N20,N22,N24,N26,N28,N30,N32,N34,N36,N38,N40,N42,N44:N48) -> 12122.386 | W14: =MIN(O11:O12,O14,O16,O18,O20,O22,O24,O26,O28,O30,O32,O34,O36,O38,O40,O42,O44:O48) -> 14839.106
A15: KA123.8 | B15: D65 | C15: NOA_N[2] | D15: 7872.8898 | E15: 7321.9134 | F15: 6219.6693 | J15: 12952.201 | K15: 5628.6614 | L15: 8109.3583 | M15: =+D15+G15+J15 -> 20825.091 | N15: =+E15+H15+K15 -> 12950.575 | O15: =+F15+I15+L15 -> 14329.028 | P15: =ABS(M15-M16) -> 826.38583 | Q15: =ABS(N15-N16) -> 827.32677 | R15: =ABS(O15-O16) -> 512.59843 | T15: diff. | U15: =+U13-U14 -> 4.3622047 | V15: =+V13-V14 -> 2.6889764 | W15: =+W13-W14 -> 2.519685 | X15: Less than | Y15: 100
A16: KA123.8 | B16: E55 | C16: DDI1_TXN[0] | D16: 7046.5039 | E16: 6494.5866 | F16: 6732.2677 | J16: 12952.201 | K16: 5628.6614 | L16: 8109.3583 | M16: =+D16+G16+J16 -> 19998.705 | N16: =+E16+H16+K16 -> 12123.248 | O16: =+F16+I16+L16 -> 14841.626 | X16: =IF(MAX(V15:W15)>Y15,"Wrong","OK") -> OK
A17: KA124.2 | B17: C67 | C17: NOA_N[7] | D17: 9605.4449 | E17: 7321.5787 | F17: 6219.3189 | J17: 11218.957 | K17: 5629.185 | L17: 8108.6772 | M17: =+D17+G17+J17 -> 20824.402 | N17: =+E17+H17+K17 -> 12950.764 | O17: =+F17+I17+L17 -> 14327.996 | P17: =ABS(M17-M18) -> 826.98819 | Q17: =ABS(N17-N18) -> 826.30315 | R17: =ABS(O17-O18) -> 511.94488
A18: KA124.2 | B18: F58 | C18: DDI1_TXP[1] | D18: 8778.4567 | E18: 6495.2756 | F18: 6731.2638 | J18: 11218.957 | K18: 5629.185 | L18: 8108.6772 | M18: =+D18+G18+J18 -> 19997.413 | N18: =+E18+H18+K18 -> 12124.461 | O18: =+F18+I18+L18 -> 14839.941
A19: KA124.8 | B19: D67 | C19: NOA_N[3] | D19: 1180.0433 | E19: 2755.4331 | F19: 3936.437 | G19: 8423.4488 | H19: 4566.3268 | I19: 2282.3465 | J19: 11219.965 | K19: 5629.2205 | L19: 8110.0079 | M19: =+D19+G19+J19 -> 20823.457 | N19: =+E19+H19+K19 -> 12950.98 | O19: =+F19+I19+L19 -> 14328.791 | P19: =ABS(M19-M20) -> 824.70472 | Q19: =ABS(N19-N20) -> 826.75197 | R19: =ABS(O19-O20) -> 512.11417
A20: KA124.8 | B20: E58 | C20: DDI1_TXN[1] | D20: 8778.7874 | E20: 6495.0079 | F20: 6730.8976 | J20: 11219.965 | K20: 5629.2205 | L20: 8110.0079 | M20: =+D20+G20+J20 -> 19998.752 | N20: =+E20+H20+K20 -> 12124.228 | O20: =+F20+I20+L20 -> 14840.906
A21: KA125.2 | B21: F71 | C21: NOA_N[8] | D21: 9487.6693 | E21: 7321.9843 | F21: 6219.5591 | J21: 11337.72 | K21: 5628.9331 | L21: 8108.8583 | M21: =+D21+G21+J21 -> 20825.39 | N21: =+E21+H21+K21 -> 12950.917 | O21: =+F21+I21+L21 -> 14328.417 | P21: =ABS(M21-M22) -> 827.74409 | Q21: =ABS(N21-N22) -> 826.72441 | R21: =ABS(O21-O22) -> 512.05906
A22: KA125.2 | B22: G53 | C22: DDI1_TXP[2] | D22: 8659.9252 | E22: 6495.2598 | F22: 6731.6181 | J22: 11337.72 | K22: 5628.9331 | L22: 8108.8583 | M22: =+D22+G22+J22 -> 19997.646 | N22: =+E22+H22+K22 -> 12124.193 | O22: =+F22+I22+L22 -> 14840.476
A23: KA125.8 | B23: E70 | C23: NOA_N[4] | D23: 9487.2008 | E23: 7322.0906 | F23: 6219.4882 | J23: 11337.917 | K23: 5629.2008 | L23: 8109.5669 | M23: =+D23+G23+J23 -> 20825.118 | N23: =+E23+H23+K23 -> 12951.291 | O23: =+F23+I23+L23 -> 14329.055 | P23: =ABS(M23-M24) -> 827.61811 | Q23: =ABS(N23-N24) -> 826.62992 | R23: =ABS(O23-O24) -> 511.86614
A24: KA125.8 | B24: F53 | C24: DDI1_TXN[2] | D24: 8659.5827 | E24: 6495.4606 | F24: 6731.3543 | J24: 11337.917 | K24: 5629.2008 | L24: 8109.5669 | M24: =+D24+G24+J24 -> 19997.5 | N24: =+E24+H24+K24 -> 12124.661 | O24: =+F24+I24+L24 -> 14840.921
A25: KA126.2 | B25: G69 | C25: NOA_N[9] | D25: 9605.2874 | E25: 7322.126 | F25: 6219.5945 | J25: 11219.902 | K25: 5628.4488 | L25: 8109.811 | M25: =+D25+G25+J25 -> 20825.189 | N25: =+E25+H25+K25 -> 12950.575 | O25: =+F25+I25+L25 -> 14329.406 | P25: =ABS(M25-M26) -> 825.94094 | Q25: =ABS(N25-N26) -> 828.18898 | R25: =ABS(O25-O26) -> 511.77165
A26: KA126.2 | B26: G56 | C26: DDI1_TXP[3] | D26: 8779.3465 | E26: 6493.937 | F26: 6731.3661 | J26: 11219.902 | K26: 5628.4488 | L26: 8109.811 | M26: =+D26+G26+J26 -> 19999.248 | N26: =+E26+H26+K26 -> 12122.386 | O26: =+F26+I26+L26 -> 14841.177
A27: KA126.8 | B27: C68 | C27: NOA_N[5] | D27: 9605.7323 | E27: 7321.9921 | F27: 6219.752 | J27: 11219.283 | K27: 5629.1299 | L27: 8109.6299 | M27: =+D27+G27+J27 -> 20825.016 | N27: =+E27+H27+K27 -> 12951.122 | O27: =+F27+I27+L27 -> 14329.382 | P27: =ABS(M27-M28) -> 827.71654 | Q27: =ABS(N27-N28) -> 828.40945 | R27: =ABS(O27-O28) -> 511.70079
A28: KA126.8 | B28: F56 | C28: DDI1_TXN[3] | D28: 8778.0157 | E28: 6493.5827 | F28: 6731.4528 | J28: 11219.283 | K28: 5629.1299 | L28: 8109.6299 | M28: =+D28+G28+J28 -> 19997.299 | N28: =+E28+H28+K28 -> 12122.713 | O28: =+F28+I28+L28 -> 14841.083
A29: KA127.2 | B29: H69 | C29: NOA_N[14] | D29: 7873.8189 | E29: 7321.7362 | F29: 6219.8386 | J29: 12952.717 | K29: 5629.378 | L29: 8109.2717 | M29: =+D29+G29+J29 -> 20826.535 | N29: =+E29+H29+K29 -> 12951.114 | O29: =+F29+I29+L29 -> 14329.11 | P29: =ABS(M29-M30) -> 827.40551 | Q29: =ABS(N29-N30) -> 826.77559 | R29: =ABS(O29-O30) -> 511.30315
A30: KA127.2 | B30: D50 | C30: DDI2_TXP[0] | D30: 7046.4134 | E30: 6494.9606 | F30: 6731.1417 | J30: 12952.717 | K30: 5629.378 | L30: 8109.2717 | M30: =+D30+G30+J30 -> 19999.13 | N30: =+E30+H30+K30 -> 12124.339 | O30: =+F30+I30+L30 -> 14840.413
A31: KA127.8 | B31: F70 | C31: NOA_N[10] | D31: 7872.0591 | E31: 7322.4685 | F31: 6219.4055 | J31: 12951.563 | K31: 5629.0906 | L31: 8109.7756 | M31: =+D31+G31+J31 -> 20823.622 | N31: =+E31+H31+K31 -> 12951.559 | O31: =+F31+I31+L31 -> 14329.181 | P31: =ABS(M31-M32) -> 825.78346 | Q31: =ABS(N31-N32) -> 827.41732 | R31: =ABS(O31-O32) -> 511.69685
A32: KA127.8 | B32: C50 | C32: DDI2_TXN[0] | D32: 7046.2756 | E32: 6495.0512 | F32: 6731.1024 | J32: 12951.563 | K32: 5629.0906 | L32: 8109.7756 | M32: =+D32+G32+J32 -> 19997.839 | N32: =+E32+H32+K32 -> 12124.142 | O32: =+F32+I32+L32 -> 14840.878
